model_name,brand,processor_name,ram(GB),ssd(GB),Hard Disk(GB),graphics,Operating System,screen_size(inches),resolution (pixels),no_of_cores,no_of_threads,spec_score,price,cpu_score,gpu_score,ram_score,storage_score,gaming_score,editing_score,daily_score,all_rounder_score,performance_score,usage_category,budget_category,recommendation_note,cpu_score_source,gpu_score_source
Lenovo V15 ITL G2 82KBA033IH Laptop,Lenovo,11th Gen Core i3,8,512,0,Intel Integrated UHD,Windows,15.6,1920 x 1080,2,4,62,33921,54.52,16.42,55,75,40.52,48.19,58.0,49.21,46.26,Daily Use,Low Budget,"Cocok untuk penggunaan harian seperti browsing, mengetik, meeting online, dan tugas ringan; Memiliki storage yang mendukung workflow lebih cepat",benchmark,benchmark
HP Pavilion 15-ec2004AX Gaming Laptop,HP,AMD Ryzen 5 5600H,8,512,0,4 GB NVIDIA GeForce GTX 1650,Windows,15.6,1920 x 1080,6,12,66,56150,73.2,77.12,55,75,72.5,69.9,69.67,69.99,71.01,Gaming,Mid Budget,Cocok untuk gaming dan kebutuhan grafis tinggi; Memiliki storage yang mendukung workflow lebih cepat,benchmark,benchmark
Lenovo V15 82KBA03HIH Laptop,Lenovo,11th Gen Core i3,8,256,1000,Intel Integrated UHD,Windows,15.6,1920 x 1080,2,4,66,35499,54.52,16.42,55,65,39.02,46.69,54.5,47.21,44.76,Daily Use,Low Budget,"Cocok untuk penggunaan harian seperti browsing, mengetik, meeting online, dan tugas ringan",benchmark,benchmark
Asus Vivobook 16X 2022 M1603QA-MB502WS Laptop,Asus,Ryzen 5-5600H,8,512,0,AMD Radeon Vega 7,Windows,16.0,1200 x 1920,6,12,66,48990,73.2,17.26,55,75,45.57,54.94,63.69,55.03,53.05,Daily Use,Low Budget,"Cocok untuk penggunaan harian seperti browsing, mengetik, meeting online, dan tugas ringan; Memiliki storage yang mendukung workflow lebih cepat",benchmark,benchmark
HP 15s-fr4000TU Laptop,HP,11th Gen Core i5,8,512,0,Intel Integrated Iris Xe,Windows,15.6,1920 x 1080,4,8,63,52990,71.0,28.12,55,75,49.9,56.88,64.11,57.08,55.54,Daily Use,Low Budget,"Cocok untuk penggunaan harian seperti browsing, mengetik, meeting online, dan tugas ringan; Memiliki storage yang mendukung workflow lebih cepat",fallback,benchmark
Lenovo IdeaPad Gaming 3 82K101ECIN Laptop,Lenovo,11th Gen Core i5,8,256,1000,4 GB NVIDIA GeForce GTX 1650,Windows,15.6,1920 x 1080,4,8,73,56700,71.0,77.12,55,65,70.45,67.63,65.51,67.33,68.74,Gaming,Mid Budget,Cocok untuk gaming dan kebutuhan grafis tinggi,fallback,benchmark
Infinix Zero Book Ultra Laptop,Infinix,12th Gen Core i9,16,512,0,Missing,Windows,15.6,1920 x 1080,14,20,65,87620,100.0,35.0,80,75,64.0,75.0,79.75,73.75,72.75,Editing,High Budget,"Cocok untuk editing video, desain grafis, dan rendering ringan; Cocok untuk programming dan multitasking; Memiliki storage yang mendukung workflow lebih cepat",benchmark,fallback
HP 15s-eq1559AU Laptop,HP,AMD Athlon Silver 3050U,8,512,0,AMD Radeon Graphics,Windows,15.6,1366 x 768,2,2,57,29212,13.61,73.06,55,75,55.78,48.03,51.39,51.1,48.93,Gaming,Low Budget,Cocok untuk gaming dan kebutuhan grafis tinggi; Memiliki storage yang mendukung workflow lebih cepat,benchmark,benchmark
Dell Inspiron 3520 Laptop,Dell,12th Gen Core i3,8,512,0,Intel UHD Graphics,Windows,15.6,1920 x 1080,6,8,61,44087,54.52,16.42,55,75,40.52,48.19,58.0,49.21,46.26,Daily Use,Low Budget,"Cocok untuk penggunaan harian seperti browsing, mengetik, meeting online, dan tugas ringan; Memiliki storage yang mendukung workflow lebih cepat",benchmark,benchmark
Dell Inspiron 3511 Laptop,Dell,11th Gen Core i3,8,512,0,Intel UHD Graphics,Windows,15.56,1920 x 1080,2,4,59,38800,54.52,16.42,55,75,40.52,48.19,58.0,49.21,46.26,Daily Use,Low Budget,"Cocok untuk penggunaan harian seperti browsing, mengetik, meeting online, dan tugas ringan; Memiliki storage yang mendukung workflow lebih cepat",benchmark,benchmark
Asus Vivobook Pro 15 OLED M6500QH-HN701WS Laptop,Asus,Ryzen 7 5800H,16,512,0,4 GB NVIDIA GeForce GTX 1650,Windows,15.6,1920 x 1080,8,16,68,65990,91.22,77.12,80,75,80.76,82.46,81.33,81.65,82.31,Gaming,Mid Budget,Cocok untuk gaming dan kebutuhan grafis tinggi; Cocok untuk programming dan multitasking; Cocok untuk AI ringan dan image processing; Memiliki storage yang mendukung workflow lebih cepat,benchmark,benchmark
Apple MacBook Air 2020 MGND3HN Laptop,Apple,Apple M1,8,256,0,Apple M1 Integrated Graphics,Mac,13.3,2560 x 1600,8,0,47,83900,100.0,25.0,55,60,53.5,64.0,67.25,62.0,62.5,Daily Use,Mid Budget,"Cocok untuk penggunaan harian seperti browsing, mengetik, meeting online, dan tugas ringan",benchmark,fallback
HP 15s-fq5007TU Laptop,HP,12th Gen Core i3,8,512,0,Intel UHD Graphics,Windows,15.6,1920 x 1080,6,8,60,46790,54.52,16.42,55,75,40.52,48.19,58.0,49.21,46.26,Daily Use,Low Budget,"Cocok untuk penggunaan harian seperti browsing, mengetik, meeting online, dan tugas ringan; Memiliki storage yang mendukung workflow lebih cepat",benchmark,benchmark
HP 15s-fq5111TU Laptop,HP,12th Gen Core i5,8,512,0,Intel Iris Xe,Windows,15.6,1920 x 1080,10,12,61,58530,99.91,28.12,55,75,57.13,67.0,72.78,65.75,65.65,Daily Use,Mid Budget,"Cocok untuk penggunaan harian seperti browsing, mengetik, meeting online, dan tugas ringan; Memiliki storage yang mendukung workflow lebih cepat",benchmark,benchmark
Dell Inspiron 3520 D560871WIN9B Laptop,Dell,12th Gen Core i5,8,512,0,Intel UHD Graphics,Windows,15.6,1920 x 1080,10,12,55,57223,99.91,16.42,55,75,51.87,64.07,71.61,62.83,62.14,Daily Use,Mid Budget,"Cocok untuk penggunaan harian seperti browsing, mengetik, meeting online, dan tugas ringan; Memiliki storage yang mendukung workflow lebih cepat",benchmark,benchmark
Asus TUF Gaming A15 FA506IHRZ-HN111W Laptop,Asus,AMD Ryzen 5 4600H,8,512,0,4 GB NVIDIA GeForce GTX 1650,Windows,15.6,1920 x 1080,6,12,69,49990,62.82,77.12,55,75,69.91,66.27,66.56,66.88,67.37,Gaming,Low Budget,Cocok untuk gaming dan kebutuhan grafis tinggi; Memiliki storage yang mendukung workflow lebih cepat,benchmark,benchmark
HP 15s-er1501AU Laptop,HP,AMD Ryzen 3 3250U,8,256,0,AMD Radeon,Windows,15.6,1920 x 1080,2,4,57,28490,17.49,7.39,55,60,24.95,30.72,40.74,32.84,28.34,Daily Use,Low Budget,"Cocok untuk penggunaan harian seperti browsing, mengetik, meeting online, dan tugas ringan",benchmark,benchmark
HP Victus 15-fb0040AX Gaming Laptop,HP,AMD Ryzen 5 5600H,8,512,0,4 GB NVIDIA GeForce GTX 1650,Windows,15.6,1920 x 1080,6,12,72,59800,73.2,77.12,55,75,72.5,69.9,69.67,69.99,71.01,Gaming,Mid Budget,Cocok untuk gaming dan kebutuhan grafis tinggi; Memiliki storage yang mendukung workflow lebih cepat,benchmark,benchmark
Realme Book Slim Laptop,Realme,11th Gen Core i5,8,512,0,Intel Iris Xe Graphics,Windows,14.0,1440 x 2160,4,8,61,49990,71.0,28.12,55,75,49.9,56.88,64.11,57.08,55.54,Daily Use,Low Budget,"Cocok untuk penggunaan harian seperti browsing, mengetik, meeting online, dan tugas ringan; Memiliki storage yang mendukung workflow lebih cepat",fallback,benchmark
Asus Vivobook 16X 2022 M1603QA-MB511WS Laptop,Asus,Ryzen 5-5600H,16,512,0,AMD Radeon Vega 7 Graphics,Windows,16.0,1920 x 1200,6,12,67,53990,73.2,17.26,80,75,49.32,61.18,69.94,61.28,58.05,Daily Use,Low Budget,"Cocok untuk penggunaan harian seperti browsing, mengetik, meeting online, dan tugas ringan; Memiliki storage yang mendukung workflow lebih cepat",benchmark,benchmark
Apple MacBook Air 2022 Laptop,Apple,Apple M2,8,256,0,8-Core GPU,Mac,13.6,2560 x 1664,8,0,48,107990,100.0,35.0,55,60,58.0,66.5,68.25,64.5,65.5,Daily Use,High Budget,"Cocok untuk penggunaan harian seperti browsing, mengetik, meeting online, dan tugas ringan",benchmark,fallback
Asus VivoBook 14 X415JA-BV301WS Laptop,Asus,10th Gen Core i3,8,0,1000,Intel UHD Graphics,Windows,14.0,1920 x 1080,2,4,51,29890,54.52,16.42,55,50,36.77,44.44,49.25,44.21,42.51,Daily Use,Low Budget,"Cocok untuk penggunaan harian seperti browsing, mengetik, meeting online, dan tugas ringan",benchmark,benchmark
HP 15s-fq2717TU Laptop,HP,11th Gen Core i3,8,512,0,Intel Integrated UHD,Windows,15.6,1920 x 1080,2,4,56,41900,54.52,16.42,55,75,40.52,48.19,58.0,49.21,46.26,Daily Use,Low Budget,"Cocok untuk penggunaan harian seperti browsing, mengetik, meeting online, dan tugas ringan; Memiliki storage yang mendukung workflow lebih cepat",benchmark,benchmark
Lenovo V15 ‎82C70005UK Laptop,Lenovo,AMD Ryzen 5 5500U,8,512,0,AMD Radeon Graphics,Windows,15.6,1920 x 1080,6,12,60,38480,56.3,73.06,55,75,66.45,62.97,64.2,63.9,63.87,Gaming,Low Budget,Cocok untuk gaming dan kebutuhan grafis tinggi; Memiliki storage yang mendukung workflow lebih cepat,benchmark,benchmark
Lenovo V15 82KDA00XIH Laptop,Lenovo,AMD Ryzen 5 5500U,8,512,0,AMD Radeon Graphics,Windows,15.6,1920 x 1080,6,12,55,38489,56.3,73.06,55,75,66.45,62.97,64.2,63.9,63.87,Gaming,Low Budget,Cocok untuk gaming dan kebutuhan grafis tinggi; Memiliki storage yang mendukung workflow lebih cepat,benchmark,benchmark
Lenovo E41-55 82FJ00AGIH Laptop,Lenovo,Athlon Gold 3150U,4,256,0,AMD Radeon RADEON,Windows,14.0,1920 x 1080,2,4,41,18990,17.65,7.39,30,60,21.24,24.52,34.53,26.64,23.39,Daily Use,Low Budget,"Cocok untuk penggunaan harian seperti browsing, mengetik, meeting online, dan tugas ringan",benchmark,benchmark
Asus VivoBook 15 X1500EA-EJ322WS Laptop,Asus,11th Gen Core i3,8,512,0,Intel UHD Graphics,Windows,15.6,1920 x 1080,2,4,41,35978,54.52,16.42,55,75,40.52,48.19,58.0,49.21,46.26,Daily Use,Low Budget,"Cocok untuk penggunaan harian seperti browsing, mengetik, meeting online, dan tugas ringan; Memiliki storage yang mendukung workflow lebih cepat",benchmark,benchmark
HP Victus 15-fa0165TX Laptop,HP,12th Gen Core i5,8,512,0,4 GB NVIDIA GeForce GTX 1650,Windows,15.6,1920 x 1080,8,12,73,69990,99.91,77.12,55,75,79.18,79.25,77.68,78.0,80.35,Gaming,Mid Budget,Cocok untuk gaming dan kebutuhan grafis tinggi; Cocok untuk AI ringan dan image processing; Memiliki storage yang mendukung workflow lebih cepat,benchmark,benchmark
HP 15s-FR2511TU Laptop,HP,11th Gen Core i3,8,512,0,Intel UHD Graphics,Windows,15.6,1920 x 1080,2,4,60,40880,54.52,16.42,55,75,40.52,48.19,58.0,49.21,46.26,Daily Use,Low Budget,"Cocok untuk penggunaan harian seperti browsing, mengetik, meeting online, dan tugas ringan; Memiliki storage yang mendukung workflow lebih cepat",benchmark,benchmark
Asus TUF Gaming A17 FA706IHRB-HX041W Gaming Laptop,Asus,AMD Ryzen 5 4600H,8,512,0,4 GB NVIDIA GeForce GTX 1650,Windows,17.3,1920 x 1080,6,12,67,52990,62.82,77.12,55,75,69.91,66.27,66.56,66.88,67.37,Gaming,Low Budget,Cocok untuk gaming dan kebutuhan grafis tinggi; Memiliki storage yang mendukung workflow lebih cepat,benchmark,benchmark
HP Pavilion 15-eg2009TU Laptop,HP,12th Gen Core i5,8,512,0,Intel Iris Xe,Windows,15.6,1920 x 1080,12,16,62,62990,99.91,28.12,55,75,57.13,67.0,72.78,65.75,65.65,Daily Use,Mid Budget,"Cocok untuk penggunaan harian seperti browsing, mengetik, meeting online, dan tugas ringan; Memiliki storage yang mendukung workflow lebih cepat",benchmark,benchmark
HP 15s- eq2212AU Laptop,HP,AMD Ryzen 3 5300U,8,512,0,AMD Radeon Graphics,Windows,15.6,1920 x 1080,4,8,59,37990,43.04,73.06,55,75,63.14,58.33,60.22,59.93,59.23,Gaming,Low Budget,Cocok untuk gaming dan kebutuhan grafis tinggi; Memiliki storage yang mendukung workflow lebih cepat,benchmark,benchmark
Dell Inspiron 3520 Laptop,Dell,12th Gen Core i5,8,256,1000,Intel Iris Xe Graphics,Windows,15.6,1920 x 1080,10,12,53,57990,99.91,28.12,55,65,55.63,65.5,69.28,63.75,64.15,Daily Use,Mid Budget,"Cocok untuk penggunaan harian seperti browsing, mengetik, meeting online, dan tugas ringan",benchmark,benchmark
HP 245 G8 62G68PA Laptop,HP,AMD Ryzen 3  3250U,8,0,1000,AMD Radeon Graphics,Windows,14.0,1920 x 1080,2,4,59,27890,17.49,73.06,55,50,53.0,45.64,43.8,47.26,46.54,Gaming,Low Budget,Cocok untuk gaming dan kebutuhan grafis tinggi,benchmark,benchmark
Acer One 14 Z2-493 Laptop,Acer,AMD Ryzen 3 3250U,4,256,0,AMD Radeon Radeon Graphics,Windows,14.0,1366 x 768,2,4,50,20990,17.49,73.06,30,60,50.75,40.89,41.05,43.01,43.04,Gaming,Low Budget,Cocok untuk gaming dan kebutuhan grafis tinggi,benchmark,benchmark
Acer Aspire 7 A715-51G NH.QGCSI.001 Gaming Laptop,Acer,12th Gen Core i5,8,512,0,4 GB NVIDIA GeForce RTX 3050,Windows,15.6,1920 x 1080,12,16,74,64990,99.91,100.0,55,75,89.48,84.97,79.97,83.72,87.22,Gaming,Mid Budget,Cocok untuk gaming dan kebutuhan grafis tinggi; Cocok untuk AI ringan dan image processing; Memiliki storage yang mendukung workflow lebih cepat,benchmark,benchmark
Dell Inspiron 5320 Laptop,Dell,12th Gen Core i7,16,512,0,Intel Integrated UHD,Windows,13.3,1920 x 1080,12,16,65,84918,100.0,16.42,80,75,55.64,70.36,77.89,69.1,67.18,Daily Use,Mid Budget,"Cocok untuk penggunaan harian seperti browsing, mengetik, meeting online, dan tugas ringan; Cocok untuk programming dan multitasking; Memiliki storage yang mendukung workflow lebih cepat",benchmark,benchmark
MSI Bravo 15 B5DD-410IN Gaming Laptop,MSI,Ryzen 5 5600H,8,512,0,4 GB AMD Radeon RX 5500M,Windows,15.6,1920 x 1080,6,12,68,47990,73.2,40.09,55,75,55.84,60.64,65.97,60.73,59.9,Daily Use,Low Budget,"Cocok untuk penggunaan harian seperti browsing, mengetik, meeting online, dan tugas ringan; Memiliki storage yang mendukung workflow lebih cepat",benchmark,benchmark
Lenovo IdeaPad Flex 5 82R9008GIN Laptop,Lenovo,AMD Ryzen 5 5500U,16,512,0,AMD Radeon,Windows,14.0,1920 x 1200,6,12,74,61100,56.3,7.39,80,75,40.65,52.8,63.88,53.74,49.17,Daily Use,Mid Budget,"Cocok untuk penggunaan harian seperti browsing, mengetik, meeting online, dan tugas ringan; Memiliki storage yang mendukung workflow lebih cepat",benchmark,benchmark
HP Victus 15-fa0070TX Laptop,HP,12th Gen Core i5,8,512,0,4 GB NVIDIA GeForce GTX 1650,Windows,15.6,1920 x 1080,8,12,71,67990,99.91,77.12,55,75,79.18,79.25,77.68,78.0,80.35,Gaming,Mid Budget,Cocok untuk gaming dan kebutuhan grafis tinggi; Cocok untuk AI ringan dan image processing; Memiliki storage yang mendukung workflow lebih cepat,benchmark,benchmark
Lenovo IdeaPad Slim 1 82R10049IN Laptop,Lenovo,AMD Ryzen 3 3250U,8,512,0,AMD Radeon Graphics,Windows,15.6,1920 x 1080,2,4,60,34300,17.49,73.06,55,75,56.75,49.39,52.55,52.26,50.29,Gaming,Low Budget,Cocok untuk gaming dan kebutuhan grafis tinggi; Memiliki storage yang mendukung workflow lebih cepat,benchmark,benchmark
Asus Vivobook S15 OLED K3502ZA-L501WS Laptop,Asus,12th Gen Core i5,16,512,0,Intel Iris XE Graphics,Windows,15.6,1920 x 1080,12,16,65,73000,99.91,28.12,80,75,60.88,73.25,79.04,72.0,70.65,Daily Use,Mid Budget,"Cocok untuk penggunaan harian seperti browsing, mengetik, meeting online, dan tugas ringan; Cocok untuk programming dan multitasking; Memiliki storage yang mendukung workflow lebih cepat",benchmark,benchmark
Lenovo IdeaPad D330 82H0001YIN Laptop,Lenovo,Celeron N4020,4,0,128,Intel UHD Graphics 600,Windows,10.1,1200 x 800,4,2,49,22999,7.3,16.42,30,30,18.21,18.66,21.83,19.8,17.98,Daily Use,Low Budget,"Cocok untuk penggunaan harian seperti browsing, mengetik, meeting online, dan tugas ringan",benchmark,benchmark
Infinix INBook X1 XL11 Laptop,Infinix,10th Gen Core i3,8,256,0,Intel Integrated UHD,Windows,14.0,1920 x 1080,2,4,44,37999,54.52,16.42,55,60,38.27,45.94,52.75,46.21,44.01,Daily Use,Low Budget,"Cocok untuk penggunaan harian seperti browsing, mengetik, meeting online, dan tugas ringan",benchmark,benchmark
Realme Book Slim Laptop,Realme,11th Gen Core i5,8,512,0,Intel Iris Xe Graphics,Windows,14.0,1440 x 2160,4,8,61,39990,71.0,28.12,55,75,49.9,56.88,64.11,57.08,55.54,Daily Use,Low Budget,"Cocok untuk penggunaan harian seperti browsing, mengetik, meeting online, dan tugas ringan; Memiliki storage yang mendukung workflow lebih cepat",fallback,benchmark
Infinix Zero Book Series ZL12 Laptop,Infinix,12th Gen Core i7,16,512,0,Intel Integrated Iris Xe,Windows,15.6,1920 x 1080,14,20,63,64990,100.0,28.12,80,75,60.9,73.28,79.06,72.03,70.69,Daily Use,Mid Budget,"Cocok untuk penggunaan harian seperti browsing, mengetik, meeting online, dan tugas ringan; Cocok untuk programming dan multitasking; Memiliki storage yang mendukung workflow lebih cepat",benchmark,benchmark
Asus VivoBook 15 X1500EA-EJ701W Laptop,Asus,11th Gen Core i7,16,512,0,Intel Iris Xe Graphics,Windows,15.6,1920 x 1080,4,8,63,56799,86.0,28.12,80,75,57.4,68.38,74.86,67.83,65.79,Daily Use,Mid Budget,"Cocok untuk penggunaan harian seperti browsing, mengetik, meeting online, dan tugas ringan; Cocok untuk programming dan multitasking; Memiliki storage yang mendukung workflow lebih cepat",fallback,benchmark
Lenovo IdeaPad Gaming 3 82K201YAIN Laptop,Lenovo,AMD Ryzen 5 5600H,8,512,0,4 GB NVIDIA GeForce GTX 1650,Windows,15.6,1920 x 1080,6,12,69,55990,73.2,77.12,55,75,72.5,69.9,69.67,69.99,71.01,Gaming,Mid Budget,Cocok untuk gaming dan kebutuhan grafis tinggi; Memiliki storage yang mendukung workflow lebih cepat,benchmark,benchmark
Asus Vivobook Pro 14 OLED M3400QA-KM502WS Gaming Laptop,Asus,Ryzen 5 5600H,8,512,0,AMD Radeon Graphics,Windows,14.0,2880 x 1800,6,12,69,53000,73.2,73.06,55,75,70.68,68.89,69.27,68.97,69.79,Gaming,Low Budget,Cocok untuk gaming dan kebutuhan grafis tinggi; Memiliki storage yang mendukung workflow lebih cepat,benchmark,benchmark
HP Pavilion x360 14-ek0074TU Laptop,HP,12th Gen Core i5,16,512,0,Intel Integrated Iris Xe,Windows,14.0,1920 x 1080,10,12,68,73490,99.91,28.12,80,75,60.88,73.25,79.04,72.0,70.65,Daily Use,Mid Budget,"Cocok untuk penggunaan harian seperti browsing, mengetik, meeting online, dan tugas ringan; Cocok untuk programming dan multitasking; Memiliki storage yang mendukung workflow lebih cepat",benchmark,benchmark
Lenovo IdeaPad Gaming 3 82K201UEIN Laptop,Lenovo,AMD Ryzen 5-5600H,8,512,0,4 GB NVIDIA GeForce GTX 1650,Windows,15.6,1920 x 1080,6,12,69,58490,73.2,77.12,55,75,72.5,69.9,69.67,69.99,71.01,Gaming,Mid Budget,Cocok untuk gaming dan kebutuhan grafis tinggi; Memiliki storage yang mendukung workflow lebih cepat,benchmark,benchmark
Asus Vivobook Pro 15 OLED M6500IH-HN701WS Laptop,Asus,Ryzen 7-4800H,16,512,0,4 GB NVIDIA GeForce GTX 1650 Max Q,Windows,15.6,1920 x 1080,8,16,69,58990,81.04,77.12,80,75,78.21,78.89,78.27,78.59,78.75,Gaming,Mid Budget,Cocok untuk gaming dan kebutuhan grafis tinggi; Cocok untuk programming dan multitasking; Cocok untuk AI ringan dan image processing; Memiliki storage yang mendukung workflow lebih cepat,benchmark,benchmark
Asus TUF Gaming A15 FA506IHRZ-HN111W Laptop,Asus,AMD Ryzen 5 4600H,8,512,0,4 GB NVIDIA GeForce GTX 1650,Windows,15.6,1920 x 1080,6,12,69,54990,62.82,77.12,55,75,69.91,66.27,66.56,66.88,67.37,Gaming,Low Budget,Cocok untuk gaming dan kebutuhan grafis tinggi; Memiliki storage yang mendukung workflow lebih cepat,benchmark,benchmark
HP Victus 15-fb0050AX Gaming Laptop,HP,AMD Ryzen 5 5600H,8,512,0,4 GB NVIDIA GeForce RTX 3050,Windows,15.6,1920 x 1080,6,12,72,67600,73.2,100.0,55,75,82.8,75.62,71.96,75.71,77.87,Gaming,Mid Budget,Cocok untuk gaming dan kebutuhan grafis tinggi; Memiliki storage yang mendukung workflow lebih cepat,benchmark,benchmark
Lenovo IdeaPad Slim 5 82SF008YIN Laptop,Lenovo,12th Gen Core i5,16,512,0,Intel Iris Xe Graphics,Windows,15.6,1920 x 1080,10,12,66,72490,99.91,28.12,80,75,60.88,73.25,79.04,72.0,70.65,Daily Use,Mid Budget,"Cocok untuk penggunaan harian seperti browsing, mengetik, meeting online, dan tugas ringan; Cocok untuk programming dan multitasking; Memiliki storage yang mendukung workflow lebih cepat",benchmark,benchmark
Acer Aspire 5 A515-57G UN.K9TSI.002 Gaming Laptop,Acer,12th Gen Core i5,16,512,0,4 GB NVIDIA GeForce RTX 2050,Windows,15.6,1920 x 1080,12,16,69,62990,99.91,79.07,80,75,83.81,85.99,84.13,84.74,85.94,Gaming,Mid Budget,Cocok untuk gaming dan kebutuhan grafis tinggi; Cocok untuk programming dan multitasking; Cocok untuk AI ringan dan image processing; Memiliki storage yang mendukung workflow lebih cepat,benchmark,benchmark
Asus VivoBook 15 X1500EA-EJ322WS Laptop,Asus,11th Gen Core i3,8,512,0,Intel UHD Graphics,Windows,15.6,1920 x 1080,2,4,41,35325,54.52,16.42,55,75,40.52,48.19,58.0,49.21,46.26,Daily Use,Low Budget,"Cocok untuk penggunaan harian seperti browsing, mengetik, meeting online, dan tugas ringan; Memiliki storage yang mendukung workflow lebih cepat",benchmark,benchmark
HP 14s-dy5005TU Laptop,HP,12th Gen Core i5,16,512,0,Intel Integrated Intel Iris Xe Graphics,Windows,14.0,1920 x 1080,10,12,57,63990,99.91,28.12,80,75,60.88,73.25,79.04,72.0,70.65,Daily Use,Mid Budget,"Cocok untuk penggunaan harian seperti browsing, mengetik, meeting online, dan tugas ringan; Cocok untuk programming dan multitasking; Memiliki storage yang mendukung workflow lebih cepat",benchmark,benchmark
Asus Vivobook 15 2022 X1502ZA-EJ312WS Laptop,Asus,12th Gen Core i3,8,512,0,Intel Iris Xe,Windows,15.6,1920 x 1080,10,12,54,42300,54.52,28.12,55,75,45.78,51.11,59.17,52.14,49.77,Daily Use,Low Budget,"Cocok untuk penggunaan harian seperti browsing, mengetik, meeting online, dan tugas ringan; Memiliki storage yang mendukung workflow lebih cepat",benchmark,benchmark
Lenovo IdeaPad Slim 3 82RK0062IN Laptop,Lenovo,12th Gen Core i5,8,512,0,‎Intel Iris Xe Graphics,Windows,15.6,1920 x 1080,10,12,55,58490,99.91,28.12,55,75,57.13,67.0,72.78,65.75,65.65,Daily Use,Mid Budget,"Cocok untuk penggunaan harian seperti browsing, mengetik, meeting online, dan tugas ringan; Memiliki storage yang mendukung workflow lebih cepat",benchmark,benchmark
MSI Thin GF63 11SC-852IN Gaming Laptop,MSI,11th Gen Core i7,8,512,0,4 GB NVIDIA GeForce GTX 1650 MAX Q,Windows,15.6,1920 x 1080,8,16,73,64000,86.0,77.12,55,75,75.7,74.38,73.51,73.83,75.49,Gaming,Mid Budget,Cocok untuk gaming dan kebutuhan grafis tinggi; Cocok untuk AI ringan dan image processing; Memiliki storage yang mendukung workflow lebih cepat,fallback,benchmark
Asus Zenbook 17 Fold UX9702AA-MD023WS Laptop,Asus,12th Gen Core i7,16,1000,0,Intel Iris Xe Graphics,Windows,17.3,2560 x 1920,10,12,80,329990,100.0,28.12,80,90,63.15,75.53,84.31,75.03,72.94,Daily Use,High Budget,"Cocok untuk penggunaan harian seperti browsing, mengetik, meeting online, dan tugas ringan; Cocok untuk programming dan multitasking; Memiliki storage yang mendukung workflow lebih cepat",benchmark,benchmark
Nokia PureBook S14 NKi511TL165S Laptop,Nokia,11th Gen Core i5,16,512,0,Intel Integrated Iris Xe,Windows,14.1,1920 x 1080,4,8,62,40990,71.0,28.12,80,75,53.65,63.13,70.36,63.33,60.54,Daily Use,Low Budget,"Cocok untuk penggunaan harian seperti browsing, mengetik, meeting online, dan tugas ringan; Memiliki storage yang mendukung workflow lebih cepat",fallback,benchmark
Dell Latitude 3420 Laptop,Dell,11th Gen Core i5,8,512,0,Intel UHD Graphics,Windows,14.0,1366 x 768,4,8,56,73740,71.0,16.42,55,75,44.64,53.96,62.94,54.16,52.03,Daily Use,Mid Budget,"Cocok untuk penggunaan harian seperti browsing, mengetik, meeting online, dan tugas ringan; Memiliki storage yang mendukung workflow lebih cepat",fallback,benchmark
Acer Aspire 3 A315-24 Laptop,Acer,Ryzen 5 7520U,8,512,0,AMD Radeon Graphiics,Windows,15.6,1920 x 1080,4,8,56,52490,64.95,7.39,55,75,39.06,49.58,60.22,50.08,47.2,Daily Use,Low Budget,"Cocok untuk penggunaan harian seperti browsing, mengetik, meeting online, dan tugas ringan; Memiliki storage yang mendukung workflow lebih cepat",benchmark,benchmark
HP 14s-dq2649TU Laptop,HP,11th Gen Core i3,8,512,0,Intel Integrated UHD,Windows,14.0,1920 x 1080,2,4,57,45500,54.52,16.42,55,75,40.52,48.19,58.0,49.21,46.26,Daily Use,Low Budget,"Cocok untuk penggunaan harian seperti browsing, mengetik, meeting online, dan tugas ringan; Memiliki storage yang mendukung workflow lebih cepat",benchmark,benchmark
Samsung Galaxy Book2 NP550XED-KA1IN 15 Laptop,Samsung,12th Gen Core i5,8,512,0,Intel Integrated UHD,Windows,15.6,1920 x 1080,10,12,60,67990,99.91,16.42,55,75,51.87,64.07,71.61,62.83,62.14,Daily Use,Mid Budget,"Cocok untuk penggunaan harian seperti browsing, mengetik, meeting online, dan tugas ringan; Memiliki storage yang mendukung workflow lebih cepat",benchmark,benchmark
Samsung Galaxy Book 3 Pro NP960XFG-KC1IN Laptop,Samsung,13th Gen Core i7,16,512,0,‎Intel Iris Xe Graphics,Windows,16.0,2880 x 1800,12,16,73,149990,90.0,28.12,80,75,58.4,69.78,76.06,69.03,67.19,Daily Use,High Budget,"Cocok untuk penggunaan harian seperti browsing, mengetik, meeting online, dan tugas ringan; Cocok untuk programming dan multitasking; Memiliki storage yang mendukung workflow lebih cepat",fallback,benchmark
Samsung Galaxy Book 3 Pro 14 NP940XFG-KC4IN Laptop,Samsung,13th Gen Core i7,16,512,0,‎Intel Iris Xe Graphics,Windows,14.0,2880 x 1800,12,16,72,139990,90.0,28.12,80,75,58.4,69.78,76.06,69.03,67.19,Daily Use,High Budget,"Cocok untuk penggunaan harian seperti browsing, mengetik, meeting online, dan tugas ringan; Cocok untuk programming dan multitasking; Memiliki storage yang mendukung workflow lebih cepat",fallback,benchmark
Samsung Galaxy Book 3 Pro 14 NP940XFG-KC5IN Laptop,Samsung,13th Gen Core i7,16,1000,0,‎Intel Iris Xe Graphics,Windows,14.0,2880 x 1800,12,16,74,155990,90.0,28.12,80,90,60.65,72.03,81.31,72.03,69.44,Daily Use,High Budget,"Cocok untuk penggunaan harian seperti browsing, mengetik, meeting online, dan tugas ringan; Cocok untuk programming dan multitasking; Memiliki storage yang mendukung workflow lebih cepat",fallback,benchmark
Samsung Galaxy Book 3 Pro 14 NP940XFG-KC1IN Laptop,Samsung,13th Gen Core i5,16,512,0,‎Intel Iris Xe Graphics,Windows,14.0,2880 x 1800,12,16,71,131990,75.0,28.12,80,75,54.65,64.53,71.56,64.53,61.94,Daily Use,High Budget,"Cocok untuk penggunaan harian seperti browsing, mengetik, meeting online, dan tugas ringan; Cocok untuk programming dan multitasking; Memiliki storage yang mendukung workflow lebih cepat",fallback,benchmark
Samsung Galaxy Book 3 360 15 NP750QFG-KA2IN Laptop,Samsung,13th Gen Core i5,16,512,0,Intel Iris Xe Graphics,Windows,15.6,1920 x 1080,12,16,71,114990,75.0,28.12,80,75,54.65,64.53,71.56,64.53,61.94,Daily Use,High Budget,"Cocok untuk penggunaan harian seperti browsing, mengetik, meeting online, dan tugas ringan; Cocok untuk programming dan multitasking; Memiliki storage yang mendukung workflow lebih cepat",fallback,benchmark
Lenovo V15 ‎82C70005UK Laptop,Lenovo,AMD Ryzen 5 5500U,8,512,0,AMD Radeon Graphics,Windows,15.6,1920 x 1080,6,12,60,38490,56.3,73.06,55,75,66.45,62.97,64.2,63.9,63.87,Gaming,Low Budget,Cocok untuk gaming dan kebutuhan grafis tinggi; Memiliki storage yang mendukung workflow lebih cepat,benchmark,benchmark
Samsung Galaxy Book 3 360 13 NP730QFG-KA1IN Laptop,Samsung,13th Gen Core i5,16,512,0,Intel Iris Xe Graphics,Windows,13.3,1920 x 1080,10,12,67,109990,75.0,28.12,80,75,54.65,64.53,71.56,64.53,61.94,Daily Use,High Budget,"Cocok untuk penggunaan harian seperti browsing, mengetik, meeting online, dan tugas ringan; Cocok untuk programming dan multitasking; Memiliki storage yang mendukung workflow lebih cepat",fallback,benchmark
Samsung Galaxy Book 3 360 13 NP730QFG-KA3IN Laptop,Samsung,13th Gen Core i7,16,1000,0,Intel Iris Xe Graphics,Windows,13.3,1920 x 1080,10,12,69,133990,90.0,28.12,80,90,60.65,72.03,81.31,72.03,69.44,Daily Use,High Budget,"Cocok untuk penggunaan harian seperti browsing, mengetik, meeting online, dan tugas ringan; Cocok untuk programming dan multitasking; Memiliki storage yang mendukung workflow lebih cepat",fallback,benchmark
Samsung Galaxy Book 3 360 13 NP730QFG-KA2IN Laptop,Samsung,13th Gen Core i7,16,512,0,Intel Iris Xe Graphics,Windows,13.3,1920 x 1080,10,12,67,117990,90.0,28.12,80,75,58.4,69.78,76.06,69.03,67.19,Daily Use,High Budget,"Cocok untuk penggunaan harian seperti browsing, mengetik, meeting online, dan tugas ringan; Cocok untuk programming dan multitasking; Memiliki storage yang mendukung workflow lebih cepat",fallback,benchmark
Samsung Galaxy Book 3 Pro 360 NP960QFG-KA2IN Laptop,Samsung,13th Gen Core i5,16,512,0,Intel Iris Xe Graphics,Windows,16.0,2880 x 1800,12,16,75,155990,75.0,28.12,80,75,54.65,64.53,71.56,64.53,61.94,Daily Use,High Budget,"Cocok untuk penggunaan harian seperti browsing, mengetik, meeting online, dan tugas ringan; Cocok untuk programming dan multitasking; Memiliki storage yang mendukung workflow lebih cepat",fallback,benchmark
Samsung Galaxy Book 3 Pro NP960XFG-KC2IN Laptop,Samsung,13th Gen Core i7,16,1000,0,‎Intel Iris Xe Graphics,Windows,16.0,2880 x 1800,12,16,74,165990,90.0,28.12,80,90,60.65,72.03,81.31,72.03,69.44,Daily Use,High Budget,"Cocok untuk penggunaan harian seperti browsing, mengetik, meeting online, dan tugas ringan; Cocok untuk programming dan multitasking; Memiliki storage yang mendukung workflow lebih cepat",fallback,benchmark
Samsung Galaxy Book 3 Pro 360 NP960QFG-KA1IN Laptop,Samsung,13th Gen Core i7,16,512,0,Intel Iris Xe Graphics,Windows,16.0,2880 x 1800,12,16,81,163990,90.0,28.12,80,75,58.4,69.78,76.06,69.03,67.19,Daily Use,High Budget,"Cocok untuk penggunaan harian seperti browsing, mengetik, meeting online, dan tugas ringan; Cocok untuk programming dan multitasking; Memiliki storage yang mendukung workflow lebih cepat",fallback,benchmark
Samsung Galaxy Book 3 360 NP750QFG-KA1IN Laptop,Samsung,13th Gen Core i7,16,512,0,Intel Iris Xe Graphics,Windows,15.6,1920 x 1080,12,16,73,122990,90.0,28.12,80,75,58.4,69.78,76.06,69.03,67.19,Daily Use,High Budget,"Cocok untuk penggunaan harian seperti browsing, mengetik, meeting online, dan tugas ringan; Cocok untuk programming dan multitasking; Memiliki storage yang mendukung workflow lebih cepat",fallback,benchmark
Samsung Galaxy Book 3 Pro 360 NP960QFG-KA3IN Laptop,Samsung,13th Gen Core i7,16,1000,0,Intel Iris Xe Graphics,Windows,16.0,2880 x 1800,12,16,82,179990,90.0,28.12,80,90,60.65,72.03,81.31,72.03,69.44,Daily Use,High Budget,"Cocok untuk penggunaan harian seperti browsing, mengetik, meeting online, dan tugas ringan; Cocok untuk programming dan multitasking; Memiliki storage yang mendukung workflow lebih cepat",fallback,benchmark
Lenovo IdeaPad Gaming 3 82K1017WIN Laptop,Lenovo,11th Gen Core i5,8,512,0,4 GB NVIDIA GeForce GTX 1650,Windows,15.6,1920 x 1080,4,8,71,52900,71.0,77.12,55,75,71.95,69.13,69.01,69.33,70.24,Gaming,Low Budget,Cocok untuk gaming dan kebutuhan grafis tinggi; Memiliki storage yang mendukung workflow lebih cepat,fallback,benchmark
Acer One 14 Z2-493 Laptop,Acer,AMD Ryzen 3 3250U,8,256,0,AMD Radeon Graphics,Windows,14.0,1366 x 768,2,4,53,25990,17.49,73.06,55,60,54.5,47.14,47.3,49.26,48.04,Gaming,Low Budget,Cocok untuk gaming dan kebutuhan grafis tinggi,benchmark,benchmark
Dell Inspiron 3525 D560789WIN9S Laptop,Dell,AMD Ryzen 5-5625U,8,512,0,AMD Radeon Radeon Graphics,Windows,15.6,1920 x 1080,6,12,68,49441,64.35,73.06,55,75,68.46,65.79,66.61,66.32,66.69,Gaming,Low Budget,Cocok untuk gaming dan kebutuhan grafis tinggi; Memiliki storage yang mendukung workflow lebih cepat,benchmark,benchmark
Acer Aspire 3 A315-59 Laptop,Acer,12th Gen Core i3,8,512,0,Intel Iris Xe Graphics,Windows,15.6,1920 x 1080,6,8,54,39990,54.52,28.12,55,75,45.78,51.11,59.17,52.14,49.77,Daily Use,Low Budget,"Cocok untuk penggunaan harian seperti browsing, mengetik, meeting online, dan tugas ringan; Memiliki storage yang mendukung workflow lebih cepat",benchmark,benchmark
Lenovo IdeaPad Gaming 3 82K201Y9IN Laptop,Lenovo,AMD Ryzen 5-5600H,8,256,1000,4 GB NVIDIA GeForce GTX 1650,Windows,15.6,1920 x 1080,6,12,73,56990,73.2,77.12,55,65,71.0,68.4,66.17,67.99,69.51,Gaming,Mid Budget,Cocok untuk gaming dan kebutuhan grafis tinggi,benchmark,benchmark
Lenovo IdeaPad Flex 5 82R9008GIN Laptop,Lenovo,AMD Ryzen 5 5500U,16,512,0,AMD Radeon,Windows,14.0,1920 x 1200,6,12,74,61590,56.3,7.39,80,75,40.65,52.8,63.88,53.74,49.17,Daily Use,Mid Budget,"Cocok untuk penggunaan harian seperti browsing, mengetik, meeting online, dan tugas ringan; Memiliki storage yang mendukung workflow lebih cepat",benchmark,benchmark
HP Pavilion 15s-eq2182AU Laptop,HP,Ryzen 5 5500U,16,512,0,AMD Radeon Graphics,Windows,15.6,1920 x 1080,6,12,63,49123,56.3,73.06,80,75,70.2,69.22,70.45,70.16,68.87,Gaming,Low Budget,Cocok untuk gaming dan kebutuhan grafis tinggi; Memiliki storage yang mendukung workflow lebih cepat,benchmark,benchmark
HP Victus 15-fa0350TX Laptop,HP,12th Gen Core i5,8,512,0,4 GB NVIDIA GeForce RTX 3050,Windows,15.6,1920 x 1080,8,12,75,77990,99.91,100.0,55,75,89.48,84.97,79.97,83.72,87.22,Gaming,Mid Budget,Cocok untuk gaming dan kebutuhan grafis tinggi; Cocok untuk AI ringan dan image processing; Memiliki storage yang mendukung workflow lebih cepat,benchmark,benchmark
Asus TUF Gaming A15 2022 FA577RE-HN055WS Gaming Laptop,Asus,AMD Ryzen 7 6800H,16,512,0,4 GB NVIDIA GeForce RTX 3050 Ti,Windows,15.6,1920 x 1080,8,16,80,96085,99.56,100.0,80,75,93.14,91.1,86.12,89.87,92.1,Gaming,High Budget,Cocok untuk gaming dan kebutuhan grafis tinggi; Cocok untuk programming dan multitasking; Cocok untuk AI ringan dan image processing; Memiliki storage yang mendukung workflow lebih cepat,benchmark,benchmark
HP Victus 16-e0352AX Gaming Laptop,HP,Ryzen 5-5600H,8,512,0,4 GB NVIDIA GeForce RTX 3050,Windows,16.1,1920 x 1080,6,12,72,63990,73.2,100.0,55,75,82.8,75.62,71.96,75.71,77.87,Gaming,Mid Budget,Cocok untuk gaming dan kebutuhan grafis tinggi; Memiliki storage yang mendukung workflow lebih cepat,benchmark,benchmark
Asus TUF Gaming F15 FX506LHB-HN355WS Gaming Laptop,Asus,10th Gen Core i5,8,512,0,4 GB NVIDIA GeForce GTX 1650,Windows,15.6,1920 x 1080,4,8,63,54990,99.91,77.12,55,75,79.18,79.25,77.68,78.0,80.35,Gaming,Low Budget,Cocok untuk gaming dan kebutuhan grafis tinggi; Cocok untuk AI ringan dan image processing; Memiliki storage yang mendukung workflow lebih cepat,benchmark,benchmark
HP Pavilion 15-eg2002TU Laptop,HP,12th Gen Core i5,16,512,0,Intel Iris Xᵉ Graphics,Windows,15.6,1920 x 1080,12,16,65,69990,99.91,14.92,80,75,54.94,69.95,77.72,68.7,66.69,Daily Use,Mid Budget,"Cocok untuk penggunaan harian seperti browsing, mengetik, meeting online, dan tugas ringan; Cocok untuk programming dan multitasking; Memiliki storage yang mendukung workflow lebih cepat",benchmark,benchmark
Samsung Galaxy Book2 Pro 360 15 Laptop,Samsung,12th Gen Core i7,16,512,0,Intel Iris Xe Graphics,Windows,15.6,1080 x 1920,8,16,74,129990,100.0,28.12,80,75,60.9,73.28,79.06,72.03,70.69,Daily Use,High Budget,"Cocok untuk penggunaan harian seperti browsing, mengetik, meeting online, dan tugas ringan; Cocok untuk programming dan multitasking; Memiliki storage yang mendukung workflow lebih cepat",benchmark,benchmark
Dell Vostro 3510 Laptop,Dell,11th Gen Core i3,8,256,1000,Intel UHD Graphics,Windows,15.6,1920 x 1080,2,4,56,37990,54.52,16.42,55,65,39.02,46.69,54.5,47.21,44.76,Daily Use,Low Budget,"Cocok untuk penggunaan harian seperti browsing, mengetik, meeting online, dan tugas ringan",benchmark,benchmark
Asus VivoBook K15 OLED KM513UA-L503WS Laptop,Asus,Ryzen 5 5500U,8,256,1000,AMD Radeon AMD,Windows,15.6,1920 x 1080,6,12,65,47990,56.3,7.39,55,65,35.4,45.05,54.13,45.49,42.67,Daily Use,Low Budget,"Cocok untuk penggunaan harian seperti browsing, mengetik, meeting online, dan tugas ringan",benchmark,benchmark
HP 14s-fq1092au Laptop,HP,Ryzen 5 5500U,8,512,0,AMD Radeon AMD,Windows,14.0,1920 x 1080,6,12,65,46058,56.3,7.39,55,75,36.9,46.55,57.63,47.49,44.17,Daily Use,Low Budget,"Cocok untuk penggunaan harian seperti browsing, mengetik, meeting online, dan tugas ringan; Memiliki storage yang mendukung workflow lebih cepat",benchmark,benchmark
Microsoft Surface Laptop Go 1943 THJ-00023 Laptop,Microsoft,10th Gen Core i5,8,256,0,Intel Integrated UHD,Windows,12.4,1536 x 1024,4,8,55,67000,99.91,16.42,55,60,49.62,61.82,66.36,59.83,59.89,Daily Use,Mid Budget,"Cocok untuk penggunaan harian seperti browsing, mengetik, meeting online, dan tugas ringan",benchmark,benchmark
HP 245 G8 689T3PA Laptop,HP,AMD Ryzen 3 3250U,8,512,0,AMD Radeon Graphics,Windows,14.0,1366 x 768,2,4,59,27989,17.49,73.06,55,75,56.75,49.39,52.55,52.26,50.29,Gaming,Low Budget,Cocok untuk gaming dan kebutuhan grafis tinggi; Memiliki storage yang mendukung workflow lebih cepat,benchmark,benchmark
Lenovo IdeaPad 3i ‎82RJ005BUS Laptop,Lenovo,12th Gen Core i5,8,256,0,Intel iris Xe Integrated,Windows,14.0,1920 x 1080,10,12,62,49990,99.91,28.12,55,60,54.88,64.75,67.54,62.75,63.4,Daily Use,Low Budget,"Cocok untuk penggunaan harian seperti browsing, mengetik, meeting online, dan tugas ringan",benchmark,benchmark
Apple MacBook Pro 16 inch Laptop,Apple,M2 Max 12-core CPU,32,1000,0,38-core GPU,Mac,16.2,3456 x 2234,12,0,66,349900,85.0,35.0,95,90,64.75,75.75,84.25,76.0,72.75,Daily Use,High Budget,"Cocok untuk penggunaan harian seperti browsing, mengetik, meeting online, dan tugas ringan; Cocok untuk programming dan multitasking; Memiliki storage yang mendukung workflow lebih cepat",fallback,fallback
Samsung Galaxy Book 2 NP550XED-KA3IN Laptop,Samsung,12th Gen Core i7,16,512,0,Intel Integrated UHD,Windows,15.6,1920 x 1080,10,12,63,72990,100.0,16.42,80,75,55.64,70.36,77.89,69.1,67.18,Daily Use,Mid Budget,"Cocok untuk penggunaan harian seperti browsing, mengetik, meeting online, dan tugas ringan; Cocok untuk programming dan multitasking; Memiliki storage yang mendukung workflow lebih cepat",benchmark,benchmark
Asus VivoBook 15 K513EP-BQ1093T Laptop,Asus,11th Gen Core i5,8,512,0,2 GB NVIDIA GeForce MX330,Windows,15.6,1920 x 1080,4,8,54,45990,71.0,25.83,55,75,48.87,56.31,63.88,56.51,54.85,Daily Use,Low Budget,"Cocok untuk penggunaan harian seperti browsing, mengetik, meeting online, dan tugas ringan; Memiliki storage yang mendukung workflow lebih cepat",fallback,benchmark
Lenovo IdeaPad Gaming 3 15IHU6 82K101GSIN Laptop,Lenovo,11th Gen Core i5,8,512,0,4 GB NVIDIA GeForce GTX 1650,Windows,15.6,1920 x 1080,4,8,72,54990,71.0,77.12,55,75,71.95,69.13,69.01,69.33,70.24,Gaming,Low Budget,Cocok untuk gaming dan kebutuhan grafis tinggi; Memiliki storage yang mendukung workflow lebih cepat,fallback,benchmark
Asus VivoBook 14 X415EA-EK701WS Laptop,Asus,11th Gen Core i7,16,512,0,Intel Integrated UHD,Windows,14.0,1920 x 1080,4,8,69,56990,86.0,16.42,80,75,52.14,65.46,73.69,64.9,62.28,Daily Use,Mid Budget,"Cocok untuk penggunaan harian seperti browsing, mengetik, meeting online, dan tugas ringan; Cocok untuk programming dan multitasking; Memiliki storage yang mendukung workflow lebih cepat",fallback,benchmark
Asus VivoBook 14 2022 X1402ZA-EK312WS Laptop,Asus,12th Gen Core i3,8,512,0,Intel Integrated Iris Xe Graphics,Windows,14.0,1920 x 1080,10,12,61,40990,54.52,28.12,55,75,45.78,51.11,59.17,52.14,49.77,Daily Use,Low Budget,"Cocok untuk penggunaan harian seperti browsing, mengetik, meeting online, dan tugas ringan; Memiliki storage yang mendukung workflow lebih cepat",benchmark,benchmark
HP 247 G8 600A9PA Laptop,HP,AMD Ryzen 3 5300U,8,512,0,AMD Radeon Graphics,Windows,14.0,1366 x 768,4,8,61,32999,43.04,73.06,55,75,63.14,58.33,60.22,59.93,59.23,Gaming,Low Budget,Cocok untuk gaming dan kebutuhan grafis tinggi; Memiliki storage yang mendukung workflow lebih cepat,benchmark,benchmark
Asus Vivobook Pro 16 OLED K6602HC-N1902WS Gaming Laptop,Asus,11th Gen Core i9,16,512,0,4 GB NVIDIA GeForce RTX 3050,Windows,16.0,1200 x 1920,8,16,75,87990,100.0,100.0,80,75,93.25,91.25,86.25,90.0,92.25,Gaming,High Budget,Cocok untuk gaming dan kebutuhan grafis tinggi; Cocok untuk programming dan multitasking; Cocok untuk AI ringan dan image processing; Memiliki storage yang mendukung workflow lebih cepat,fallback,benchmark
Acer Swift 3 OLED SF314-71 NX.KAVSI.001 Laptop,Acer,12th Gen Core i7,16,1000,0,Intel Integrated Iris Xe,Windows,14.0,2880 x 1800,14,20,69,115999,100.0,28.12,80,90,63.15,75.53,84.31,75.03,72.94,Daily Use,High Budget,"Cocok untuk penggunaan harian seperti browsing, mengetik, meeting online, dan tugas ringan; Cocok untuk programming dan multitasking; Memiliki storage yang mendukung workflow lebih cepat",benchmark,benchmark
Dell Latitude 3430 Laptop,Dell,12th Gen Core i5,8,512,0,Intel Iris Xe Graphics,Windows,14.0,1366 x 768,10,12,59,108000,99.91,28.12,55,75,57.13,67.0,72.78,65.75,65.65,Daily Use,High Budget,"Cocok untuk penggunaan harian seperti browsing, mengetik, meeting online, dan tugas ringan; Memiliki storage yang mendukung workflow lebih cepat",benchmark,benchmark
HP Pavilion 15-eg2018TX Laptop,HP,12th Gen Core i5,16,512,0,2 GB NVIDIA GeForce MX550,Windows,15.6,1920 x 1080,10,12,56,75070,99.91,50.62,80,75,71.01,78.87,81.28,77.63,77.4,Editing,Mid Budget,"Cocok untuk editing video, desain grafis, dan rendering ringan; Cocok untuk programming dan multitasking; Memiliki storage yang mendukung workflow lebih cepat",benchmark,benchmark
Microsoft Surface Pro 9 QEZ-00065 Laptop,Microsoft,12th Gen Core i5,8,256,0,Intel Iris Xe Graphics,Windows,13.0,2880 x 1920,10,12,51,99999,99.91,28.12,55,60,54.88,64.75,67.54,62.75,63.4,Daily Use,High Budget,"Cocok untuk penggunaan harian seperti browsing, mengetik, meeting online, dan tugas ringan",benchmark,benchmark
HP 247 G8 ‎6B5R3PA Laptop,HP,AMD Ryzen 3 5300U,8,512,0,AMD Radeon Graphics,DOS,14.0,1366 x 768,4,8,56,30020,43.04,73.06,55,75,63.14,58.33,60.22,59.93,59.23,Gaming,Low Budget,Cocok untuk gaming dan kebutuhan grafis tinggi; Memiliki storage yang mendukung workflow lebih cepat,benchmark,benchmark
HP Omen 16-n0079AX Gaming Laptop,HP,AMD Ryzen 7 6800H,16,512,0,8 GB AMD Radeon RX 6650M,Windows,16.1,1920 x 1080,8,16,81,108290,99.56,8.32,80,75,51.88,68.18,76.95,66.95,64.59,Daily Use,High Budget,"Cocok untuk penggunaan harian seperti browsing, mengetik, meeting online, dan tugas ringan; Cocok untuk programming dan multitasking; Memiliki storage yang mendukung workflow lebih cepat",benchmark,benchmark
Asus VivoBook 14 2022 X1402ZA-MW511WS Laptop,Asus,12th Gen Core i5,16,512,0,Intel Integrated Iris Xe,Windows,14.0,1920 x 1080,12,16,74,66990,99.91,28.12,80,75,60.88,73.25,79.04,72.0,70.65,Daily Use,Mid Budget,"Cocok untuk penggunaan harian seperti browsing, mengetik, meeting online, dan tugas ringan; Cocok untuk programming dan multitasking; Memiliki storage yang mendukung workflow lebih cepat",benchmark,benchmark
HP 14s-dr3001TU Laptop,HP,Pentium Silver N6000,8,256,0,Intel UHD Graphics,Windows,14.0,1366 x 768,4,4,51,30990,13.24,16.42,55,60,27.95,31.49,40.36,33.83,29.56,Daily Use,Low Budget,"Cocok untuk penggunaan harian seperti browsing, mengetik, meeting online, dan tugas ringan",benchmark,benchmark
Asus VivoBook 14 X415JA-EK522WS Laptop,Asus,10th Gen Core i5,8,512,0,Intel UHD,Windows,14.0,1920 x 1080,4,8,60,41990,99.91,26.45,55,75,56.38,66.58,72.62,65.34,65.15,Daily Use,Low Budget,"Cocok untuk penggunaan harian seperti browsing, mengetik, meeting online, dan tugas ringan; Memiliki storage yang mendukung workflow lebih cepat",benchmark,benchmark
Asus Chromebook Flip C214MA-BU0704 Laptop,Asus,Celeron N4020,4,0,32,Intel Integrated UHD 600,Chrome,11.6,1366 x 768,2,2,0,15990,7.3,16.42,30,30,18.21,18.66,21.83,19.8,17.98,Daily Use,Low Budget,"Cocok untuk penggunaan harian seperti browsing, mengetik, meeting online, dan tugas ringan",benchmark,benchmark
Lenovo IdeaPad Gaming 3 15IAH7 82S900R6IN Laptop,Lenovo,12th Gen Core i5,16,512,0,4 GB NVIDIA GeForce RTX 3050,Windows,15.6,1920 x 1080,8,12,75,80990,99.91,100.0,80,75,93.23,91.22,86.22,89.97,92.22,Gaming,Mid Budget,Cocok untuk gaming dan kebutuhan grafis tinggi; Cocok untuk programming dan multitasking; Cocok untuk AI ringan dan image processing; Memiliki storage yang mendukung workflow lebih cepat,benchmark,benchmark
Acer Predator Helios 300 PH315-55 Gaming Laptop,Acer,12th Gen Core i9,16,1000,0,6 GB NVIDIA GeForce RTX 3060,Windows,15.6,2560 x 1440,14,20,76,158990,100.0,100.0,80,90,95.5,93.5,91.5,93.0,94.5,Gaming,High Budget,Cocok untuk gaming dan kebutuhan grafis tinggi; Cocok untuk programming dan multitasking; Cocok untuk AI ringan dan image processing; Memiliki storage yang mendukung workflow lebih cepat,benchmark,benchmark
Acer Extensa 15 EX215-54 Laptop,Acer,11th Gen Core i3,8,512,0,Intel Integrated UHD,Windows,15.6,1920 x 1080,2,4,50,33990,54.52,16.42,55,75,40.52,48.19,58.0,49.21,46.26,Daily Use,Low Budget,"Cocok untuk penggunaan harian seperti browsing, mengetik, meeting online, dan tugas ringan; Memiliki storage yang mendukung workflow lebih cepat",benchmark,benchmark
Asus ProArt StudioBook Pro 16 OLED H7600ZM-L701WS Laptop,Asus,12th Gen Core i7,16,1000,0,6 GB NVIDIA GeForce RTX 3060,Windows,16.0,3840 x 2400,14,20,88,198490,100.0,100.0,80,90,95.5,93.5,91.5,93.0,94.5,Gaming,High Budget,Cocok untuk gaming dan kebutuhan grafis tinggi; Cocok untuk programming dan multitasking; Cocok untuk AI ringan dan image processing; Memiliki storage yang mendukung workflow lebih cepat,benchmark,benchmark
Asus VivoBook 15 X515JA-EJ382WS Laptop,Asus,10th Gen Core i3,8,512,0,Intel Integrated UHD,Windows,15.6,1920 x 1080,2,4,55,33575,54.52,16.42,55,75,40.52,48.19,58.0,49.21,46.26,Daily Use,Low Budget,"Cocok untuk penggunaan harian seperti browsing, mengetik, meeting online, dan tugas ringan; Memiliki storage yang mendukung workflow lebih cepat",benchmark,benchmark
MSI Bravo 15 B5DD-410IN Gaming Laptop,MSI,Ryzen 5 5600H,8,512,0,4 GB AMD Radeon RX 5500M,Windows,15.6,1920 x 1080,6,12,68,48890,73.2,40.09,55,75,55.84,60.64,65.97,60.73,59.9,Daily Use,Low Budget,"Cocok untuk penggunaan harian seperti browsing, mengetik, meeting online, dan tugas ringan; Memiliki storage yang mendukung workflow lebih cepat",benchmark,benchmark
Infinix INBook X1 Neo Laptop,Infinix, Celeron N5100,4,128,0,Intel Integrated UHD,Windows,14.0,1920 x 1080,4,0,47,22990,14.02,16.42,30,50,22.89,24.01,30.85,25.81,23.33,Daily Use,Low Budget,"Cocok untuk penggunaan harian seperti browsing, mengetik, meeting online, dan tugas ringan",benchmark,benchmark
Asus TUF Dash F15 2022 FX517ZC-HN108WS Gaming Laptop,Asus,12th Gen Core i7,16,1000,0,4 GB NVIDIA GeForce RTX 3050,Windows,15.6,1920 x 1080,10,16,76,95990,100.0,100.0,80,90,95.5,93.5,91.5,93.0,94.5,Gaming,High Budget,Cocok untuk gaming dan kebutuhan grafis tinggi; Cocok untuk programming dan multitasking; Cocok untuk AI ringan dan image processing; Memiliki storage yang mendukung workflow lebih cepat,benchmark,benchmark
Asus VivoBook 15 X515EA-EJ522WS Laptop,Asus,11th Gen Core i5,8,512,0,Intel Integrated Iris Xe,Windows,15.6,1920 x 1080,4,8,61,46990,71.0,28.12,55,75,49.9,56.88,64.11,57.08,55.54,Daily Use,Low Budget,"Cocok untuk penggunaan harian seperti browsing, mengetik, meeting online, dan tugas ringan; Memiliki storage yang mendukung workflow lebih cepat",fallback,benchmark
Asus Vivobook 15 2022 X1502ZA-EZ311WS Touch Laptop,Asus,12th Gen Core i3,8,512,0,Intel Iris Xe,Windows,15.6,1920 x 1080,10,12,59,43879,54.52,28.12,55,75,45.78,51.11,59.17,52.14,49.77,Daily Use,Low Budget,"Cocok untuk penggunaan harian seperti browsing, mengetik, meeting online, dan tugas ringan; Memiliki storage yang mendukung workflow lebih cepat",benchmark,benchmark
HP 14s-dy2507TU Laptop,HP,11th Gen Core i3,8,256,0,Intel Integrated UHD Graphics,Windows,14.0,1920 x 1080,2,4,55,35490,54.52,16.42,55,60,38.27,45.94,52.75,46.21,44.01,Daily Use,Low Budget,"Cocok untuk penggunaan harian seperti browsing, mengetik, meeting online, dan tugas ringan",benchmark,benchmark
HP Pavilion 15s-fq5112TU Laptop,HP,12th Gen Core i5,16,512,0,Intel Iris Xe Graphics,Windows,15.6,1920 x 1080,10,12,55,62490,99.91,28.12,80,75,60.88,73.25,79.04,72.0,70.65,Daily Use,Mid Budget,"Cocok untuk penggunaan harian seperti browsing, mengetik, meeting online, dan tugas ringan; Cocok untuk programming dan multitasking; Memiliki storage yang mendukung workflow lebih cepat",benchmark,benchmark
Asus TUF Gaming F15,Asus,2022) FX507ZE-HN038W Gaming Laptop ,16,512,0,4 GB NVIDIA GeForce RTX 3050-Ti,Windows,15.6,1920 x 1080,14,20,79,94990,35.0,100.0,80,75,77.0,68.5,66.75,70.5,69.5,Gaming,High Budget,Cocok untuk gaming dan kebutuhan grafis tinggi; Memiliki storage yang mendukung workflow lebih cepat,fallback,benchmark
Asus ROG Strix G17 2022 G713IE-HX040W Gaming Laptop,Asus,AMD Ryzen 7 4800H,16,1000,0,4 GB NVIDIA GeForce RTX 3050 Ti,Windows,17.3,1920 x 1080,8,16,75,87990,81.04,100.0,80,90,90.76,86.86,85.81,87.31,87.86,Gaming,High Budget,Cocok untuk gaming dan kebutuhan grafis tinggi; Cocok untuk programming dan multitasking; Cocok untuk AI ringan dan image processing; Memiliki storage yang mendukung workflow lebih cepat,benchmark,benchmark
Infinix INBook X1 Neo XL22 Laptop,Infinix, Celeron N5100,8,256,0,Intel Integrated UHD,Windows,14.0,1920 x 1080,4,0,50,29990,14.02,16.42,55,60,28.14,31.76,40.6,34.06,29.83,Daily Use,Low Budget,"Cocok untuk penggunaan harian seperti browsing, mengetik, meeting online, dan tugas ringan",benchmark,benchmark
Asus TUF Dash F15 2022 FX517ZC-HN083WS Gaming Laptop,Asus,12th Gen Core i5,16,512,0,4 GB NVIDIA GeForce RTX 3050,Windows,15.6,1080 x 1920,8,12,67,77990,99.91,100.0,80,75,93.23,91.22,86.22,89.97,92.22,Gaming,Mid Budget,Cocok untuk gaming dan kebutuhan grafis tinggi; Cocok untuk programming dan multitasking; Cocok untuk AI ringan dan image processing; Memiliki storage yang mendukung workflow lebih cepat,benchmark,benchmark
Acer Nitro 5 AN515-56 Gaming Laptop,Acer,11th Gen Core i5,16,512,0,4 GB NVIDIA GeForce GTX 1650,Windows,15.6,1920 x 1080,6,12,73,62990,71.0,77.12,80,75,75.7,75.38,75.26,75.58,75.24,Gaming,Mid Budget,Cocok untuk gaming dan kebutuhan grafis tinggi; Memiliki storage yang mendukung workflow lebih cepat,fallback,benchmark
Acer Aspire 5 A515-57G Gaming Laptop,Acer,12th Gen Core i5,8,512,0,4 GB NVIDIA GeForce RTX 2050,Windows,15.6,1920 x 1080,12,16,67,59999,99.91,79.07,55,75,80.06,79.74,77.88,78.49,80.94,Gaming,Mid Budget,Cocok untuk gaming dan kebutuhan grafis tinggi; Cocok untuk AI ringan dan image processing; Memiliki storage yang mendukung workflow lebih cepat,benchmark,benchmark
Lenovo IdeaPad Slim 1 82R1004AIN Laptop,Lenovo,AMD Ryzen 5 3500U,8,512,0,AMD Radeon Graphics,Windows,15.6,1920 x 1080,4,8,61,40026,30.63,73.06,55,75,60.03,53.99,56.5,56.2,54.89,Gaming,Low Budget,Cocok untuk gaming dan kebutuhan grafis tinggi; Memiliki storage yang mendukung workflow lebih cepat,benchmark,benchmark
Acer Aspire 7 A715-75G NH.QGBSI.001 Gaming Laptop,Acer,12th Gen Core i5,8,512,0,4 GB NVIDIA GeForce GTX 1650,Windows,15.6,1920 x 1080,12,16,69,57990,99.91,77.12,55,75,79.18,79.25,77.68,78.0,80.35,Gaming,Mid Budget,Cocok untuk gaming dan kebutuhan grafis tinggi; Cocok untuk AI ringan dan image processing; Memiliki storage yang mendukung workflow lebih cepat,benchmark,benchmark
Lenovo IdeaPad Gaming 3 82K201ULIN Laptop,Lenovo,Ryzen 5 5600H,16,512,0,4 GB NVIDIA GeForce RTX 3050,Windows,15.6,1920 x 1080,6,12,75,71990,73.2,100.0,80,75,86.55,81.87,78.21,81.96,82.87,Gaming,Mid Budget,Cocok untuk gaming dan kebutuhan grafis tinggi; Memiliki storage yang mendukung workflow lebih cepat,benchmark,benchmark
Asus TUF Dash F15 2022 FX517ZC-HN035WS Gaming Laptop,Asus,12th Gen Core i5,8,512,0,4 GB NVIDIA GeForce RTX 3050,Windows,15.6,1920 x 1080,8,12,72,75990,99.91,100.0,55,75,89.48,84.97,79.97,83.72,87.22,Gaming,Mid Budget,Cocok untuk gaming dan kebutuhan grafis tinggi; Cocok untuk AI ringan dan image processing; Memiliki storage yang mendukung workflow lebih cepat,benchmark,benchmark
Asus Vivobook Pro 14 OLED M3400QA-KM512WS Gaming Laptop,Asus,Ryzen 5 5600H,16,512,0,AMD Radeon Graphics,Windows,14.0,2880 x 1800,6,12,72,59990,73.2,73.06,80,75,74.43,75.14,75.52,75.22,74.79,Gaming,Mid Budget,Cocok untuk gaming dan kebutuhan grafis tinggi; Memiliki storage yang mendukung workflow lebih cepat,benchmark,benchmark
HP Pavilion 15-eg2039TU Laptop,HP,12th Gen Core i7,16,1000,0,Intel Integrated Iris Xe,Windows,15.6,1920 x 1080,12,16,66,85990,100.0,28.12,80,90,63.15,75.53,84.31,75.03,72.94,Daily Use,Mid Budget,"Cocok untuk penggunaan harian seperti browsing, mengetik, meeting online, dan tugas ringan; Cocok untuk programming dan multitasking; Memiliki storage yang mendukung workflow lebih cepat",benchmark,benchmark
HP Pavilion 14-dv2041TU Laptop,HP,12th Gen Core i5,16,512,0,Intel Iris Xe Graphics,Windows,14.0,1920 x 1080,10,12,62,71990,99.91,28.12,80,75,60.88,73.25,79.04,72.0,70.65,Daily Use,Mid Budget,"Cocok untuk penggunaan harian seperti browsing, mengetik, meeting online, dan tugas ringan; Cocok untuk programming dan multitasking; Memiliki storage yang mendukung workflow lebih cepat",benchmark,benchmark
MSI Gaming Crosshair 15 B12UEZ-677IN Laptop,MSI,12th Gen Core i7,16,1000,0,6 GB NVIDIA GeForce RTX 3060,Windows,15.6,2560 x 1440,14,20,84,111000,100.0,100.0,80,90,95.5,93.5,91.5,93.0,94.5,Gaming,High Budget,Cocok untuk gaming dan kebutuhan grafis tinggi; Cocok untuk programming dan multitasking; Cocok untuk AI ringan dan image processing; Memiliki storage yang mendukung workflow lebih cepat,benchmark,benchmark
Apple MacBook Pro 2022 Laptop,Apple,Apple M2,8,512,0,10 Core GPU,Mac,13.3,2560 x 1600,8,0,45,139990,100.0,35.0,55,75,60.25,68.75,73.5,67.5,67.75,Daily Use,High Budget,"Cocok untuk penggunaan harian seperti browsing, mengetik, meeting online, dan tugas ringan; Memiliki storage yang mendukung workflow lebih cepat",benchmark,fallback
HP Pavilion 14-dv2015TU Laptop,HP,12th Gen Core i7,16,1000,0,Intel Iris Xe Graphics,Windows,14.0,1920 x 1080,10,12,65,84990,100.0,28.12,80,90,63.15,75.53,84.31,75.03,72.94,Daily Use,Mid Budget,"Cocok untuk penggunaan harian seperti browsing, mengetik, meeting online, dan tugas ringan; Cocok untuk programming dan multitasking; Memiliki storage yang mendukung workflow lebih cepat",benchmark,benchmark
Asus Vivobook 15 2022 X1502ZA-BQ502WS Laptop,Asus,12th Gen Core i5,8,512,0,Intel Integrated Iris Xe,Windows,15.6,1920 x 1080,12,16,63,56825,99.91,28.12,55,75,57.13,67.0,72.78,65.75,65.65,Daily Use,Mid Budget,"Cocok untuk penggunaan harian seperti browsing, mengetik, meeting online, dan tugas ringan; Memiliki storage yang mendukung workflow lebih cepat",benchmark,benchmark
Dell G15-5511 Gaming Laptop,Dell,11th Gen Core i5,16,512,0,4 GB NVIDIA GeForce RTX 3050,Windows,15.6,1920 x 1080,6,12,69,68102,71.0,100.0,80,75,86.0,81.1,77.55,81.3,82.1,Gaming,Mid Budget,Cocok untuk gaming dan kebutuhan grafis tinggi; Memiliki storage yang mendukung workflow lebih cepat,fallback,benchmark
Dell G15-5520 Laptop,Dell,12th Gen Core i7,16,512,0,4 GB NVIDIA GeForce RTX 3050 Ti,Windows,15.6,1920 x 1080,14,20,75,108400,100.0,100.0,80,75,93.25,91.25,86.25,90.0,92.25,Gaming,High Budget,Cocok untuk gaming dan kebutuhan grafis tinggi; Cocok untuk programming dan multitasking; Cocok untuk AI ringan dan image processing; Memiliki storage yang mendukung workflow lebih cepat,benchmark,benchmark
Acer Aspire 3 A315-58 Laptop,Acer,11th Gen Core i5,8,512,0,Intel Iris Xe,Windows,15.6,1920 x 1080,4,8,53,43490,71.0,28.12,55,75,49.9,56.88,64.11,57.08,55.54,Daily Use,Low Budget,"Cocok untuk penggunaan harian seperti browsing, mengetik, meeting online, dan tugas ringan; Memiliki storage yang mendukung workflow lebih cepat",fallback,benchmark
HP Pavilion 15-EC2048AX Gaming Laptop,HP,Ryzen 5 5600H,8,512,0,4 GB NVIDIA GeForce RTX 3050Ti,Windows,15.6,1920 x 1080,6,12,72,69028,73.2,100.0,55,75,82.8,75.62,71.96,75.71,77.87,Gaming,Mid Budget,Cocok untuk gaming dan kebutuhan grafis tinggi; Memiliki storage yang mendukung workflow lebih cepat,benchmark,benchmark
Dell Inspiron 3525 Laptop,Dell,Athlon Silver 3050U,8,256,0,AMD Radeon Graphics,Windows,15.6,1920 x 1080,2,2,48,33000,13.61,73.06,55,60,53.53,45.78,46.14,48.1,46.68,Gaming,Low Budget,Cocok untuk gaming dan kebutuhan grafis tinggi,benchmark,benchmark
Avita Satus Ultimus S111 Laptop,Avita,Celeron N4020,4,128,0,Intel Integrated UHD Graphics,Windows,14.1,1920 x 1080,2,2,47,16990,7.3,16.42,30,50,21.21,21.66,28.83,23.8,20.98,Daily Use,Low Budget,"Cocok untuk penggunaan harian seperti browsing, mengetik, meeting online, dan tugas ringan",benchmark,benchmark
Samsung Galaxy Book Go Laptop,Samsung,Snapdragon 7c,4,0,128,Qualcomm Adreno,Windows,14.0,1920 x 1080,0,0,0,32990,13.76,17.27,30,30,20.21,21.13,23.86,21.95,20.5,Daily Use,Low Budget,"Cocok untuk penggunaan harian seperti browsing, mengetik, meeting online, dan tugas ringan",benchmark,benchmark
Asus Vivobook 13 Slate OLED T3300KA-LQ122WS Laptop,Asus,Pentium Silver N6000,4,0,128,Intel UHD Graphics,Windows,13.3,1920 x 1080,4,4,51,29990,13.24,16.42,30,30,19.7,20.74,23.61,21.58,20.06,Daily Use,Low Budget,"Cocok untuk penggunaan harian seperti browsing, mengetik, meeting online, dan tugas ringan",benchmark,benchmark
Asus VivoBook 15 X515EA-EJ322WS Laptop,Asus,11th Gen Core i3,8,512,0,Intel UHD Graphics,Windows,15.6,1920 x 1080,2,4,50,35990,54.52,16.42,55,75,40.52,48.19,58.0,49.21,46.26,Daily Use,Low Budget,"Cocok untuk penggunaan harian seperti browsing, mengetik, meeting online, dan tugas ringan; Memiliki storage yang mendukung workflow lebih cepat",benchmark,benchmark
Lenovo Ideapad 15ALC6 82KU017KIN Laptop,Lenovo,Ryzen 5 5500U,8,512,0,AMD Radeon,Windows,15.6,1920 x 1080,6,12,59,47799,56.3,7.39,55,75,36.9,46.55,57.63,47.49,44.17,Daily Use,Low Budget,"Cocok untuk penggunaan harian seperti browsing, mengetik, meeting online, dan tugas ringan; Memiliki storage yang mendukung workflow lebih cepat",benchmark,benchmark
HP Pavilion 15-EC2146AX Gaming Laptop,HP,Ryzen 7 5800H,16,512,0,4 GB NVIDIA GeForce RTX 3050,Windows,15.6,1920 x 1080,8,16,72,73758,91.22,100.0,80,75,91.06,88.18,83.62,87.37,89.18,Gaming,Mid Budget,Cocok untuk gaming dan kebutuhan grafis tinggi; Cocok untuk programming dan multitasking; Cocok untuk AI ringan dan image processing; Memiliki storage yang mendukung workflow lebih cepat,benchmark,benchmark
Infinix INBook X1 XL11 Laptop,Infinix,10th Gen Core i5,8,512,0,Intel Integrated UHD,Windows,14.0,1920 x 1080,4,8,48,37490,99.91,16.42,55,75,51.87,64.07,71.61,62.83,62.14,Daily Use,Low Budget,"Cocok untuk penggunaan harian seperti browsing, mengetik, meeting online, dan tugas ringan; Memiliki storage yang mendukung workflow lebih cepat",benchmark,benchmark
Apple MacBook Pro 14 inch MKGP3HN Laptop,Apple,M1 Pro 8-core CPU,16,512,0,14-Core GPU,Mac,14.2,3024 x 1964,8,0,53,171594,74.57,35.0,80,75,57.64,66.1,72.12,66.12,63.85,Daily Use,High Budget,"Cocok untuk penggunaan harian seperti browsing, mengetik, meeting online, dan tugas ringan; Memiliki storage yang mendukung workflow lebih cepat",benchmark,fallback
HP Victus 16-e0162AX Gaming Laptop,HP,Ryzen 5 5600H,8,512,0,4 GB AMD Radeon RX 5500M,Windows,16.1,1920 x 1080,6,12,65,61490,73.2,40.09,55,75,55.84,60.64,65.97,60.73,59.9,Daily Use,Mid Budget,"Cocok untuk penggunaan harian seperti browsing, mengetik, meeting online, dan tugas ringan; Memiliki storage yang mendukung workflow lebih cepat",benchmark,benchmark
Dell Inspiron 3511 Laptop,Dell,11th Gen Core i5,8,512,0,2 GB NVIDIA GeForce MX350,Windows,15.6,1920 x 1080,4,8,61,59306,71.0,28.83,55,75,50.22,57.06,64.18,57.26,55.75,Daily Use,Mid Budget,"Cocok untuk penggunaan harian seperti browsing, mengetik, meeting online, dan tugas ringan; Memiliki storage yang mendukung workflow lebih cepat",fallback,benchmark
Dell Latitude 5420 Laptop,Dell,11th Gen Core i5,8,256,0,Intel Iris Xe Graphics,Windows,14.0,1920 x 1080,4,8,60,74500,71.0,28.12,55,60,47.65,54.63,58.86,54.08,53.29,Daily Use,Mid Budget,"Cocok untuk penggunaan harian seperti browsing, mengetik, meeting online, dan tugas ringan",fallback,benchmark
HP Pavilion 15-DK2100TX Gaming Laptop,HP,11th Gen Core i5,8,256,1000,4 GB NVIDIA GeForce GTX 1650,Windows,15.6,1920 x 1080,4,8,75,66990,71.0,77.12,55,65,70.45,67.63,65.51,67.33,68.74,Gaming,Mid Budget,Cocok untuk gaming dan kebutuhan grafis tinggi,fallback,benchmark
Dell Inspiron 5518 Laptop,Dell,11th Gen Core i5,16,512,0,Intel Iris Xe Graphics,Windows,15.6,1920 x 1080,4,8,71,67990,71.0,28.12,80,75,53.65,63.13,70.36,63.33,60.54,Daily Use,Mid Budget,"Cocok untuk penggunaan harian seperti browsing, mengetik, meeting online, dan tugas ringan; Memiliki storage yang mendukung workflow lebih cepat",fallback,benchmark
Xiaomi Mi Notebook Pro 14 Laptop,Xiaomi,11th Gen Core i5,16,512,0,Intel Iris Xe Graphics,Windows,14.0,2560 x 1600,4,8,62,58355,71.0,28.12,80,75,53.65,63.13,70.36,63.33,60.54,Daily Use,Mid Budget,"Cocok untuk penggunaan harian seperti browsing, mengetik, meeting online, dan tugas ringan; Memiliki storage yang mendukung workflow lebih cepat",fallback,benchmark
HP 15s-GR0012AU Laptop,HP,AMD Ryzen 3 3250U,8,256,1000,AMD Radeon Vega 6,Windows,15.6,1920 x 1080,2,4,62,44990,17.49,13.63,55,65,28.51,33.03,43.11,35.4,30.96,Daily Use,Low Budget,"Cocok untuk penggunaan harian seperti browsing, mengetik, meeting online, dan tugas ringan",benchmark,benchmark
HP EliteBook 840 G6,HP,8LX79PA) Laptop ,8,512,0,Integrated UHD Graphics 620,Windows,14.0,1920 x 1080,4,8,57,90464,35.0,11.1,55,75,33.25,40.02,51.61,42.02,37.83,Daily Use,High Budget,"Cocok untuk penggunaan harian seperti browsing, mengetik, meeting online, dan tugas ringan; Memiliki storage yang mendukung workflow lebih cepat",fallback,benchmark
HP 15s-fq2717TU Laptop,HP,11th Gen Core i3,8,512,0,Intel Integrated UHD,Windows,15.6,1920 x 1080,2,4,56,41990,54.52,16.42,55,75,40.52,48.19,58.0,49.21,46.26,Daily Use,Low Budget,"Cocok untuk penggunaan harian seperti browsing, mengetik, meeting online, dan tugas ringan; Memiliki storage yang mendukung workflow lebih cepat",benchmark,benchmark
Asus VivoBook 15 X515EA-EJ701WS Laptop,Asus,11th Gen Core i7,16,512,0,Intel Integrated Iris Xe,Windows,15.6,1920 x 1080,4,8,61,54990,86.0,28.12,80,75,57.4,68.38,74.86,67.83,65.79,Daily Use,Low Budget,"Cocok untuk penggunaan harian seperti browsing, mengetik, meeting online, dan tugas ringan; Cocok untuk programming dan multitasking; Memiliki storage yang mendukung workflow lebih cepat",fallback,benchmark
HP 245 G8 Laptop,HP,AMD Athlon Silver 3050U,8,0,1000,AMD Radeon Graphics,Windows,14.0,1366 x 768,2,2,47,25999,13.61,73.06,55,50,52.03,44.28,42.64,46.1,45.18,Gaming,Low Budget,Cocok untuk gaming dan kebutuhan grafis tinggi,benchmark,benchmark
HP 15s-eq2146AU Laptop,HP,Ryzen 3 5300U,8,256,0,AMD Radeon Graphics,Windows,15.6,1920 x 1080,4,8,59,40490,43.04,73.06,55,60,60.89,56.08,54.97,56.93,56.98,Gaming,Low Budget,Cocok untuk gaming dan kebutuhan grafis tinggi,benchmark,benchmark
Lenovo V15 82KBA01TIH Laptop,Lenovo,11th Gen Core i5,8,512,0,Intel Integrated Iris Xe,Windows,15.6,1920 x 1080,4,8,65,49490,71.0,28.12,55,75,49.9,56.88,64.11,57.08,55.54,Daily Use,Low Budget,"Cocok untuk penggunaan harian seperti browsing, mengetik, meeting online, dan tugas ringan; Memiliki storage yang mendukung workflow lebih cepat",fallback,benchmark
Apple MacBook Pro M2 2022 Laptop,Apple,Apple M2,16,512,0,10 Core GPU,Mac,13.3,2560 x 1600,8,0,47,168900,100.0,35.0,80,75,64.0,75.0,79.75,73.75,72.75,Editing,High Budget,"Cocok untuk editing video, desain grafis, dan rendering ringan; Cocok untuk programming dan multitasking; Memiliki storage yang mendukung workflow lebih cepat",benchmark,fallback
Lenovo V15 82KDA01UIH Laptop,Lenovo,AMD Ryzen 3 5300U,8,512,0,AMD Radeon Graphics,DOS,15.6,1920 x 1080,4,8,56,32990,43.04,73.06,55,75,63.14,58.33,60.22,59.93,59.23,Gaming,Low Budget,Cocok untuk gaming dan kebutuhan grafis tinggi; Memiliki storage yang mendukung workflow lebih cepat,benchmark,benchmark
Lenovo Yoga 9i 83B1002GIN Laptop,Lenovo,13th Gen Core i7,16,1000,0,Intel Iris Xe Integrated Graphics,Windows,14.0,3840 x 2400,12,16,78,174990,90.0,28.12,80,90,60.65,72.03,81.31,72.03,69.44,Daily Use,High Budget,"Cocok untuk penggunaan harian seperti browsing, mengetik, meeting online, dan tugas ringan; Cocok untuk programming dan multitasking; Memiliki storage yang mendukung workflow lebih cepat",fallback,benchmark
Honor MagicBook X14 Laptop,Honor,11th Gen Core i5,8,512,0,‎Intel Iris Xe Graphics,Windows,14.0,1920 x 1080,4,8,63,46990,71.0,28.12,55,75,49.9,56.88,64.11,57.08,55.54,Daily Use,Low Budget,"Cocok untuk penggunaan harian seperti browsing, mengetik, meeting online, dan tugas ringan; Memiliki storage yang mendukung workflow lebih cepat",fallback,benchmark
Chuwi CoreBook X Laptop,Chuwi,12th Gen Core i3,16,512,0,Intel HD Graphics,Windows,14.0,2160 x 1440,6,8,54,33990,54.52,9.99,80,75,41.38,52.83,63.6,53.85,49.33,Daily Use,Low Budget,"Cocok untuk penggunaan harian seperti browsing, mengetik, meeting online, dan tugas ringan; Memiliki storage yang mendukung workflow lebih cepat",benchmark,benchmark
Dell Inspiron 15 3520 D560915WIN9S Laptop,Dell,12th Gen Core i3,8,512,0,Intel UHD Graphics,Windows,15.6,1920 x 1080,6,8,59,46900,54.52,16.42,55,75,40.52,48.19,58.0,49.21,46.26,Daily Use,Low Budget,"Cocok untuk penggunaan harian seperti browsing, mengetik, meeting online, dan tugas ringan; Memiliki storage yang mendukung workflow lebih cepat",benchmark,benchmark
Dell Inspiron 3520 D560866WIN9S Laptop,Dell,12th Gen Core i5,8,512,0,Intel Iris Xe Graphics,Windows,15.6,1920 x 1080,10,12,60,63690,99.91,28.12,55,75,57.13,67.0,72.78,65.75,65.65,Daily Use,Mid Budget,"Cocok untuk penggunaan harian seperti browsing, mengetik, meeting online, dan tugas ringan; Memiliki storage yang mendukung workflow lebih cepat",benchmark,benchmark
Lenovo V15 82KDA00YIH Laptop,Lenovo,AMD Ryzen 5 5500U,8,512,0,AMD Radeon Graphics,DOS,15.6,1920 x 1080,6,12,56,42137,56.3,73.06,55,75,66.45,62.97,64.2,63.9,63.87,Gaming,Low Budget,Cocok untuk gaming dan kebutuhan grafis tinggi; Memiliki storage yang mendukung workflow lebih cepat,benchmark,benchmark
HP 245 G8 3S7L2PA Laptop,HP,AMD Ryzen 3 3250U,4,0,1000,AMD Radeon Graphics,Windows,14.0,1920 x 1080,2,4,53,24990,17.49,73.06,30,50,49.25,39.39,37.55,41.01,41.54,Gaming,Low Budget,Cocok untuk gaming dan kebutuhan grafis tinggi,benchmark,benchmark
Acer Aspire 3 A314-35 UN.K0SSI.040 Laptop,Acer, Pentium Silver N6005,4,256,0,Intel Integrated UHD,Windows,14.0,1366 x 768,4,4,50,37990,20.72,16.42,30,60,26.07,27.86,36.36,29.82,27.18,Daily Use,Low Budget,"Cocok untuk penggunaan harian seperti browsing, mengetik, meeting online, dan tugas ringan",benchmark,benchmark
Asus VivoBook 15 X1500EA-EJ3379WS Laptop,Asus,11th Gen Core i3,8,512,0,Intel UHD Graphics,Windows,15.6,1920 x 1080,2,4,51,42990,54.52,16.42,55,75,40.52,48.19,58.0,49.21,46.26,Daily Use,Low Budget,"Cocok untuk penggunaan harian seperti browsing, mengetik, meeting online, dan tugas ringan; Memiliki storage yang mendukung workflow lebih cepat",benchmark,benchmark
Lenovo V15 82KBA01KIH Laptop,Lenovo,11th Gen Core i5,8,512,0,Intel Integrated UHD,DOS,15.6,1920 x 1080,4,8,60,52500,71.0,16.42,55,75,44.64,53.96,62.94,54.16,52.03,Daily Use,Low Budget,"Cocok untuk penggunaan harian seperti browsing, mengetik, meeting online, dan tugas ringan; Memiliki storage yang mendukung workflow lebih cepat",fallback,benchmark
HP 255 G8 Business Laptop,HP,Athlon 3050U,8,0,1000,AMD Radeon Graphics,Windows,15.6,1366 x 768,2,2,47,27390,13.61,73.06,55,50,52.03,44.28,42.64,46.1,45.18,Gaming,Low Budget,Cocok untuk gaming dan kebutuhan grafis tinggi,benchmark,benchmark
Lenovo E41-55 82FJ00ALIH Laptop,Lenovo,Athlon 3150U,4,0,1000,AMD Radeon AMD,DOS,14.0,1366 x 768,2,2,48,18990,17.65,7.39,30,50,19.74,23.02,31.03,24.64,21.89,Daily Use,Low Budget,"Cocok untuk penggunaan harian seperti browsing, mengetik, meeting online, dan tugas ringan",benchmark,benchmark
Lenovo E41-55 82FJ00BLIH Laptop,Lenovo,Athlon 3050U,4,256,0,AMD Radeon AMD,Windows,14.0,1366 x 768,2,2,51,20990,13.61,7.39,30,60,20.23,23.11,33.32,25.43,21.98,Daily Use,Low Budget,"Cocok untuk penggunaan harian seperti browsing, mengetik, meeting online, dan tugas ringan",benchmark,benchmark
Dell Inspiron 5620 Laptop,Dell,12th Gen Core i7,16,512,0,2 GB NVIDIA GeForce MX570,Windows,16.0,1920 x 1080,10,12,69,98450,100.0,13.04,80,75,54.12,69.51,77.55,68.26,66.16,Daily Use,High Budget,"Cocok untuk penggunaan harian seperti browsing, mengetik, meeting online, dan tugas ringan; Cocok untuk programming dan multitasking; Memiliki storage yang mendukung workflow lebih cepat",benchmark,benchmark
Acer Aspire 7 A715-51G UN.QGCSI.002 Gaming Laptop,Acer,12th Gen Core i5,16,512,0,4 GB NVIDIA GeForce RTX 3050,Windows,15.6,1920 x 1080,12,16,76,73990,99.91,100.0,80,75,93.23,91.22,86.22,89.97,92.22,Gaming,Mid Budget,Cocok untuk gaming dan kebutuhan grafis tinggi; Cocok untuk programming dan multitasking; Cocok untuk AI ringan dan image processing; Memiliki storage yang mendukung workflow lebih cepat,benchmark,benchmark
Asus VivoBook 14 X415EA-EK522WS Laptop,Asus,11th Gen Core i5,8,512,0,Intel Integrated Intel UHD,Windows,14.0,1920 x 1080,4,8,65,49490,71.0,16.42,55,75,44.64,53.96,62.94,54.16,52.03,Daily Use,Low Budget,"Cocok untuk penggunaan harian seperti browsing, mengetik, meeting online, dan tugas ringan; Memiliki storage yang mendukung workflow lebih cepat",fallback,benchmark
Dell Alienware M15 R7 Gaming Laptop,Dell,12th Gen Core i7,16,512,0,6 GB NVIDIA GeForce RTX 3060,Windows,15.6,1920 x 1080,14,20,84,168990,100.0,100.0,80,75,93.25,91.25,86.25,90.0,92.25,Gaming,High Budget,Cocok untuk gaming dan kebutuhan grafis tinggi; Cocok untuk programming dan multitasking; Cocok untuk AI ringan dan image processing; Memiliki storage yang mendukung workflow lebih cepat,benchmark,benchmark
Asus Vivobook 16X M1603QA-MB512WS Laptop,Asus,Ryzen 5-5600H,16,512,0,AMD Radeon Vega 7,Windows,16.0,1200 x 1920,6,12,68,54990,73.2,17.26,80,75,49.32,61.18,69.94,61.28,58.05,Daily Use,Low Budget,"Cocok untuk penggunaan harian seperti browsing, mengetik, meeting online, dan tugas ringan; Memiliki storage yang mendukung workflow lebih cepat",benchmark,benchmark
Acer Extensa EX215-31 Laptop,Acer,Pentium N5030,8,256,0,Intel Integrated UHD 605,Windows,15.6,1366 x 768,4,0,50,24990,12.04,16.42,55,60,27.65,31.07,40.0,33.47,29.14,Daily Use,Low Budget,"Cocok untuk penggunaan harian seperti browsing, mengetik, meeting online, dan tugas ringan",benchmark,benchmark
Asus Vivobook 15 2022 X1502ZA-EJ514WS Laptop,Asus,12th Gen Core i5,8,512,0,Intel Iris Xe,Windows,15.6,1920 x 1080,10,12,62,56990,99.91,28.12,55,75,57.13,67.0,72.78,65.75,65.65,Daily Use,Mid Budget,"Cocok untuk penggunaan harian seperti browsing, mengetik, meeting online, dan tugas ringan; Memiliki storage yang mendukung workflow lebih cepat",benchmark,benchmark
Asus VivoBook 15 X1500EA-EJ522WS Laptop,Asus,11th Gen Core i5,8,512,0,Intel Iris Xe Graphics,Windows,15.6,1920 x 1080,4,8,56,46890,71.0,28.12,55,75,49.9,56.88,64.11,57.08,55.54,Daily Use,Low Budget,"Cocok untuk penggunaan harian seperti browsing, mengetik, meeting online, dan tugas ringan; Memiliki storage yang mendukung workflow lebih cepat",fallback,benchmark
Lenovo IdeaPad 3 82KU017KIN Laptop,Lenovo,AMD Ryzen 5 5500U,8,512,0,AMD Radeon Graphics,Windows,15.6,1920 x 1080,6,12,57,45278,56.3,73.06,55,75,66.45,62.97,64.2,63.9,63.87,Gaming,Low Budget,Cocok untuk gaming dan kebutuhan grafis tinggi; Memiliki storage yang mendukung workflow lebih cepat,benchmark,benchmark
Dell G15-5521 D560897WIN9S Gaming Laptop,Dell,12th Gen Core i9,16,1000,0,8 GB NVIDIA GEFORCE RTX 3070 Ti,Windows,15.6,2560 x 1440,14,20,71,138990,100.0,100.0,80,90,95.5,93.5,91.5,93.0,94.5,Gaming,High Budget,Cocok untuk gaming dan kebutuhan grafis tinggi; Cocok untuk programming dan multitasking; Cocok untuk AI ringan dan image processing; Memiliki storage yang mendukung workflow lebih cepat,benchmark,benchmark
Dell Inspiron 5420 Laptop,Dell,12th Gen Core i7,16,512,0,Intel Integrated Iris,Windows,14.0,1920 x 1200,10,12,57,79490,100.0,28.12,80,75,60.9,73.28,79.06,72.03,70.69,Daily Use,Mid Budget,"Cocok untuk penggunaan harian seperti browsing, mengetik, meeting online, dan tugas ringan; Cocok untuk programming dan multitasking; Memiliki storage yang mendukung workflow lebih cepat",benchmark,benchmark
HP 255 G8 6X4B2PA Laptop,HP,AMD Athlon 3050,4,256,0,‎AMD Integrated,DOS,15.6,1920 x 1080,2,2,0,21633,17.45,1.06,30,60,18.34,22.87,33.84,25.0,21.43,Daily Use,Low Budget,"Cocok untuk penggunaan harian seperti browsing, mengetik, meeting online, dan tugas ringan",benchmark,benchmark
Asus Vivobook 15 OLED X1505ZA-L1511WS Laptop,Asus,12th Gen Core i5,16,512,0,Intel Integrated Iris Xe,Windows,15.6,1920 x 1080,10,12,61,67499,99.91,28.12,80,75,60.88,73.25,79.04,72.0,70.65,Daily Use,Mid Budget,"Cocok untuk penggunaan harian seperti browsing, mengetik, meeting online, dan tugas ringan; Cocok untuk programming dan multitasking; Memiliki storage yang mendukung workflow lebih cepat",benchmark,benchmark
Microsoft Surface Laptop 5 13.5 inch,Microsoft,12th Gen Core i5,8,256,0,Intel Iris Xe,Windows,13.5,2256 x 1504,10,12,50,98990,99.91,28.12,55,60,54.88,64.75,67.54,62.75,63.4,Daily Use,High Budget,"Cocok untuk penggunaan harian seperti browsing, mengetik, meeting online, dan tugas ringan",benchmark,benchmark
Infinix INBook X2 Plus XL25 Laptop,Infinix,11th Gen Core i3,8,256,0,Intel Integrated UHD,Windows,15.6,1920 x 1080,2,4,45,34990,54.52,16.42,55,60,38.27,45.94,52.75,46.21,44.01,Daily Use,Low Budget,"Cocok untuk penggunaan harian seperti browsing, mengetik, meeting online, dan tugas ringan",benchmark,benchmark
Infinix INBook X2 Plus XL25 Laptop,Infinix,11th Gen Core i7,16,512,0,Intel Integrated Iris Xe,Windows,15.6,1920 x 1080,4,8,59,57990,86.0,28.12,80,75,57.4,68.38,74.86,67.83,65.79,Daily Use,Mid Budget,"Cocok untuk penggunaan harian seperti browsing, mengetik, meeting online, dan tugas ringan; Cocok untuk programming dan multitasking; Memiliki storage yang mendukung workflow lebih cepat",fallback,benchmark
Infinix INBook X2 Plus XL25 Laptop,Infinix,11th Gen Core i5,8,512,0,Intel Integrated Iris Xe,Windows,15.6,1920 x 1080,4,8,49,47990,71.0,28.12,55,75,49.9,56.88,64.11,57.08,55.54,Daily Use,Low Budget,"Cocok untuk penggunaan harian seperti browsing, mengetik, meeting online, dan tugas ringan; Memiliki storage yang mendukung workflow lebih cepat",fallback,benchmark
Honor MagicBook 14 M-WFQ9AHNE Laptop,Honor,AMD Ryzen 5 5500U,16,512,0,AMD Radeon,Windows,14.0,1920 x 1080,6,12,59,44990,56.3,7.39,80,75,40.65,52.8,63.88,53.74,49.17,Daily Use,Low Budget,"Cocok untuk penggunaan harian seperti browsing, mengetik, meeting online, dan tugas ringan; Memiliki storage yang mendukung workflow lebih cepat",benchmark,benchmark
HP Victus 15-fa0092TX Laptop,HP,12th Gen Core i5,16,512,0,4 GB NVIDIA GeForce RTX 3050,Windows,15.6,1920 x 1080,8,12,69,81990,99.91,100.0,80,75,93.23,91.22,86.22,89.97,92.22,Gaming,Mid Budget,Cocok untuk gaming dan kebutuhan grafis tinggi; Cocok untuk programming dan multitasking; Cocok untuk AI ringan dan image processing; Memiliki storage yang mendukung workflow lebih cepat,benchmark,benchmark
HP ProBook 440 G8 Laptop,HP,11th Gen Core i5,8,512,0,Intel Iris Xe Graphics,Windows,14.0,1366 x 768,4,8,56,51990,71.0,28.12,55,75,49.9,56.88,64.11,57.08,55.54,Daily Use,Low Budget,"Cocok untuk penggunaan harian seperti browsing, mengetik, meeting online, dan tugas ringan; Memiliki storage yang mendukung workflow lebih cepat",fallback,benchmark
Lenovo Legion 5 82RB00K8IN Laptop,Lenovo,12th Gen Core i7,16,1000,0,6 GB NVIDIA GeForce RTX 3060,Windows,15.6,2560 x 1600,14,20,86,141990,100.0,100.0,80,90,95.5,93.5,91.5,93.0,94.5,Gaming,High Budget,Cocok untuk gaming dan kebutuhan grafis tinggi; Cocok untuk programming dan multitasking; Cocok untuk AI ringan dan image processing; Memiliki storage yang mendukung workflow lebih cepat,benchmark,benchmark
Dell Inspiron 3520 D560879WIN9S Laptop,Dell,12th Gen Core i5,16,512,0,Intel Iris Xe Graphics,Windows,15.6,1920 x 1080,10,12,62,65990,99.91,28.12,80,75,60.88,73.25,79.04,72.0,70.65,Daily Use,Mid Budget,"Cocok untuk penggunaan harian seperti browsing, mengetik, meeting online, dan tugas ringan; Cocok untuk programming dan multitasking; Memiliki storage yang mendukung workflow lebih cepat",benchmark,benchmark
HP Omen 16-n0091AX Gaming Laptop,HP,AMD Ryzen 7 6800H,16,512,0,4 GB NVIDIA GeForce RTX 3050Ti,Windows,16.1,1920 x 1080,8,16,69,115903,99.56,100.0,80,75,93.14,91.1,86.12,89.87,92.1,Gaming,High Budget,Cocok untuk gaming dan kebutuhan grafis tinggi; Cocok untuk programming dan multitasking; Cocok untuk AI ringan dan image processing; Memiliki storage yang mendukung workflow lebih cepat,benchmark,benchmark
MSI Modern 15 B12M-202IN Laptop,MSI,12th Gen Core i5,8,512,0,Intel Integrated Iris Xe,Windows,15.6,1920 x 1080,10,12,61,55490,99.91,28.12,55,75,57.13,67.0,72.78,65.75,65.65,Daily Use,Low Budget,"Cocok untuk penggunaan harian seperti browsing, mengetik, meeting online, dan tugas ringan; Memiliki storage yang mendukung workflow lebih cepat",benchmark,benchmark
Lenovo Legion 5 Pro 16IAH7H 82RF00DYIN Gaming Laptop,Lenovo,12th Gen Core i7,16,1000,0,6 GB NVIDIA GeForce RTX 3060,Windows,16.0,2560 x 1600,14,20,84,164990,100.0,100.0,80,90,95.5,93.5,91.5,93.0,94.5,Gaming,High Budget,Cocok untuk gaming dan kebutuhan grafis tinggi; Cocok untuk programming dan multitasking; Cocok untuk AI ringan dan image processing; Memiliki storage yang mendukung workflow lebih cepat,benchmark,benchmark
Asus Vivobook Pro 15 OLED M3500QC-L1461WS Gaming Laptop,Asus,AMD Ryzen 5 5600H,16,512,0,4 GB NVIDIA GeForce RTX 3050,Windows,15.6,1920 x 1080,6,12,69,98500,73.2,100.0,80,75,86.55,81.87,78.21,81.96,82.87,Gaming,High Budget,Cocok untuk gaming dan kebutuhan grafis tinggi; Memiliki storage yang mendukung workflow lebih cepat,benchmark,benchmark
Lenovo V15 82C3001VSP Laptop,Lenovo,Celeron N4020,4,256,0,Intel Integrated UHD,Windows,15.6,1920 x 1080,2,2,51,21999,7.3,16.42,30,60,22.71,23.16,32.33,25.8,22.48,Daily Use,Low Budget,"Cocok untuk penggunaan harian seperti browsing, mengetik, meeting online, dan tugas ringan",benchmark,benchmark
Dell Inspiron 5320 Laptop,Dell,12th Gen Core i5,16,512,0,Intel Integrated UHD,Windows,13.3,2560 x 1600,12,16,66,76490,99.91,16.42,80,75,55.62,70.32,77.86,69.08,67.14,Daily Use,Mid Budget,"Cocok untuk penggunaan harian seperti browsing, mengetik, meeting online, dan tugas ringan; Cocok untuk programming dan multitasking; Memiliki storage yang mendukung workflow lebih cepat",benchmark,benchmark
Asus TUF Gaming A15 2022 FA506QM-HN008W Gaming Laptop,Asus,AMD Ryzen 7 5800H,16,512,0,6 GB NVIDIA GeForce RTX 3060,Windows,15.6,1920 x 1080,8,16,75,89990,91.22,100.0,80,75,91.06,88.18,83.62,87.37,89.18,Gaming,High Budget,Cocok untuk gaming dan kebutuhan grafis tinggi; Cocok untuk programming dan multitasking; Cocok untuk AI ringan dan image processing; Memiliki storage yang mendukung workflow lebih cepat,benchmark,benchmark
Lenovo E41-55 AMD Laptop,Lenovo,Athlon Pro 3045B,8,0,1000,AMD Radeon Graphics,Windows,14.0,1920 x 1080,2,2,44,22999,33.16,73.06,55,50,56.92,51.12,48.5,51.96,52.02,Gaming,Low Budget,Cocok untuk gaming dan kebutuhan grafis tinggi,benchmark,benchmark
Asus VivoBook 14 2022 X1402ZA-EK391WS Laptop,Asus,12th Gen Core i3,8,256,0,Intel Integrated Iris Xe Graphics,Windows,14.0,1920 x 1080,10,12,60,38990,54.52,28.12,55,60,43.53,48.86,53.92,49.14,47.52,Daily Use,Low Budget,"Cocok untuk penggunaan harian seperti browsing, mengetik, meeting online, dan tugas ringan",benchmark,benchmark
Lenovo IdeaPad 3 82KU00LQIN Laptop,Lenovo,AMD Ryzen 5 5500U,8,512,0,AMD Radeon Graphics,Windows,15.6,1920 x 1080,6,12,55,46990,56.3,73.06,55,75,66.45,62.97,64.2,63.9,63.87,Gaming,Low Budget,Cocok untuk gaming dan kebutuhan grafis tinggi; Memiliki storage yang mendukung workflow lebih cepat,benchmark,benchmark
Lenovo V15 G2-ITL Business Laptop,Lenovo,11th Gen Core i5,8,512,0,Intel Integrated UHD,Windows,15.6,1920 x 1080,4,8,56,48999,71.0,16.42,55,75,44.64,53.96,62.94,54.16,52.03,Daily Use,Low Budget,"Cocok untuk penggunaan harian seperti browsing, mengetik, meeting online, dan tugas ringan; Memiliki storage yang mendukung workflow lebih cepat",fallback,benchmark
Lenovo IdeaPad Gaming 3 82K1019BIN Laptop,Lenovo,11th Gen Core i5,16,512,0,4 GB NVIDIA GeForce RTX 3050,Windows,15.6,1920 x 1080,4,8,71,68989,71.0,100.0,80,75,86.0,81.1,77.55,81.3,82.1,Gaming,Mid Budget,Cocok untuk gaming dan kebutuhan grafis tinggi; Memiliki storage yang mendukung workflow lebih cepat,fallback,benchmark
MSI Gaming Katana GF76 11SC-847IN Laptop,MSI,11th Gen Core i5,8,512,0,4 GB NVIDIA GeForce GTX1650,Windows,15.6,1920 x 1080,6,12,72,55990,71.0,13.04,55,75,43.12,53.11,62.6,53.31,51.01,Daily Use,Mid Budget,"Cocok untuk penggunaan harian seperti browsing, mengetik, meeting online, dan tugas ringan; Memiliki storage yang mendukung workflow lebih cepat",fallback,benchmark
MSI Katana GF66 12UD-640IN Gaming Laptop,MSI,12th Gen Core i5,16,512,0,4 GB NVIDIA GeForce RTX 3050 Ti,Windows,15.6,1920 x 1080,8,12,76,77990,99.91,100.0,80,75,93.23,91.22,86.22,89.97,92.22,Gaming,Mid Budget,Cocok untuk gaming dan kebutuhan grafis tinggi; Cocok untuk programming dan multitasking; Cocok untuk AI ringan dan image processing; Memiliki storage yang mendukung workflow lebih cepat,benchmark,benchmark
MSI Thin GF63 12HW-004IN Gaming Laptop,MSI,12th Gen Core i5,8,512,0,Intel Integrated ARC,Windows,15.6,1920 x 1080,12,16,60,54990,99.91,16.42,55,75,51.87,64.07,71.61,62.83,62.14,Daily Use,Low Budget,"Cocok untuk penggunaan harian seperti browsing, mengetik, meeting online, dan tugas ringan; Memiliki storage yang mendukung workflow lebih cepat",benchmark,benchmark
Lenovo IdeaPad Gaming 3 82SA00B2IN Laptop,Lenovo,12th Gen Core i7,16,512,0,6 GB NVIDIA GeForce RTX 3060,Windows,16.0,1920 x 1200,14,20,79,105990,100.0,100.0,80,75,93.25,91.25,86.25,90.0,92.25,Gaming,High Budget,Cocok untuk gaming dan kebutuhan grafis tinggi; Cocok untuk programming dan multitasking; Cocok untuk AI ringan dan image processing; Memiliki storage yang mendukung workflow lebih cepat,benchmark,benchmark
Lenovo IdeaPad Slim 5 82LN00JSIN Laptop,Lenovo,Ryzen 7 5700U,16,512,0,AMD Radeon Graphics,Windows,15.6,1920 x 1080,8,16,68,64990,68.59,73.06,80,75,73.27,73.52,74.13,73.84,73.17,Gaming,Mid Budget,Cocok untuk gaming dan kebutuhan grafis tinggi; Memiliki storage yang mendukung workflow lebih cepat,benchmark,benchmark
MSI Pulse GL66 12UEK-898IN Gaming Laptop,MSI,12th Gen Core i9,16,1000,0,6 GB NVIDIA GeForce RTX 3060,Windows,15.6,2560 x 1440,14,20,75,135000,100.0,100.0,80,90,95.5,93.5,91.5,93.0,94.5,Gaming,High Budget,Cocok untuk gaming dan kebutuhan grafis tinggi; Cocok untuk programming dan multitasking; Cocok untuk AI ringan dan image processing; Memiliki storage yang mendukung workflow lebih cepat,benchmark,benchmark
Chuwi HeroBook Air Laptop,Chuwi,Intel Celeron N4020,4,128,0,Intel HD Graphics,Windows,14.1,1366 x 768,2,2,42,15990,7.3,9.99,30,50,18.32,20.05,28.19,22.19,19.05,Daily Use,Low Budget,"Cocok untuk penggunaan harian seperti browsing, mengetik, meeting online, dan tugas ringan",benchmark,benchmark
MSI Vector GP66 12UEO-646IN Gaming Laptop,MSI,12th Gen Core i7,16,1000,0,6 GB NVIDIA GeForce RTX 3060,Windows,15.6,1920 x 1080,14,20,85,134000,100.0,100.0,80,90,95.5,93.5,91.5,93.0,94.5,Gaming,High Budget,Cocok untuk gaming dan kebutuhan grafis tinggi; Cocok untuk programming dan multitasking; Cocok untuk AI ringan dan image processing; Memiliki storage yang mendukung workflow lebih cepat,benchmark,benchmark
Lenovo IdeaPad Slim 3 81X800LCIN Laptop,Lenovo,11th Gen Core i3,8,256,0,Intel UHD Graphics,Windows,15.6,1920 x 1080,2,4,49,33990,54.52,16.42,55,60,38.27,45.94,52.75,46.21,44.01,Daily Use,Low Budget,"Cocok untuk penggunaan harian seperti browsing, mengetik, meeting online, dan tugas ringan",benchmark,benchmark
MSI Modern 14 B5M-242IN Laptop,MSI,Ryzen 5 5500U,8,512,0,AMD Radeon Radeon,Windows,14.0,1920 x 1080,6,12,59,44290,56.3,7.39,55,75,36.9,46.55,57.63,47.49,44.17,Daily Use,Low Budget,"Cocok untuk penggunaan harian seperti browsing, mengetik, meeting online, dan tugas ringan; Memiliki storage yang mendukung workflow lebih cepat",benchmark,benchmark
HP Envy x360 13-bf0059TU Laptop,HP,12th Gen Core i7,16,512,0,Intel Iris X Graphics,Windows,13.3,2880 x 1800,10,12,68,102123,100.0,14.92,80,75,54.96,69.98,77.74,68.73,66.73,Daily Use,High Budget,"Cocok untuk penggunaan harian seperti browsing, mengetik, meeting online, dan tugas ringan; Cocok untuk programming dan multitasking; Memiliki storage yang mendukung workflow lebih cepat",benchmark,benchmark
Asus ZenBook Pro Duo 14 OLED 2022 UX8402ZE-M711WS Laptop,Asus,12th Gen Core i7,16,1000,0,4 GB NVIDIA GeForce RTX 3050 Ti,Windows,14.5,2880 x 1800,14,20,81,159990,100.0,100.0,80,90,95.5,93.5,91.5,93.0,94.5,Gaming,High Budget,Cocok untuk gaming dan kebutuhan grafis tinggi; Cocok untuk programming dan multitasking; Cocok untuk AI ringan dan image processing; Memiliki storage yang mendukung workflow lebih cepat,benchmark,benchmark
Dell Vostro 3425 D552305WIN9BE Laptop,Dell,AMD Ryzen 3 5425U,8,256,0,AMD Radeon AMD,Windows,14.0,1920 x 1080,4,8,59,38663,41.34,7.39,55,60,30.91,39.07,47.89,40.0,36.69,Daily Use,Low Budget,"Cocok untuk penggunaan harian seperti browsing, mengetik, meeting online, dan tugas ringan",benchmark,benchmark
Lenovo Ideapad Slim 3 82H802KVIN Laptop,Lenovo,11th Gen Core i5,8,512,0,Intel Iris XE Graphic,Windows,15.6,1920 x 1080,4,8,59,55490,71.0,28.12,55,75,49.9,56.88,64.11,57.08,55.54,Daily Use,Low Budget,"Cocok untuk penggunaan harian seperti browsing, mengetik, meeting online, dan tugas ringan; Memiliki storage yang mendukung workflow lebih cepat",fallback,benchmark
Dell Vostro 3425 D552309WIN9BE Laptop,Dell,AMD Ryzen 3 5425U,8,512,0,AMD Radeon AMD,Windows,14.0,1920 x 1080,4,8,61,38990,41.34,7.39,55,75,33.16,41.32,53.14,43.0,38.94,Daily Use,Low Budget,"Cocok untuk penggunaan harian seperti browsing, mengetik, meeting online, dan tugas ringan; Memiliki storage yang mendukung workflow lebih cepat",benchmark,benchmark
Acer Extensa EX215-54 NX.EGJSI.00N Laptop,Acer,11th Gen Core i5,8,512,0,Intel Integrated Iris Xe,Windows,15.6,1920 x 1080,4,8,59,40990,71.0,28.12,55,75,49.9,56.88,64.11,57.08,55.54,Daily Use,Low Budget,"Cocok untuk penggunaan harian seperti browsing, mengetik, meeting online, dan tugas ringan; Memiliki storage yang mendukung workflow lebih cepat",fallback,benchmark
HP Pavilion 15s-FR5007TU Laptop,HP,12th Gen Core i5,8,512,0,Intel Iris Xe,Windows,15.6,1920 x 1080,10,12,59,59490,99.91,28.12,55,75,57.13,67.0,72.78,65.75,65.65,Daily Use,Mid Budget,"Cocok untuk penggunaan harian seperti browsing, mengetik, meeting online, dan tugas ringan; Memiliki storage yang mendukung workflow lebih cepat",benchmark,benchmark
Lenovo Ideapad Slim 3i 81WQ00NXIN Laptop,Lenovo,Intel Celeron N4020,8,256,0,Intel Integrated UHD,Windows,15.6,1366 x 768,2,2,49,28980,7.3,16.42,55,60,26.46,29.41,38.58,32.04,27.48,Daily Use,Low Budget,"Cocok untuk penggunaan harian seperti browsing, mengetik, meeting online, dan tugas ringan",benchmark,benchmark
Asus Vivobook 15 2022 X1502ZA-EJ302WS Laptop,Asus,12th Gen Core i3,8,256,0,Intel Iris Xe,Windows,15.6,1920 x 1080,10,12,51,40990,54.52,28.12,55,60,43.53,48.86,53.92,49.14,47.52,Daily Use,Low Budget,"Cocok untuk penggunaan harian seperti browsing, mengetik, meeting online, dan tugas ringan",benchmark,benchmark
HP 15s-ey1508AU Laptop,HP,AMD Ryzen 3 3250U,8,256,0,AMD Radeon Radeon,Windows,15.6,1366 x 768,2,4,55,29990,17.49,7.39,55,60,24.95,30.72,40.74,32.84,28.34,Daily Use,Low Budget,"Cocok untuk penggunaan harian seperti browsing, mengetik, meeting online, dan tugas ringan",benchmark,benchmark
MSI Thin GF63 11UC-866IN Gaming Laptop,MSI,11th Gen Core i7,8,512,0,4 GB NVIDIA GeForce RTX 3050,Windows,15.6,1920 x 1080,8,16,69,65590,86.0,100.0,55,75,86.0,80.1,75.8,79.55,82.35,Gaming,Mid Budget,Cocok untuk gaming dan kebutuhan grafis tinggi; Cocok untuk AI ringan dan image processing; Memiliki storage yang mendukung workflow lebih cepat,fallback,benchmark
Asus Vivobook Pro 15 OLED M6500IH-L1701WS Laptop,Asus,Ryzen 7-4800H,16,512,0,4 GB NVIDIA GeForce GTX 1650 Max Q,Windows,15.6,1920 x 1080,8,16,68,64990,81.04,77.12,80,75,78.21,78.89,78.27,78.59,78.75,Gaming,Mid Budget,Cocok untuk gaming dan kebutuhan grafis tinggi; Cocok untuk programming dan multitasking; Cocok untuk AI ringan dan image processing; Memiliki storage yang mendukung workflow lebih cepat,benchmark,benchmark
Lenovo IdeaPad Slim 3 82KU017EIN Laptop,Lenovo,AMD Ryzen 5 5500U,8,512,0,AMD Radeon,Windows,15.6,1920 x 1080,6,12,65,48990,56.3,7.39,55,75,36.9,46.55,57.63,47.49,44.17,Daily Use,Low Budget,"Cocok untuk penggunaan harian seperti browsing, mengetik, meeting online, dan tugas ringan; Memiliki storage yang mendukung workflow lebih cepat",benchmark,benchmark
Lenovo Ideapad Gaming 3 82K201UKIN Laptop,Lenovo,Ryzen 7 5800H,8,512,0,4 GB NVIDIA GeForce RTX 3050,Windows,15.6,1920 x 1080,8,16,67,77850,91.22,100.0,55,75,87.3,81.93,77.37,81.12,84.18,Gaming,Mid Budget,Cocok untuk gaming dan kebutuhan grafis tinggi; Cocok untuk AI ringan dan image processing; Memiliki storage yang mendukung workflow lebih cepat,benchmark,benchmark
Lenovo IdeaPad 3 14ITL6 82H701DYIN Laptop,Lenovo,11th Gen Core i3,8,512,0,Intel Integrated UHD,Windows,14.0,1920 x 1080,2,4,50,37990,54.52,16.42,55,75,40.52,48.19,58.0,49.21,46.26,Daily Use,Low Budget,"Cocok untuk penggunaan harian seperti browsing, mengetik, meeting online, dan tugas ringan; Memiliki storage yang mendukung workflow lebih cepat",benchmark,benchmark
Dell Latitude 5320 Business Laptop,Dell,11th Gen Core i5,8,512,0,Intel UHD Graphics,Windows,13.3,1920 x 1080,4,8,62,102400,71.0,16.42,55,75,44.64,53.96,62.94,54.16,52.03,Daily Use,High Budget,"Cocok untuk penggunaan harian seperti browsing, mengetik, meeting online, dan tugas ringan; Memiliki storage yang mendukung workflow lebih cepat",fallback,benchmark
MSI Thin GF63 11UC-867IN Gaming Laptop,MSI,11th Gen Core i5,8,512,0,4 GB NVIDIA GeForce RTX 3050,Windows,15.6,1920 x 1080,6,12,67,56990,71.0,100.0,55,75,82.25,74.85,71.3,75.05,77.1,Gaming,Mid Budget,Cocok untuk gaming dan kebutuhan grafis tinggi; Memiliki storage yang mendukung workflow lebih cepat,fallback,benchmark
HP 15s-fr2514TU Laptop,HP,11th Gen Core i3,8,256,0,Intel UHD Graphics,Windows,15.6,1920 x 1080,2,4,44,38499,54.52,16.42,55,60,38.27,45.94,52.75,46.21,44.01,Daily Use,Low Budget,"Cocok untuk penggunaan harian seperti browsing, mengetik, meeting online, dan tugas ringan",benchmark,benchmark
Asus Zenbook Flip 14 OLED UP5401ZA-KN501WS Laptop,Asus,12th Gen Core i5,16,512,0,Intel Integrated Iris Xe,Windows,14.0,2880 x 1800,12,16,65,85990,99.91,28.12,80,75,60.88,73.25,79.04,72.0,70.65,Daily Use,Mid Budget,"Cocok untuk penggunaan harian seperti browsing, mengetik, meeting online, dan tugas ringan; Cocok untuk programming dan multitasking; Memiliki storage yang mendukung workflow lebih cepat",benchmark,benchmark
Acer Aspire 3 A315-23 UN.HVTSI.013 Laptop,Acer,Ryzen 3 3250U,8,256,0,AMD Radeon AMD,Windows,15.6,1920 x 1200,2,4,54,26990,17.49,7.39,55,60,24.95,30.72,40.74,32.84,28.34,Daily Use,Low Budget,"Cocok untuk penggunaan harian seperti browsing, mengetik, meeting online, dan tugas ringan",benchmark,benchmark
HP 15s-dr3506TU Laptop,HP,11th Gen Core i3,8,256,1000,Intel UHD Graphics,Windows,15.6,1920 x 1080,2,4,61,43990,54.52,16.42,55,65,39.02,46.69,54.5,47.21,44.76,Daily Use,Low Budget,"Cocok untuk penggunaan harian seperti browsing, mengetik, meeting online, dan tugas ringan",benchmark,benchmark
HP 14s-fq0568AU Laptop,HP,AMD Athlon 3050U,8,256,0,AMD Radeon AMD,Windows,14.0,1366 x 768,2,2,50,25758,13.61,7.39,55,60,23.98,29.36,39.57,31.68,26.98,Daily Use,Low Budget,"Cocok untuk penggunaan harian seperti browsing, mengetik, meeting online, dan tugas ringan",benchmark,benchmark
HP 15s-du3614TU Laptop,HP,11th Gen Core i3,8,256,1000,Intel Integrated UHD,Windows,15.6,1920 x 1080,2,4,61,40390,54.52,16.42,55,65,39.02,46.69,54.5,47.21,44.76,Daily Use,Low Budget,"Cocok untuk penggunaan harian seperti browsing, mengetik, meeting online, dan tugas ringan",benchmark,benchmark
HP 15s-eq1560AU Laptop,HP,AMD Ryzen 3 3250U,8,512,0,AMD Radeon,Windows,15.6,1920 x 1080,2,4,61,37990,17.49,7.39,55,75,27.2,32.97,45.99,35.84,30.59,Daily Use,Low Budget,"Cocok untuk penggunaan harian seperti browsing, mengetik, meeting online, dan tugas ringan; Memiliki storage yang mendukung workflow lebih cepat",benchmark,benchmark
Dell Inspiron 3525 Laptop,Dell,AMD Ryzen3 5425U,8,512,0,AMD Radeon Radeon Graphics,Windows,15.6,1920 x 1080,4,8,63,40663,41.34,73.06,55,75,62.71,57.73,59.71,59.42,58.64,Gaming,Low Budget,Cocok untuk gaming dan kebutuhan grafis tinggi; Memiliki storage yang mendukung workflow lebih cepat,benchmark,benchmark
Lenovo IdeaPad Gaming 3 82K10198IN Laptop,Lenovo,11th Gen Core i5,8,512,0,4 GB NVIDIA GeForce GTX 1650,Windows,15.6,1920 x 1080,4,8,68,54451,71.0,77.12,55,75,71.95,69.13,69.01,69.33,70.24,Gaming,Low Budget,Cocok untuk gaming dan kebutuhan grafis tinggi; Memiliki storage yang mendukung workflow lebih cepat,fallback,benchmark
Acer Predator Helios 500 Ph517-52 Gaming Laptop,Acer,11th Gen Core i9,64,2000,1000,16 GB NVIDIA GeForce RTX 3080,Windows,17.3,3840 x 2160,8,16,97,432159,100.0,100.0,100,100,100.0,100.0,100.0,100.0,100.0,Gaming,High Budget,Cocok untuk gaming dan kebutuhan grafis tinggi; Cocok untuk programming dan multitasking; Cocok untuk AI ringan dan image processing; Memiliki storage yang mendukung workflow lebih cepat,fallback,benchmark
Lenovo Ideapad Gaming 3 82K201UNIN Laptop,Lenovo,Ryzen 7 5800H,16,512,0,6 GB NVIDIA GeForce RTX 3060,Windows,15.6,1920 x 1080,8,16,75,90700,91.22,100.0,80,75,91.06,88.18,83.62,87.37,89.18,Gaming,High Budget,Cocok untuk gaming dan kebutuhan grafis tinggi; Cocok untuk programming dan multitasking; Cocok untuk AI ringan dan image processing; Memiliki storage yang mendukung workflow lebih cepat,benchmark,benchmark
Lenovo IdeaPad Slim 3 82H701DNIN Laptop,Lenovo,11th Gen Core i3,8,512,0,Intel UHD Graphics,Windows,14.0,1920 x 1080,2,4,48,37700,54.52,16.42,55,75,40.52,48.19,58.0,49.21,46.26,Daily Use,Low Budget,"Cocok untuk penggunaan harian seperti browsing, mengetik, meeting online, dan tugas ringan; Memiliki storage yang mendukung workflow lebih cepat",benchmark,benchmark
Dell Vostro 5625 laptop,Dell,Ryzen 5-5625U,8,512,0,AMD Radeon Graphics,Windows,16.0,1920 x 1200,6,12,71,57990,64.35,73.06,55,75,68.46,65.79,66.61,66.32,66.69,Gaming,Mid Budget,Cocok untuk gaming dan kebutuhan grafis tinggi; Memiliki storage yang mendukung workflow lebih cepat,benchmark,benchmark
HP Pavilion 14-eh0024TU Laptop,HP,12th Gen Core i7,16,1000,0,Intel Iris Xe Graphics,Windows,14.0,2880 x 1800,14,20,74,91990,100.0,28.12,80,90,63.15,75.53,84.31,75.03,72.94,Daily Use,High Budget,"Cocok untuk penggunaan harian seperti browsing, mengetik, meeting online, dan tugas ringan; Cocok untuk programming dan multitasking; Memiliki storage yang mendukung workflow lebih cepat",benchmark,benchmark
Dell XPS 13 Plus 9320 Laptop,Dell,12th Gen Core i7,16,1000,0,Intel Iris Xe Graphics,Windows,13.4,3840 x 2400,12,16,71,178500,100.0,28.12,80,90,63.15,75.53,84.31,75.03,72.94,Daily Use,High Budget,"Cocok untuk penggunaan harian seperti browsing, mengetik, meeting online, dan tugas ringan; Cocok untuk programming dan multitasking; Memiliki storage yang mendukung workflow lebih cepat",benchmark,benchmark
Asus ZenBook Pro Duo 15 OLED 2022 UX582ZM-H701WS Laptop,Asus,12th Gen Core i7,32,1000,0,6 GB NVIDIA GeForce RTX 3060,Windows,15.6,3840 x 2160,14,20,91,199990,100.0,100.0,95,90,97.75,97.25,95.25,96.75,97.5,Gaming,High Budget,Cocok untuk gaming dan kebutuhan grafis tinggi; Cocok untuk programming dan multitasking; Cocok untuk AI ringan dan image processing; Memiliki storage yang mendukung workflow lebih cepat,benchmark,benchmark
Dell Alienware x14 Gaming Laptop,Dell,12th Gen Core i7,16,512,0,4 GB NVIDIA GEFORCE RTX 3050 Ti,Windows,15.6,1920 x 1080,14,20,76,169990,100.0,100.0,80,75,93.25,91.25,86.25,90.0,92.25,Gaming,High Budget,Cocok untuk gaming dan kebutuhan grafis tinggi; Cocok untuk programming dan multitasking; Cocok untuk AI ringan dan image processing; Memiliki storage yang mendukung workflow lebih cepat,benchmark,benchmark
HP Victus 15-fa0354TX Laptop,HP,12th Gen Core i7,16,512,0,4 GB NVIDIA GeForce RTX 3050 Ti,Windows,15.6,1920 x 1080,10,16,63,94699,100.0,100.0,80,75,93.25,91.25,86.25,90.0,92.25,Gaming,High Budget,Cocok untuk gaming dan kebutuhan grafis tinggi; Cocok untuk programming dan multitasking; Cocok untuk AI ringan dan image processing; Memiliki storage yang mendukung workflow lebih cepat,benchmark,benchmark
HP 15s-fq2671TU Laptop,HP,11th Gen Core i3,8,512,0,Intel Integrated UHD,Windows,15.6,1920 x 1080,2,4,55,41500,54.52,16.42,55,75,40.52,48.19,58.0,49.21,46.26,Daily Use,Low Budget,"Cocok untuk penggunaan harian seperti browsing, mengetik, meeting online, dan tugas ringan; Memiliki storage yang mendukung workflow lebih cepat",benchmark,benchmark
MSI Katana GF66 11UE-861IN Gaming Laptop,MSI,11th Gen Core i7,16,512,0,6 GB NVIDIA GeForce RTX 3060,Windows,15.6,1920 x 1080,8,16,74,85990,86.0,100.0,80,75,89.75,86.35,82.05,85.8,87.35,Gaming,Mid Budget,Cocok untuk gaming dan kebutuhan grafis tinggi; Cocok untuk programming dan multitasking; Cocok untuk AI ringan dan image processing; Memiliki storage yang mendukung workflow lebih cepat,fallback,benchmark
Lenovo Yoga Slim 7 Pro 82NC00EWIN Laptop,Lenovo,11th Gen Core i5,16,512,0,Intel Iris Xe Graphics,Windows,14.0,2880 x 1800,4,8,62,71990,71.0,28.12,80,75,53.65,63.13,70.36,63.33,60.54,Daily Use,Mid Budget,"Cocok untuk penggunaan harian seperti browsing, mengetik, meeting online, dan tugas ringan; Memiliki storage yang mendukung workflow lebih cepat",fallback,benchmark
HP 15s- fr2512TU Laptop,HP,11th Gen Core i3,8,256,0,Intel UHD Graphics,Windows,15.6,1920 x 1080,4,8,47,41890,54.52,16.42,55,60,38.27,45.94,52.75,46.21,44.01,Daily Use,Low Budget,"Cocok untuk penggunaan harian seperti browsing, mengetik, meeting online, dan tugas ringan",benchmark,benchmark
Lenovo IdeaPad Slim 3 82RK006DIN Laptop,Lenovo,12th Gen Core i3,8,512,0,‎Intel UHD Graphics,Windows,15.6,1920 x 1080,6,8,50,43999,54.52,16.42,55,75,40.52,48.19,58.0,49.21,46.26,Daily Use,Low Budget,"Cocok untuk penggunaan harian seperti browsing, mengetik, meeting online, dan tugas ringan; Memiliki storage yang mendukung workflow lebih cepat",benchmark,benchmark
HP Victus 16-e0650AX Gaming Laptop,HP,AMD Ryzen 7 5800H,8,512,0,4 GB NVIDIA GeForce GTX 1650,Windows,16.1,1920 x 1080,8,16,74,71990,91.22,77.12,55,75,77.01,76.21,75.08,75.4,77.31,Gaming,Mid Budget,Cocok untuk gaming dan kebutuhan grafis tinggi; Cocok untuk AI ringan dan image processing; Memiliki storage yang mendukung workflow lebih cepat,benchmark,benchmark
Lenovo V15 82KBA03TIH Laptop,Lenovo,11th Gen Core i3,8,256,1000,Intel Integrated UHD,Windows,15.6,1920 x 1080,2,4,50,37000,54.52,16.42,55,65,39.02,46.69,54.5,47.21,44.76,Daily Use,Low Budget,"Cocok untuk penggunaan harian seperti browsing, mengetik, meeting online, dan tugas ringan",benchmark,benchmark
Lenovo IdeaPad Gaming 3 82K101B7IN Laptop,Lenovo,11th Gen Core i5,16,256,1000,4 GB NVIDIA GeForce RTX 3050,Windows,15.6,1920 x 1080,4,8,72,77750,71.0,100.0,80,65,84.5,79.6,74.05,79.3,80.6,Gaming,Mid Budget,Cocok untuk gaming dan kebutuhan grafis tinggi,fallback,benchmark
Dell Inspiron 7420 D560780WIN9S Laptop,Dell,12th Gen Core i3,8,256,0,Missing,Windows,14.0,1920 x 1200,6,8,65,53906,54.52,35.0,55,60,46.63,50.58,54.61,50.86,49.58,Daily Use,Low Budget,"Cocok untuk penggunaan harian seperti browsing, mengetik, meeting online, dan tugas ringan",benchmark,fallback
Dell Inspiron 7420 Laptop,Dell,12th Gen Core i5,8,512,0,Intel Iris Xe Graphics,Windows,14.0,1920 x 1200,10,12,54,74990,99.91,28.12,55,75,57.13,67.0,72.78,65.75,65.65,Daily Use,Mid Budget,"Cocok untuk penggunaan harian seperti browsing, mengetik, meeting online, dan tugas ringan; Memiliki storage yang mendukung workflow lebih cepat",benchmark,benchmark
Dell Inspiron 7620 Laptop,Dell,12th Gen Core i5,16,512,0,Intel Iris Xe Graphics,Windows,16.0,1920 x 1200,10,12,61,94500,99.91,28.12,80,75,60.88,73.25,79.04,72.0,70.65,Daily Use,High Budget,"Cocok untuk penggunaan harian seperti browsing, mengetik, meeting online, dan tugas ringan; Cocok untuk programming dan multitasking; Memiliki storage yang mendukung workflow lebih cepat",benchmark,benchmark
Dell Inspiron 7420 2-in-1 Laptop,Dell,12th Gen Core i7,16,512,0,2 GB NVIDIA GeForce MX550,Windows,14.0,1920 x 1200,10,12,63,102990,100.0,50.62,80,75,71.03,78.9,81.31,77.66,77.44,Editing,High Budget,"Cocok untuk editing video, desain grafis, dan rendering ringan; Cocok untuk programming dan multitasking; Memiliki storage yang mendukung workflow lebih cepat",benchmark,benchmark
Asus ROG Strix G15 G513IE-HN040WS Gaming Laptop,Asus,Ryzen 7 4800H,16,1000,0,4 GB NVIDIA GeForce RTX 3050 Ti,Windows,15.6,1920 x 1080,8,16,75,85990,81.04,100.0,80,90,90.76,86.86,85.81,87.31,87.86,Gaming,Mid Budget,Cocok untuk gaming dan kebutuhan grafis tinggi; Cocok untuk programming dan multitasking; Cocok untuk AI ringan dan image processing; Memiliki storage yang mendukung workflow lebih cepat,benchmark,benchmark
Infinix INBook X1 Slim XL21 Laptop,Infinix,10th Gen Core i5,16,512,0,Intel Integrated UHD Graphics,Windows,14.0,1920 x 1080,4,8,51,46990,99.91,16.42,80,75,55.62,70.32,77.86,69.08,67.14,Daily Use,Low Budget,"Cocok untuk penggunaan harian seperti browsing, mengetik, meeting online, dan tugas ringan; Cocok untuk programming dan multitasking; Memiliki storage yang mendukung workflow lebih cepat",benchmark,benchmark
HP 255 G8 62Y23PA Laptop,HP,Ryzen 3 3250U,8,512,0,AMD Radeon Vega 8 Graphics,Windows,15.6,1920 x 1080,2,4,56,32083,17.49,16.52,55,75,31.31,35.25,46.9,38.13,33.33,Daily Use,Low Budget,"Cocok untuk penggunaan harian seperti browsing, mengetik, meeting online, dan tugas ringan; Memiliki storage yang mendukung workflow lebih cepat",benchmark,benchmark
Asus Vivobook 16X 2022 M1603QA-MB711WS Laptop,Asus,Ryzen 7-5800H,16,512,0,AMD Radeon Vega 7,Windows,16.0,1920 x 1200,8,16,72,66990,91.22,17.26,80,75,53.82,67.49,75.34,66.68,64.35,Daily Use,Mid Budget,"Cocok untuk penggunaan harian seperti browsing, mengetik, meeting online, dan tugas ringan; Cocok untuk programming dan multitasking; Memiliki storage yang mendukung workflow lebih cepat",benchmark,benchmark
HP Pavilion 15-eg2036TU Laptop,HP,12th Gen Core i5,16,512,0,Intel Integrated Iris Xe,Windows,15.6,1920 x 1080,12,16,63,69990,99.91,28.12,80,75,60.88,73.25,79.04,72.0,70.65,Daily Use,Mid Budget,"Cocok untuk penggunaan harian seperti browsing, mengetik, meeting online, dan tugas ringan; Cocok untuk programming dan multitasking; Memiliki storage yang mendukung workflow lebih cepat",benchmark,benchmark
Asus TUF Gaming F17 FX707ZM-HX030WS Laptop,Asus,12th Gen Core i7,16,1000,0,6 GB NVIDIA GeForce RTX 3060,Windows,17.3,1920 x 1080,14,20,76,109990,100.0,100.0,80,90,95.5,93.5,91.5,93.0,94.5,Gaming,High Budget,Cocok untuk gaming dan kebutuhan grafis tinggi; Cocok untuk programming dan multitasking; Cocok untuk AI ringan dan image processing; Memiliki storage yang mendukung workflow lebih cepat,benchmark,benchmark
Asus Vivobook Pro 14 OLED M3400QA-KM702WS Gaming Laptop,Asus,Ryzen 7 5800H,16,512,0,AMD Radeon Graphics,Windows,14.0,2880 x 1800,8,16,71,64990,91.22,73.06,80,75,78.93,81.44,80.92,80.63,81.1,Gaming,Mid Budget,Cocok untuk gaming dan kebutuhan grafis tinggi; Cocok untuk programming dan multitasking; Cocok untuk AI ringan dan image processing; Memiliki storage yang mendukung workflow lebih cepat,benchmark,benchmark
Infinix INBook X1 Slim Series XL21 Laptop,Infinix,10th Gen Core i3,8,512,0,Intel Integrated UHD Graphics,Windows,14.0,1920 x 1080,2,4,47,33490,54.52,16.42,55,75,40.52,48.19,58.0,49.21,46.26,Daily Use,Low Budget,"Cocok untuk penggunaan harian seperti browsing, mengetik, meeting online, dan tugas ringan; Memiliki storage yang mendukung workflow lebih cepat",benchmark,benchmark
Asus TUF Gaming A15 FA506ICB-HN005W Laptop,Asus,Ryzen 7 4800H,8,512,0,4 GB NVIDIA GeForce RTX 3050,Windows,15.6,1920 x 1080,8,16,68,69990,81.04,100.0,55,75,84.76,78.36,74.31,78.06,80.61,Gaming,Mid Budget,Cocok untuk gaming dan kebutuhan grafis tinggi; Cocok untuk AI ringan dan image processing; Memiliki storage yang mendukung workflow lebih cepat,benchmark,benchmark
Asus TUF Gaming F15 FX577ZM-HQ067WS Laptop,Asus,12th Gen Core i7,16,1000,0,6 GB NVIDIA GeForce RTX 3060,Windows,15.6,2560 x 1440,14,20,81,122990,100.0,100.0,80,90,95.5,93.5,91.5,93.0,94.5,Gaming,High Budget,Cocok untuk gaming dan kebutuhan grafis tinggi; Cocok untuk programming dan multitasking; Cocok untuk AI ringan dan image processing; Memiliki storage yang mendukung workflow lebih cepat,benchmark,benchmark
Acer Aspire Vero AV15-51-5155 Laptop,Acer,11th Gen Core i5,16,512,0,Intel Integrated Iris Xe,Windows,15.6,1920 x 1080,4,8,66,54990,71.0,28.12,80,75,53.65,63.13,70.36,63.33,60.54,Daily Use,Low Budget,"Cocok untuk penggunaan harian seperti browsing, mengetik, meeting online, dan tugas ringan; Memiliki storage yang mendukung workflow lebih cepat",fallback,benchmark
Apple MacBook Air 2022 Laptop,Apple,Apple M2,8,512,0,10-Core GPU,Mac,13.6,2560 x 1664,8,0,45,137990,100.0,35.0,55,75,60.25,68.75,73.5,67.5,67.75,Daily Use,High Budget,"Cocok untuk penggunaan harian seperti browsing, mengetik, meeting online, dan tugas ringan; Memiliki storage yang mendukung workflow lebih cepat",benchmark,fallback
Asus TUF Gaming F15 FA506IHRB-HN079W Gaming Laptop,Asus,AMD Ryzen 5 4600H,8,512,0,4 GB NVIDIA GeForce GTX 1650,Windows,15.6,1920 x 1080,6,12,72,55990,62.82,77.12,55,75,69.91,66.27,66.56,66.88,67.37,Gaming,Mid Budget,Cocok untuk gaming dan kebutuhan grafis tinggi; Memiliki storage yang mendukung workflow lebih cepat,benchmark,benchmark
Asus Vivobook S15 OLED S3502ZA-L502WS Laptop,Asus,12th Gen Core i5,16,512,0,Intel Iris XE Graphics,Windows,15.6,1920 x 1080,12,16,65,72000,99.91,28.12,80,75,60.88,73.25,79.04,72.0,70.65,Daily Use,Mid Budget,"Cocok untuk penggunaan harian seperti browsing, mengetik, meeting online, dan tugas ringan; Cocok untuk programming dan multitasking; Memiliki storage yang mendukung workflow lebih cepat",benchmark,benchmark
HP Pavilion 14-dv2053TU Laptop,HP,12th Gen Core i5,8,512,0,Intel Iris Xe Graphics,Windows,14.0,1920 x 1080,10,12,60,62278,99.91,28.12,55,75,57.13,67.0,72.78,65.75,65.65,Daily Use,Mid Budget,"Cocok untuk penggunaan harian seperti browsing, mengetik, meeting online, dan tugas ringan; Memiliki storage yang mendukung workflow lebih cepat",benchmark,benchmark
HP Pavilion 15s-fq5010TU Laptop,HP,12th Gen Core i5,8,512,0,Intel Iris Xe,Windows,15.6,1920 x 1080,12,16,62,63350,99.91,28.12,55,75,57.13,67.0,72.78,65.75,65.65,Daily Use,Mid Budget,"Cocok untuk penggunaan harian seperti browsing, mengetik, meeting online, dan tugas ringan; Memiliki storage yang mendukung workflow lebih cepat",benchmark,benchmark
Lenovo Ideapad Slim 3 81WB01EBIN Laptop,Lenovo,10th Gen Core i3,8,512,0,Intel Integrated,Windows,15.6,1920 x 1080,2,4,60,36490,54.52,1.06,55,75,33.61,44.35,56.46,45.37,41.65,Daily Use,Low Budget,"Cocok untuk penggunaan harian seperti browsing, mengetik, meeting online, dan tugas ringan; Memiliki storage yang mendukung workflow lebih cepat",benchmark,benchmark
HP Pavilion 15s-FQ5009TU Laptop,HP,12th Gen Core i5,8,512,0,Intel Iris Xe,Windows,15.6,1920 x 1080,10,12,59,60500,99.91,28.12,55,75,57.13,67.0,72.78,65.75,65.65,Daily Use,Mid Budget,"Cocok untuk penggunaan harian seperti browsing, mengetik, meeting online, dan tugas ringan; Memiliki storage yang mendukung workflow lebih cepat",benchmark,benchmark
Samsung Galaxy Book2 Laptop,Samsung,12th Gen Core i5,8,512,0,4 GB Intel Arc A350M Graphics,Windows,15.6,1920 x 1080,12,16,63,79990,99.91,9.99,55,75,48.97,62.47,70.97,61.22,60.22,Daily Use,Mid Budget,"Cocok untuk penggunaan harian seperti browsing, mengetik, meeting online, dan tugas ringan; Memiliki storage yang mendukung workflow lebih cepat",benchmark,benchmark
Asus Strix G15 G513RM-HQ271WS Gaming Laptop,Asus,Ryzen 7 6800H,16,1000,0,6 GB NVIDIA GeForce RTX 3060,Windows,15.6,2560 x 1440,8,16,82,124990,99.56,100.0,80,90,95.39,93.35,91.37,92.87,94.35,Gaming,High Budget,Cocok untuk gaming dan kebutuhan grafis tinggi; Cocok untuk programming dan multitasking; Cocok untuk AI ringan dan image processing; Memiliki storage yang mendukung workflow lebih cepat,benchmark,benchmark
Dell Inspiron 5520 Laptop,Dell,12th Gen Core i5,16,512,0,4 GB NVIDIA GeForce RTX 3050,Windows,15.6,1920 x 1080,12,16,73,79990,99.91,100.0,80,75,93.23,91.22,86.22,89.97,92.22,Gaming,Mid Budget,Cocok untuk gaming dan kebutuhan grafis tinggi; Cocok untuk programming dan multitasking; Cocok untuk AI ringan dan image processing; Memiliki storage yang mendukung workflow lebih cepat,benchmark,benchmark
Asus Vivobook S14 OLED S3402ZA-KM501WS Laptop,Asus,12th Gen Core i5,16,512,0,Intel Iris Xe Graphics,Windows,14.0,2880 x 1800,12,16,63,70990,99.91,28.12,80,75,60.88,73.25,79.04,72.0,70.65,Daily Use,Mid Budget,"Cocok untuk penggunaan harian seperti browsing, mengetik, meeting online, dan tugas ringan; Cocok untuk programming dan multitasking; Memiliki storage yang mendukung workflow lebih cepat",benchmark,benchmark
HP Pavilion 15-EG2019TX Laptop,HP,12th Gen Core i5,16,512,0,2 GB NVIDIA GeForce MX550,Windows,15.6,1920 x 1080,10,12,60,78200,99.91,50.62,80,75,71.01,78.87,81.28,77.63,77.4,Editing,Mid Budget,"Cocok untuk editing video, desain grafis, dan rendering ringan; Cocok untuk programming dan multitasking; Memiliki storage yang mendukung workflow lebih cepat",benchmark,benchmark
Samsung Galaxy Book2 15 Laptop,Samsung,12th Gen Core i7,16,512,0,Intel Iris Xe Graphics,Windows,15.6,1920 x 1080,10,12,62,79990,100.0,28.12,80,75,60.9,73.28,79.06,72.03,70.69,Daily Use,Mid Budget,"Cocok untuk penggunaan harian seperti browsing, mengetik, meeting online, dan tugas ringan; Cocok untuk programming dan multitasking; Memiliki storage yang mendukung workflow lebih cepat",benchmark,benchmark
Samsung Galaxy Book2 15 Laptop,Samsung,12th Gen Core i5,8,512,0,Intel Iris Xe Graphics,Windows,15.6,1920 x 1080,10,12,60,64490,99.91,28.12,55,75,57.13,67.0,72.78,65.75,65.65,Daily Use,Mid Budget,"Cocok untuk penggunaan harian seperti browsing, mengetik, meeting online, dan tugas ringan; Memiliki storage yang mendukung workflow lebih cepat",benchmark,benchmark
Dell G15-5511 Gaming Laptop,Dell,11th Gen Core i5,8,512,0,4 GB NVIDIA GeForce RTX 3050,Windows,15.6,1920 x 1080,6,12,67,65990,71.0,100.0,55,75,82.25,74.85,71.3,75.05,77.1,Gaming,Mid Budget,Cocok untuk gaming dan kebutuhan grafis tinggi; Memiliki storage yang mendukung workflow lebih cepat,fallback,benchmark
Lenovo IdeaPad 3 81WQ00MQIN Laptop,Lenovo,Celeron N4020,8,256,0,Intel Integrated UHD,Windows,15.6,1366 x 768,2,2,51,26585,7.3,16.42,55,60,26.46,29.41,38.58,32.04,27.48,Daily Use,Low Budget,"Cocok untuk penggunaan harian seperti browsing, mengetik, meeting online, dan tugas ringan",benchmark,benchmark
Dell G15-5520 Laptop,Dell,12th Gen Core i5,16,512,0,4 GB NVIDIA GeForce RTX 3050,Windows,15.6,1920 x 1080,12,16,67,84990,99.91,100.0,80,75,93.23,91.22,86.22,89.97,92.22,Gaming,Mid Budget,Cocok untuk gaming dan kebutuhan grafis tinggi; Cocok untuk programming dan multitasking; Cocok untuk AI ringan dan image processing; Memiliki storage yang mendukung workflow lebih cepat,benchmark,benchmark
HP Pavilion 15-EG2035TU Laptop,HP,12th Gen Core i5,16,512,0,Intel UHD Graphics,Windows,15.6,1920 x 1080,8,12,67,71999,99.91,16.42,80,75,55.62,70.32,77.86,69.08,67.14,Daily Use,Mid Budget,"Cocok untuk penggunaan harian seperti browsing, mengetik, meeting online, dan tugas ringan; Cocok untuk programming dan multitasking; Memiliki storage yang mendukung workflow lebih cepat",benchmark,benchmark
Acer Nitro 5 AN515-58 Gaming Laptop,Acer,12th Gen Core i5,8,512,0,4 GB NVIDIA GeForce RTX 3050,Windows,15.6,1920 x 1080,8,16,69,76109,99.91,100.0,55,75,89.48,84.97,79.97,83.72,87.22,Gaming,Mid Budget,Cocok untuk gaming dan kebutuhan grafis tinggi; Cocok untuk AI ringan dan image processing; Memiliki storage yang mendukung workflow lebih cepat,benchmark,benchmark
Asus TUF Gaming A15 2021 FA506QM-HN124W Laptop,Asus,Ryzen 9 5900HX,16,512,0,6 GB NVIDIA GeForce RTX 3060,Windows,15.6,1920 x 1080,8,16,75,98900,98.35,100.0,80,75,92.84,90.67,85.76,89.5,91.67,Gaming,High Budget,Cocok untuk gaming dan kebutuhan grafis tinggi; Cocok untuk programming dan multitasking; Cocok untuk AI ringan dan image processing; Memiliki storage yang mendukung workflow lebih cepat,benchmark,benchmark
Lenovo V15-IGL 82C3A008IH Laptop,Lenovo,Celeron N4020,4,256,0,Intel Integrated UHD,DOS,15.6,1920 x 1080,2,2,43,19990,7.3,16.42,30,60,22.71,23.16,32.33,25.8,22.48,Daily Use,Low Budget,"Cocok untuk penggunaan harian seperti browsing, mengetik, meeting online, dan tugas ringan",benchmark,benchmark
Dell Latitude 3420 Laptop,Dell,11th Gen Core i5,16,256,1000,Intel UHD Graphics,Windows,14.0,1366 x 768,4,8,65,76900,71.0,16.42,80,65,46.89,58.7,65.69,58.4,55.53,Daily Use,Mid Budget,"Cocok untuk penggunaan harian seperti browsing, mengetik, meeting online, dan tugas ringan",fallback,benchmark
Dell Inspiron 3521 Laptop,Dell,Pentium N5030,8,256,0,Intel Integrated UHD,Windows,15.6,1366 x 768,4,0,49,32033,12.04,16.42,55,60,27.65,31.07,40.0,33.47,29.14,Daily Use,Low Budget,"Cocok untuk penggunaan harian seperti browsing, mengetik, meeting online, dan tugas ringan",benchmark,benchmark
Dell Vostro 5625 laptop,Dell,Ryzen 5-5625U,16,512,0,AMD Vega,Windows,16.0,1920 x 1200,6,12,72,62490,64.35,35.0,80,75,55.09,62.52,69.05,63.05,60.27,Daily Use,Mid Budget,"Cocok untuk penggunaan harian seperti browsing, mengetik, meeting online, dan tugas ringan; Memiliki storage yang mendukung workflow lebih cepat",benchmark,fallback
HP 240 G8 Laptop,HP,11th Gen Core i5,8,512,0,Intel Integrated,Windows,14.0,1366 x 768,4,8,51,60618,71.0,1.06,55,75,37.73,50.11,61.41,50.32,47.42,Daily Use,Mid Budget,"Cocok untuk penggunaan harian seperti browsing, mengetik, meeting online, dan tugas ringan; Memiliki storage yang mendukung workflow lebih cepat",fallback,benchmark
Lenovo E41-55 82FJ009JIH Laptop,Lenovo,Athlon Pro 3045B,4,0,1000,Missing,DOS,14.0,1920 x 1080,2,2,0,18990,33.16,35.0,30,50,36.04,35.36,38.45,36.2,35.61,Gaming,Low Budget,Cocok untuk gaming dan kebutuhan grafis tinggi,benchmark,fallback
HP Pavilion 15-eh2018AU Laptop,HP,Ryzen 5 5625U,8,512,0,AMD Radeon Graphics,Windows,15.6,1920 x 1080,6,12,60,52490,64.35,73.06,55,75,68.46,65.79,66.61,66.32,66.69,Gaming,Low Budget,Cocok untuk gaming dan kebutuhan grafis tinggi; Memiliki storage yang mendukung workflow lebih cepat,benchmark,benchmark
HP Pavilion 14-ec1003AU Laptop,HP,Ryzen 5,8,512,0,AMD Radeon Graphics,Windows,14.0,1920 x 1080,6,12,60,51990,93.83,73.06,55,75,75.83,76.11,75.46,75.16,77.01,Gaming,Low Budget,Cocok untuk gaming dan kebutuhan grafis tinggi; Cocok untuk AI ringan dan image processing; Memiliki storage yang mendukung workflow lebih cepat,benchmark,benchmark
Samsung Galaxy Book2 Pro 360 13 Laptop,Samsung,12th Gen Core i7,16,512,0,Intel Iris Xe Graphics,Windows,13.3,1080 x 1920,8,16,73,113990,100.0,28.12,80,75,60.9,73.28,79.06,72.03,70.69,Daily Use,High Budget,"Cocok untuk penggunaan harian seperti browsing, mengetik, meeting online, dan tugas ringan; Cocok untuk programming dan multitasking; Memiliki storage yang mendukung workflow lebih cepat",benchmark,benchmark
Dell Vostro 3510 Laptop,Dell,11th Gen Core i5,8,512,0,Intel Iris Xe Graphics,Windows,15.6,1920 x 1080,4,8,60,54490,71.0,28.12,55,75,49.9,56.88,64.11,57.08,55.54,Daily Use,Low Budget,"Cocok untuk penggunaan harian seperti browsing, mengetik, meeting online, dan tugas ringan; Memiliki storage yang mendukung workflow lebih cepat",fallback,benchmark
Asus Vivobook 15 X515MA-BR101W Laptop,Asus,Pentium Quad Core,4,0,1000,Intel UHD,Windows,15.6,1366 x 768,4,0,48,23399,6.88,26.45,30,50,25.62,24.02,29.71,26.18,23.84,Daily Use,Low Budget,"Cocok untuk penggunaan harian seperti browsing, mengetik, meeting online, dan tugas ringan",benchmark,benchmark
Samsung Galaxy Book2 Pro 360 13 Laptop,Samsung,12th Gen Core i5,16,512,0,Intel Iris Xe Graphics,Windows,13.3,1080 x 1920,12,16,72,110990,99.91,28.12,80,75,60.88,73.25,79.04,72.0,70.65,Daily Use,High Budget,"Cocok untuk penggunaan harian seperti browsing, mengetik, meeting online, dan tugas ringan; Cocok untuk programming dan multitasking; Memiliki storage yang mendukung workflow lebih cepat",benchmark,benchmark
Asus Vivobook 13 Slate OLED T3300KA-LQ111WS Laptop,Asus,Pentium Silver N6000,8,256,0,Intel UHD Graphics,Windows,13.3,1920 x 1080,4,4,54,43290,13.24,16.42,55,60,27.95,31.49,40.36,33.83,29.56,Daily Use,Low Budget,"Cocok untuk penggunaan harian seperti browsing, mengetik, meeting online, dan tugas ringan",benchmark,benchmark
Apple MacBook Air 2020 Z124J002KD Laptop,Apple,Apple M1,16,512,0,Apple M1 Integrated Graphics,Mac,13.3,2560 x 1600,8,0,53,125990,100.0,25.0,80,75,59.5,72.5,78.75,71.25,69.75,Daily Use,High Budget,"Cocok untuk penggunaan harian seperti browsing, mengetik, meeting online, dan tugas ringan; Cocok untuk programming dan multitasking; Memiliki storage yang mendukung workflow lebih cepat",benchmark,fallback
HP 14s-fq1089au Laptop,HP,Ryzen 3 5300U,8,512,0,AMD Radeon Graphics,Windows,14.0,1920 x 1080,4,8,51,40300,43.04,73.06,55,75,63.14,58.33,60.22,59.93,59.23,Gaming,Low Budget,Cocok untuk gaming dan kebutuhan grafis tinggi; Memiliki storage yang mendukung workflow lebih cepat,benchmark,benchmark
HP 15s- fq4021TU Laptop,HP,11th Gen Core i5,8,512,0,Intel Iris Xe Graphics,Windows,15.6,1920 x 1080,4,8,54,55499,71.0,28.12,55,75,49.9,56.88,64.11,57.08,55.54,Daily Use,Mid Budget,"Cocok untuk penggunaan harian seperti browsing, mengetik, meeting online, dan tugas ringan; Memiliki storage yang mendukung workflow lebih cepat",fallback,benchmark
Apple MacBook Air 2020 Z124J001KD Laptop,Apple,Apple M1,16,256,0,Apple M1 Integrated Graphics,Mac,13.3,2560 x 1600,8,0,43,105990,100.0,25.0,80,60,57.25,70.25,73.5,68.25,67.5,Daily Use,High Budget,"Cocok untuk penggunaan harian seperti browsing, mengetik, meeting online, dan tugas ringan; Cocok untuk programming dan multitasking",benchmark,fallback
HP 15s-eq2143au Laptop,HP,Ryzen 3 5300U,8,512,0,AMD Radeon AMD,Windows,15.6,1920 x 1080,4,8,56,39648,43.04,7.39,55,75,33.59,41.91,53.65,43.51,39.53,Daily Use,Low Budget,"Cocok untuk penggunaan harian seperti browsing, mengetik, meeting online, dan tugas ringan; Memiliki storage yang mendukung workflow lebih cepat",benchmark,benchmark
Dell Inspiron 3511 Laptop,Dell,11th Gen Core i5,8,256,1000,2 GB NVIDIA MX350,Windows,15.6,1920 x 1080,4,8,65,62812,71.0,45.0,55,65,56.0,59.6,62.3,59.3,59.1,Daily Use,Mid Budget,"Cocok untuk penggunaan harian seperti browsing, mengetik, meeting online, dan tugas ringan",fallback,fallback
Lenovo IdeaPad 3 82H801L7IN,Lenovo,11th Gen Core i3,8,512,0,Intel Integrated UHD,Windows,15.6,1920 x 1080,2,4,53,37952,54.52,16.42,55,75,40.52,48.19,58.0,49.21,46.26,Daily Use,Low Budget,"Cocok untuk penggunaan harian seperti browsing, mengetik, meeting online, dan tugas ringan; Memiliki storage yang mendukung workflow lebih cepat",benchmark,benchmark
Dell Latitude 7410 Laptop,Dell,10th Gen Core i5,8,256,0,Intel UHD Graphics,Windows,14.0,1920 x 1080,4,8,60,77499,99.91,16.42,55,60,49.62,61.82,66.36,59.83,59.89,Daily Use,Mid Budget,"Cocok untuk penggunaan harian seperti browsing, mengetik, meeting online, dan tugas ringan",benchmark,benchmark
HP Pavilion 15-EC2145AX Gaming Laptop,HP,Ryzen 5 5600H,8,512,0,4 GB NVIDIA GeForce GTX 3050,Windows,15.6,1920 x 1080,6,12,63,64990,73.2,100.0,55,75,82.8,75.62,71.96,75.71,77.87,Gaming,Mid Budget,Cocok untuk gaming dan kebutuhan grafis tinggi; Memiliki storage yang mendukung workflow lebih cepat,benchmark,benchmark
HP Pavilion 15-ec2150AX Laptop,HP,Ryzen 5 5600H,8,512,0,4 GB NVIDIA GeForce GTX 1650,Windows,15.6,1920 x 1080,6,12,68,59910,73.2,77.12,55,75,72.5,69.9,69.67,69.99,71.01,Gaming,Mid Budget,Cocok untuk gaming dan kebutuhan grafis tinggi; Memiliki storage yang mendukung workflow lebih cepat,benchmark,benchmark
Dell Latitude 5420 Laptop,Dell,11th Gen Core i7,16,512,0,Intel Iris Xe Graphics,Windows,14.0,1920 x 1080,4,8,61,112000,86.0,28.12,80,75,57.4,68.38,74.86,67.83,65.79,Daily Use,High Budget,"Cocok untuk penggunaan harian seperti browsing, mengetik, meeting online, dan tugas ringan; Cocok untuk programming dan multitasking; Memiliki storage yang mendukung workflow lebih cepat",fallback,benchmark
HP 14s-dy2506TU Laptop,HP,11th Gen Core i3,8,256,0,Intel Integrated UHD,Windows,14.0,1920 x 1080,4,8,50,35490,54.52,16.42,55,60,38.27,45.94,52.75,46.21,44.01,Daily Use,Low Budget,"Cocok untuk penggunaan harian seperti browsing, mengetik, meeting online, dan tugas ringan",benchmark,benchmark
Lenovo IdeaPad 3 15ITL6 82H801L3IN Laptop,Lenovo,11th Gen Core i3,8,256,0,Intel Integrated UHD,Windows,15.6,1920 x 1080,2,4,54,36001,54.52,16.42,55,60,38.27,45.94,52.75,46.21,44.01,Daily Use,Low Budget,"Cocok untuk penggunaan harian seperti browsing, mengetik, meeting online, dan tugas ringan",benchmark,benchmark
Infinix INBook X1 XL12 Laptop,Infinix,10th Gen Core i7,16,512,0,Intel Integrated UHD,Windows,14.0,1920 x 1080,4,8,55,46990,100.0,16.42,80,75,55.64,70.36,77.89,69.1,67.18,Daily Use,Low Budget,"Cocok untuk penggunaan harian seperti browsing, mengetik, meeting online, dan tugas ringan; Cocok untuk programming dan multitasking; Memiliki storage yang mendukung workflow lebih cepat",benchmark,benchmark
Asus Vivobook X415EA-EB372WS Laptop,Asus,11th Gen Core i3,8,256,1000,Intel UHD Graphics,Windows,14.1,1920 x 1080,2,4,54,38990,54.52,16.42,55,65,39.02,46.69,54.5,47.21,44.76,Daily Use,Low Budget,"Cocok untuk penggunaan harian seperti browsing, mengetik, meeting online, dan tugas ringan",benchmark,benchmark
Asus VivoBook 15 2021 X515JA-EJ362WS Laptop,Asus,10th Gen Core i3,8,512,0,Intel Integrated UHD,Windows,15.6,1920 x 1080,2,4,50,32990,54.52,16.42,55,75,40.52,48.19,58.0,49.21,46.26,Daily Use,Low Budget,"Cocok untuk penggunaan harian seperti browsing, mengetik, meeting online, dan tugas ringan; Memiliki storage yang mendukung workflow lebih cepat",benchmark,benchmark
HP Pavilion 15-dk2095TX Gaming Laptop,HP,11th Gen Core i5,8,512,0,4 GB NVIDIA GeForce GTX 1650,Windows,15.6,1920 x 1080,4,8,55,61990,71.0,77.12,55,75,71.95,69.13,69.01,69.33,70.24,Gaming,Mid Budget,Cocok untuk gaming dan kebutuhan grafis tinggi; Memiliki storage yang mendukung workflow lebih cepat,fallback,benchmark
Apple MacBook Pro 16 inch MK1A3HN Laptop,Apple,M1 Max 10-core CPU,32,1000,0,32-core GPU,Mac,16.2,3456 x 2234,10,0,61,296894,95.85,35.0,95,90,67.46,79.55,87.5,79.26,76.55,Daily Use,High Budget,"Cocok untuk penggunaan harian seperti browsing, mengetik, meeting online, dan tugas ringan; Cocok untuk programming dan multitasking; Memiliki storage yang mendukung workflow lebih cepat",benchmark,fallback
Lenovo V15 82C30052IH Laptop,Lenovo,Intel Celeron N4020,4,0,1000,Intel Integrated UHD,DOS,15.6,1920 x 1080,2,2,43,21999,7.3,16.42,30,50,21.21,21.66,28.83,23.8,20.98,Daily Use,Low Budget,"Cocok untuk penggunaan harian seperti browsing, mengetik, meeting online, dan tugas ringan",benchmark,benchmark
Dell Inspiron 3511 Laptop,Dell,11th Gen Core i3,8,256,1000,Intel Integrated,Windows,15.6,1920 x 1080,2,4,54,41490,54.52,1.06,55,65,32.11,42.85,52.96,43.37,40.15,Daily Use,Low Budget,"Cocok untuk penggunaan harian seperti browsing, mengetik, meeting online, dan tugas ringan",benchmark,benchmark
HP Pavilion 15-ec2008AX Gaming Laptop,HP,Ryzen 5 5600H,8,512,0,4 GB NVIDIA GeForce GTX 1650,Windows,15.6,1920 x 1080,6,12,71,58635,73.2,77.12,55,75,72.5,69.9,69.67,69.99,71.01,Gaming,Mid Budget,Cocok untuk gaming dan kebutuhan grafis tinggi; Memiliki storage yang mendukung workflow lebih cepat,benchmark,benchmark
Asus VivoBook 15 X515EA-BQ312TS Laptop,Asus,11th Gen Core i3,8,256,0,Intel Integrated UHD,Windows,15.6,1920 x 1080,2,4,59,34994,54.52,16.42,55,60,38.27,45.94,52.75,46.21,44.01,Daily Use,Low Budget,"Cocok untuk penggunaan harian seperti browsing, mengetik, meeting online, dan tugas ringan",benchmark,benchmark
Xiaomi Mi Notebook Ultra Laptop,Xiaomi,11th Gen Core i5,16,512,0,Intel Iris Xe Graphics,Windows,15.6,3200 x 2000,4,8,66,62999,71.0,28.12,80,75,53.65,63.13,70.36,63.33,60.54,Daily Use,Mid Budget,"Cocok untuk penggunaan harian seperti browsing, mengetik, meeting online, dan tugas ringan; Memiliki storage yang mendukung workflow lebih cepat",fallback,benchmark
MSI Bravo 15 B5DD-043IN Gaming Laptop,MSI,Ryzen 5 5600H,8,512,0,4 GB AMD Radeon RX5500M,Windows,15.6,1920 x 1080,6,12,69,58500,73.2,7.39,55,75,41.13,52.47,62.7,52.56,50.09,Daily Use,Mid Budget,"Cocok untuk penggunaan harian seperti browsing, mengetik, meeting online, dan tugas ringan; Memiliki storage yang mendukung workflow lebih cepat",benchmark,benchmark
Lenovo IdeaPad 3 15ITL6 82H800U5IN Laptop,Lenovo,11th Gen Core i3,8,512,0,Intel Integrated UHD,Windows,15.6,1920 x 1080,2,4,55,37600,54.52,16.42,55,75,40.52,48.19,58.0,49.21,46.26,Daily Use,Low Budget,"Cocok untuk penggunaan harian seperti browsing, mengetik, meeting online, dan tugas ringan; Memiliki storage yang mendukung workflow lebih cepat",benchmark,benchmark
Xiaomi RedmiBook e-Learning Edition,Xiaomi,11th Gen Core i3,8,256,0,Intel UHD Graphics,Windows,15.6,1920 x 1080,2,4,55,30990,54.52,16.42,55,60,38.27,45.94,52.75,46.21,44.01,Daily Use,Low Budget,"Cocok untuk penggunaan harian seperti browsing, mengetik, meeting online, dan tugas ringan",benchmark,benchmark
Realme Book Slim Laptop,Realme,11th Gen Core i3,8,256,0,Intel UHD Graphics,Windows,14.0,1440 x 2160,2,4,53,46990,54.52,16.42,55,60,38.27,45.94,52.75,46.21,44.01,Daily Use,Low Budget,"Cocok untuk penggunaan harian seperti browsing, mengetik, meeting online, dan tugas ringan",benchmark,benchmark
Lenovo IdeaPad 3 15ITL6 82H8014BIN Laptop,Lenovo,11th Gen Core i5,8,512,0,Intel Integrated Iris Xe,Windows,15.6,1920 x 1080,4,8,61,55850,71.0,28.12,55,75,49.9,56.88,64.11,57.08,55.54,Daily Use,Mid Budget,"Cocok untuk penggunaan harian seperti browsing, mengetik, meeting online, dan tugas ringan; Memiliki storage yang mendukung workflow lebih cepat",fallback,benchmark
Acer Extensa EX215-31 Laptop,Acer,Intel Pentium N5030,4,0,1000,Intel UHD Graphics 605,Windows,15.6,768 x 1366,4,4,0,21990,12.04,16.42,30,50,22.4,23.32,30.25,25.22,22.64,Daily Use,Low Budget,"Cocok untuk penggunaan harian seperti browsing, mengetik, meeting online, dan tugas ringan",benchmark,benchmark
Asus ROG Flow X13 GV301QH-K5462TS Gaming Laptop,Asus,AMD Ryzen 9,16,1000,0,4 GB NVIDIA GeForce GTX 1650,Windows,13.4,3840 x 2400,8,16,84,105990,100.0,77.12,80,90,85.2,87.78,89.21,87.28,87.64,Gaming,High Budget,Cocok untuk gaming dan kebutuhan grafis tinggi; Cocok untuk programming dan multitasking; Cocok untuk AI ringan dan image processing; Memiliki storage yang mendukung workflow lebih cepat,benchmark,benchmark
Lenovo Yoga 9i 82BG005JIN Laptop,Lenovo,11th Gen Core i7,16,1000,0,Intel Iris Xe Graphics,Windows,14.0,3840 x 2160,4,8,67,172990,86.0,28.12,80,90,59.65,70.63,80.11,70.83,68.04,Daily Use,High Budget,"Cocok untuk penggunaan harian seperti browsing, mengetik, meeting online, dan tugas ringan; Cocok untuk programming dan multitasking; Memiliki storage yang mendukung workflow lebih cepat",fallback,benchmark
Dell Inspiron 3501 Laptop,Dell,11th Gen Core i5,8,256,1000,Intel Iris Xe Graphics,Windows,15.6,1920 x 1080,4,8,57,61640,71.0,28.12,55,65,48.4,55.38,60.61,55.08,54.04,Daily Use,Mid Budget,"Cocok untuk penggunaan harian seperti browsing, mengetik, meeting online, dan tugas ringan",fallback,benchmark
Apple MacBook Air 2020 MGN73HN Laptop,Apple,Apple M1,8,512,0,Apple M1 Integrated Graphics,Mac,13.3,2560 x 1600,8,0,47,109990,100.0,25.0,55,75,55.75,66.25,72.5,65.0,64.75,Daily Use,High Budget,"Cocok untuk penggunaan harian seperti browsing, mengetik, meeting online, dan tugas ringan; Memiliki storage yang mendukung workflow lebih cepat",benchmark,fallback
Dell Inspiron 3593 Laptop,Dell,10th Gen Core i3,4,0,1000,Intel Integrated UHD,Windows,15.6,1920 x 1080,2,4,55,36990,54.52,16.42,30,50,33.02,38.19,43.0,37.96,37.51,Daily Use,Low Budget,"Cocok untuk penggunaan harian seperti browsing, mengetik, meeting online, dan tugas ringan",benchmark,benchmark
Microsoft Surface Laptop 3 1873,Microsoft,V4G-00021) Laptop ,8,128,0,AMD Radeon Vega 9,Windows,15.0,2496 x 1664,4,8,59,99990,35.0,17.26,55,50,32.27,37.82,43.48,38.56,35.93,Daily Use,High Budget,"Cocok untuk penggunaan harian seperti browsing, mengetik, meeting online, dan tugas ringan",fallback,benchmark
HP EliteBook 840 G6,HP,7YY01PA) Laptop ,8,512,0,2 GB Radeon RX 550,Windows,14.0,1920 x 1080,4,8,66,146000,35.0,27.49,55,75,40.62,44.12,53.25,46.12,42.75,Daily Use,High Budget,"Cocok untuk penggunaan harian seperti browsing, mengetik, meeting online, dan tugas ringan; Memiliki storage yang mendukung workflow lebih cepat",fallback,benchmark
Dell Latitude 5320 2-in-1 Laptop,Dell,11th Gen Core i5,16,256,0,Intel UHD Graphics,Windows,13.3,1920 x 1080,4,8,65,87999,71.0,16.42,80,60,46.14,57.96,63.94,57.4,54.78,Daily Use,High Budget,"Cocok untuk penggunaan harian seperti browsing, mengetik, meeting online, dan tugas ringan",fallback,benchmark
Lenovo V15 ITL 82KBA03JIH Laptop,Lenovo,11th Gen Core i3,8,512,0,Intel Integrated UHD,Windows,15.6,1920 x 1080,2,4,51,33990,54.52,16.42,55,75,40.52,48.19,58.0,49.21,46.26,Daily Use,Low Budget,"Cocok untuk penggunaan harian seperti browsing, mengetik, meeting online, dan tugas ringan; Memiliki storage yang mendukung workflow lebih cepat",benchmark,benchmark
Asus VivoBook 15 X1500EA-EJ3381WS Laptop,Asus,11th Gen Core i3,8,512,0,Intel UHD Graphics,Windows,15.6,1920 x 1080,2,4,51,39400,54.52,16.42,55,75,40.52,48.19,58.0,49.21,46.26,Daily Use,Low Budget,"Cocok untuk penggunaan harian seperti browsing, mengetik, meeting online, dan tugas ringan; Memiliki storage yang mendukung workflow lebih cepat",benchmark,benchmark
HP Envy x360 15-ew0037TU Laptop,HP,12th Gen Core i5,16,512,0,Intel Integrated Iris Xe,Windows,15.6,1920 x 1080,10,12,72,82999,99.91,28.12,80,75,60.88,73.25,79.04,72.0,70.65,Daily Use,Mid Budget,"Cocok untuk penggunaan harian seperti browsing, mengetik, meeting online, dan tugas ringan; Cocok untuk programming dan multitasking; Memiliki storage yang mendukung workflow lebih cepat",benchmark,benchmark
HP 15s-eq2213AU Laptop,HP,AMD Ryzen 3 5300U,8,512,0,AMD Radeon Graphics,Windows,15.6,1920 x 1080,4,8,55,40960,43.04,73.06,55,75,63.14,58.33,60.22,59.93,59.23,Gaming,Low Budget,Cocok untuk gaming dan kebutuhan grafis tinggi; Memiliki storage yang mendukung workflow lebih cepat,benchmark,benchmark
Asus Vivobook Pro 16X OLED N7601ZM-MQ711WS Gaming Laptop,Asus,12th Gen Core i7,16,1000,0,6 GB NVIDIA GeForce RTX 3060,Windows,16.0,3840 x 2400,10,16,86,168990,100.0,100.0,80,90,95.5,93.5,91.5,93.0,94.5,Gaming,High Budget,Cocok untuk gaming dan kebutuhan grafis tinggi; Cocok untuk programming dan multitasking; Cocok untuk AI ringan dan image processing; Memiliki storage yang mendukung workflow lebih cepat,benchmark,benchmark
HP Victus 16-d0310TX Gaming Laptop,HP,11th Gen Core i5,8,512,0,4 GB NVIDIA GeForce GTX 1650,Windows,16.1,1920 x 1080,6,12,72,84419,71.0,77.12,55,75,71.95,69.13,69.01,69.33,70.24,Gaming,Mid Budget,Cocok untuk gaming dan kebutuhan grafis tinggi; Memiliki storage yang mendukung workflow lebih cepat,fallback,benchmark
HP Victus 15-fb0777AX Gaming Laptop,HP,AMD Ryzen 5 5600H,8,512,0,4 GB AMD Radeon RX 6500M Graphics,Windows,15.6,1920 x 1080,6,12,68,70816,73.2,95.24,55,75,80.66,74.43,71.48,74.52,76.44,Gaming,Mid Budget,Cocok untuk gaming dan kebutuhan grafis tinggi; Memiliki storage yang mendukung workflow lebih cepat,benchmark,benchmark
HP Victus 16-d0311TX Gaming Laptop,HP,11th Gen Core i5,16,512,0,4 GB NVIDIA GeForce GTX 1650,Windows,16.1,1920 x 1080,6,12,74,75990,71.0,77.12,80,75,75.7,75.38,75.26,75.58,75.24,Gaming,Mid Budget,Cocok untuk gaming dan kebutuhan grafis tinggi; Memiliki storage yang mendukung workflow lebih cepat,fallback,benchmark
Dell G15-5520 D560897WIN9S Laptop,Dell,12th Gen Core i9,16,1000,0,6 GB NVIDIA GeForce RTX 3060,Windows,15.6,1920 x 1080,14,20,78,149899,100.0,100.0,80,90,95.5,93.5,91.5,93.0,94.5,Gaming,High Budget,Cocok untuk gaming dan kebutuhan grafis tinggi; Cocok untuk programming dan multitasking; Cocok untuk AI ringan dan image processing; Memiliki storage yang mendukung workflow lebih cepat,benchmark,benchmark
HP Victus 16-e0333TX Gaming Laptop,HP,AMD Ryzen 5 5600H,16,512,0,6 GB NVIDIA GeForce RTX3060,Windows,16.1,1920 x 1080,6,12,73,92990,73.2,13.04,80,75,47.42,60.13,69.51,60.22,56.78,Daily Use,High Budget,"Cocok untuk penggunaan harian seperti browsing, mengetik, meeting online, dan tugas ringan; Memiliki storage yang mendukung workflow lebih cepat",benchmark,benchmark
Lenovo Legion 5 Pro 82RG00ELIN Laptop,Lenovo,AMD Ryzen 7 6800H,16,1000,0,6 GB NVIDIA GeForce RTX 3060,Windows,16.0,2560 x 1600,8,16,75,159990,99.56,100.0,80,90,95.39,93.35,91.37,92.87,94.35,Gaming,High Budget,Cocok untuk gaming dan kebutuhan grafis tinggi; Cocok untuk programming dan multitasking; Cocok untuk AI ringan dan image processing; Memiliki storage yang mendukung workflow lebih cepat,benchmark,benchmark
MSI Katana GF66 12UD Gaming Laptop,MSI,12th Gen Core i7,16,512,0,4 GB NVIDIA GeForce RTX 3050Ti,Windows,15.6,1920 x 1080,14,20,76,105000,100.0,100.0,80,75,93.25,91.25,86.25,90.0,92.25,Gaming,High Budget,Cocok untuk gaming dan kebutuhan grafis tinggi; Cocok untuk programming dan multitasking; Cocok untuk AI ringan dan image processing; Memiliki storage yang mendukung workflow lebih cepat,benchmark,benchmark
MSI Pulse GL66 12UGSZOK Gaming Laptop,MSI,12th Gen Core i9,16,1000,0,8 GB NVIDIA GeForce RTX 3070Ti,Windows,15.6,2560 x 1440,14,20,80,209000,100.0,100.0,80,90,95.5,93.5,91.5,93.0,94.5,Gaming,High Budget,Cocok untuk gaming dan kebutuhan grafis tinggi; Cocok untuk programming dan multitasking; Cocok untuk AI ringan dan image processing; Memiliki storage yang mendukung workflow lebih cepat,benchmark,benchmark
HP Pavilion 15-eg2091TU Laptop,HP,12th Gen Core i5,16,512,0,Intel Iris Xe Graphics,Windows,15.6,1920 x 1080,12,16,63,74098,99.91,28.12,80,75,60.88,73.25,79.04,72.0,70.65,Daily Use,Mid Budget,"Cocok untuk penggunaan harian seperti browsing, mengetik, meeting online, dan tugas ringan; Cocok untuk programming dan multitasking; Memiliki storage yang mendukung workflow lebih cepat",benchmark,benchmark
HP Envy x360 15-ew0043TU 2-in-1 Laptop,HP,12th Gen Core i5,16,512,0,Intel Iris Xe Graphics,Windows,15.6,1920 x 1080,10,12,71,99999,99.91,28.12,80,75,60.88,73.25,79.04,72.0,70.65,Daily Use,High Budget,"Cocok untuk penggunaan harian seperti browsing, mengetik, meeting online, dan tugas ringan; Cocok untuk programming dan multitasking; Memiliki storage yang mendukung workflow lebih cepat",benchmark,benchmark
HP Envy x360 15-ew0047TU 2-in-1 Laptop,HP,12th Gen Core i7,16,512,0,Intel Iris X Graphics,Windows,15.6,1920 x 1080,10,12,72,116000,100.0,14.92,80,75,54.96,69.98,77.74,68.73,66.73,Daily Use,High Budget,"Cocok untuk penggunaan harian seperti browsing, mengetik, meeting online, dan tugas ringan; Cocok untuk programming dan multitasking; Memiliki storage yang mendukung workflow lebih cepat",benchmark,benchmark
HP ProBook 445 G8 Laptop,HP,AMD Ryzen 7 5800U,16,512,0,AMD Radeon,Windows,14.0,1366 x 768,8,16,72,73999,80.18,7.39,80,75,46.62,61.16,71.04,60.9,57.53,Daily Use,Mid Budget,"Cocok untuk penggunaan harian seperti browsing, mengetik, meeting online, dan tugas ringan; Cocok untuk programming dan multitasking; Memiliki storage yang mendukung workflow lebih cepat",benchmark,benchmark
Apple MacBook Pro 16 inch Laptop,Apple,M2 Pro 12-core CPU,16,1000,0,19-core GPU,Mac,16.2,3456 x 2234,12,0,59,269900,85.0,35.0,80,90,62.5,72.0,80.5,72.25,69.75,Daily Use,High Budget,"Cocok untuk penggunaan harian seperti browsing, mengetik, meeting online, dan tugas ringan; Cocok untuk programming dan multitasking; Memiliki storage yang mendukung workflow lebih cepat",fallback,fallback
Apple MacBook Pro 16 inch Laptop,Apple,M2 Pro 12-core CPU,16,512,0,19-core GPU,Mac,16.2,3456 x 2234,12,0,55,249900,85.0,35.0,80,75,60.25,69.75,75.25,69.25,67.5,Daily Use,High Budget,"Cocok untuk penggunaan harian seperti browsing, mengetik, meeting online, dan tugas ringan; Cocok untuk programming dan multitasking; Memiliki storage yang mendukung workflow lebih cepat",fallback,fallback
Apple MacBook Pro 14 inch Laptop,Apple,M2 Max 12-core CPU,32,1000,0,30-core GPU,Mac,14.2,3024 x 1964,12,0,62,309900,85.0,35.0,95,90,64.75,75.75,84.25,76.0,72.75,Daily Use,High Budget,"Cocok untuk penggunaan harian seperti browsing, mengetik, meeting online, dan tugas ringan; Cocok untuk programming dan multitasking; Memiliki storage yang mendukung workflow lebih cepat",fallback,fallback
Apple MacBook Pro 14 inch Laptop,Apple,M2 Pro 12-core CPU,16,1000,0,19-core GPU,Mac,14.2,3024 x 1964,12,0,56,249900,85.0,35.0,80,90,62.5,72.0,80.5,72.25,69.75,Daily Use,High Budget,"Cocok untuk penggunaan harian seperti browsing, mengetik, meeting online, dan tugas ringan; Cocok untuk programming dan multitasking; Memiliki storage yang mendukung workflow lebih cepat",fallback,fallback
Apple MacBook Pro 14 inch Laptop,Apple,M2 Pro 10-core CPU,16,512,0,16-core GPU,Mac,14.2,3024 x 1964,10,0,54,199900,94.78,35.0,80,75,62.7,73.17,78.18,72.18,70.92,Daily Use,High Budget,"Cocok untuk penggunaan harian seperti browsing, mengetik, meeting online, dan tugas ringan; Cocok untuk programming dan multitasking; Memiliki storage yang mendukung workflow lebih cepat",benchmark,fallback
HP Pavilion Plus 14-eh0037TU Laptop,HP,12th Gen Core i5,16,512,0,Intel Integrated Iris Xe,Windows,14.0,2880 x 1800,12,16,71,81990,99.91,28.12,80,75,60.88,73.25,79.04,72.0,70.65,Daily Use,Mid Budget,"Cocok untuk penggunaan harian seperti browsing, mengetik, meeting online, dan tugas ringan; Cocok untuk programming dan multitasking; Memiliki storage yang mendukung workflow lebih cepat",benchmark,benchmark
Apple MacBook Pro 2022 Laptop,Apple,Apple M2,16,256,0,10 Core GPU,Mac,13.3,2560 x 1600,8,0,44,149000,100.0,35.0,80,60,61.75,72.75,74.5,70.75,70.5,Daily Use,High Budget,"Cocok untuk penggunaan harian seperti browsing, mengetik, meeting online, dan tugas ringan; Cocok untuk programming dan multitasking",benchmark,fallback
Apple MacBook Air M2 2022 Laptop,Apple,Apple M2,16,512,0,10-Core GPU,Mac,13.6,2560 x 1664,8,0,47,159000,100.0,35.0,80,75,64.0,75.0,79.75,73.75,72.75,Editing,High Budget,"Cocok untuk editing video, desain grafis, dan rendering ringan; Cocok untuk programming dan multitasking; Memiliki storage yang mendukung workflow lebih cepat",benchmark,fallback
Apple MacBook Air 2022 Laptop,Apple,Apple M2,16,256,0,10-Core GPU,Mac,13.6,2560 x 1664,8,0,44,137900,100.0,35.0,80,60,61.75,72.75,74.5,70.75,70.5,Daily Use,High Budget,"Cocok untuk penggunaan harian seperti browsing, mengetik, meeting online, dan tugas ringan; Cocok untuk programming dan multitasking",benchmark,fallback
Samsung Galaxy Book2 NP550XED-KA2IN Laptop,Samsung,12th Gen Core i5,16,512,0,Intel Integrated UHD,Windows,15.6,1920 x 1080,8,12,59,70990,99.91,16.42,80,75,55.62,70.32,77.86,69.08,67.14,Daily Use,Mid Budget,"Cocok untuk penggunaan harian seperti browsing, mengetik, meeting online, dan tugas ringan; Cocok untuk programming dan multitasking; Memiliki storage yang mendukung workflow lebih cepat",benchmark,benchmark
Lenovo Legion 7i 82TD009KIN Gaming Laptop,Lenovo,12th Gen Core i9,32,1000,0,16 GB NVIDIA GeForce RTX 3080 Ti,Windows,16.0,2560 x 1600,16,24,90,359990,100.0,100.0,95,90,97.75,97.25,95.25,96.75,97.5,Gaming,High Budget,Cocok untuk gaming dan kebutuhan grafis tinggi; Cocok untuk programming dan multitasking; Cocok untuk AI ringan dan image processing; Memiliki storage yang mendukung workflow lebih cepat,benchmark,benchmark
Dell Inspiron 3511 D560783WIN9BD Laptop,Dell,11th Gen Core i3,8,512,0,Intel UHD Graphics,Windows,15.56,1920 x 1080,2,4,57,61202,54.52,16.42,55,75,40.52,48.19,58.0,49.21,46.26,Daily Use,Mid Budget,"Cocok untuk penggunaan harian seperti browsing, mengetik, meeting online, dan tugas ringan; Memiliki storage yang mendukung workflow lebih cepat",benchmark,benchmark
Dell Vostro 3425 D552308WIN9B Laptop,Dell,AMD Ryzen 3 5425U,8,256,0,AMD Radeon AMD,Windows,14.0,1920 x 1080,4,8,61,50852,41.34,7.39,55,60,30.91,39.07,47.89,40.0,36.69,Daily Use,Low Budget,"Cocok untuk penggunaan harian seperti browsing, mengetik, meeting online, dan tugas ringan",benchmark,benchmark
HP 245 G8 ‎6E3Z1PA Laptop,HP,AMD Ryzen 3 3250U,8,512,0,AMD Radeon Graphics,DOS,14.0,1366 x 768,2,4,53,36000,17.49,73.06,55,75,56.75,49.39,52.55,52.26,50.29,Gaming,Low Budget,Cocok untuk gaming dan kebutuhan grafis tinggi; Memiliki storage yang mendukung workflow lebih cepat,benchmark,benchmark
MSI Modern 14 C12M-269IN Laptop,MSI,12th Gen Core i3,8,512,0,Intel Integrated UHD,Windows,14.0,1920 x 1080,6,8,61,44990,54.52,16.42,55,75,40.52,48.19,58.0,49.21,46.26,Daily Use,Low Budget,"Cocok untuk penggunaan harian seperti browsing, mengetik, meeting online, dan tugas ringan; Memiliki storage yang mendukung workflow lebih cepat",benchmark,benchmark
Dell Inspiron 5420 ICC-C782537WIN8 Laptop,Dell,12th Gen Core i5,16,512,0,Intel Integrated Iris Xe,Windows,14.0,1920 x 1080,12,16,68,91958,99.91,28.12,80,75,60.88,73.25,79.04,72.0,70.65,Daily Use,High Budget,"Cocok untuk penggunaan harian seperti browsing, mengetik, meeting online, dan tugas ringan; Cocok untuk programming dan multitasking; Memiliki storage yang mendukung workflow lebih cepat",benchmark,benchmark
HP 15s-du3612TU Laptop,HP,11th Gen Core i3,8,256,1000,Intel Integrated UHD,Windows,15.6,1920 x 1080,2,4,62,41990,54.52,16.42,55,65,39.02,46.69,54.5,47.21,44.76,Daily Use,Low Budget,"Cocok untuk penggunaan harian seperti browsing, mengetik, meeting online, dan tugas ringan",benchmark,benchmark
Infinix INBook X2 Plus XL25 Laptop,Infinix,11th Gen Core i5,16,512,0,Intel Integrated Iris Xe,Windows,15.6,1920 x 1080,4,8,53,49990,71.0,28.12,80,75,53.65,63.13,70.36,63.33,60.54,Daily Use,Low Budget,"Cocok untuk penggunaan harian seperti browsing, mengetik, meeting online, dan tugas ringan; Memiliki storage yang mendukung workflow lebih cepat",fallback,benchmark
Dell Inspiron 3520 Laptop,Dell,12th Gen Core i5,8,512,0,Intel Iris Xe Graphics,Windows,15.6,1920 x 1080,10,12,61,62029,99.91,28.12,55,75,57.13,67.0,72.78,65.75,65.65,Daily Use,Mid Budget,"Cocok untuk penggunaan harian seperti browsing, mengetik, meeting online, dan tugas ringan; Memiliki storage yang mendukung workflow lebih cepat",benchmark,benchmark
Dell Vostro 3420 Laptop,Dell,12th Gen Core i5,16,512,0,Intel UHD Graphics,Windows,14.0,1920 x 1080,10,12,61,69900,99.91,16.42,80,75,55.62,70.32,77.86,69.08,67.14,Daily Use,Mid Budget,"Cocok untuk penggunaan harian seperti browsing, mengetik, meeting online, dan tugas ringan; Cocok untuk programming dan multitasking; Memiliki storage yang mendukung workflow lebih cepat",benchmark,benchmark
Dell Inspiron 3520 2022 Laptop,Dell,12th Gen Core i5,8,256,1000,2 GB NVIDIA MX550 Graphics,Windows,15.6,1920 x 1080,10,12,67,72990,99.91,45.0,55,65,63.23,69.72,70.97,67.97,69.22,Daily Use,Mid Budget,"Cocok untuk penggunaan harian seperti browsing, mengetik, meeting online, dan tugas ringan",benchmark,fallback
HP Envy x360 15-ew0040TU Laptop,HP,12th Gen Core i5,16,512,0,Intel Integrated Iris Xe,Windows,15.6,1920 x 1080,10,12,67,77990,99.91,28.12,80,75,60.88,73.25,79.04,72.0,70.65,Daily Use,Mid Budget,"Cocok untuk penggunaan harian seperti browsing, mengetik, meeting online, dan tugas ringan; Cocok untuk programming dan multitasking; Memiliki storage yang mendukung workflow lebih cepat",benchmark,benchmark
HP Envy x360 15-ew0048TU Laptop,HP,12th Gen Core i7,16,1000,0,Intel Integrated Iris Xe,Windows,15.6,2880 x 1800,10,12,73,109990,100.0,28.12,80,90,63.15,75.53,84.31,75.03,72.94,Daily Use,High Budget,"Cocok untuk penggunaan harian seperti browsing, mengetik, meeting online, dan tugas ringan; Cocok untuk programming dan multitasking; Memiliki storage yang mendukung workflow lebih cepat",benchmark,benchmark
HP Envy x360 15-ew0043TU Laptop,HP,12th Gen Core i5,16,512,0,Intel Integrated Iris Xe,Windows,15.6,1920 x 1080,10,12,65,84990,99.91,28.12,80,75,60.88,73.25,79.04,72.0,70.65,Daily Use,Mid Budget,"Cocok untuk penggunaan harian seperti browsing, mengetik, meeting online, dan tugas ringan; Cocok untuk programming dan multitasking; Memiliki storage yang mendukung workflow lebih cepat",benchmark,benchmark
Dell G15-5520 Gaming Laptop,Dell,12th Gen Core i5,8,512,0,4 GB NVIDIA GeForce RTX 3050,Windows,15.6,1920 x 1080,12,16,75,79990,99.91,100.0,55,75,89.48,84.97,79.97,83.72,87.22,Gaming,Mid Budget,Cocok untuk gaming dan kebutuhan grafis tinggi; Cocok untuk AI ringan dan image processing; Memiliki storage yang mendukung workflow lebih cepat,benchmark,benchmark
HP Pavilion 14-ec1005AU Laptop,HP,Ryzen 5 5625U,16,512,0,AMD Radeon Graphics,Windows,14.0,1920 x 1080,6,12,61,59815,64.35,73.06,80,75,72.21,72.04,72.86,72.57,71.69,Gaming,Mid Budget,Cocok untuk gaming dan kebutuhan grafis tinggi; Memiliki storage yang mendukung workflow lebih cepat,benchmark,benchmark
HP Pavilion 14-ec1005AU Laptop,HP,12th Gen Core i5,16,512,0,Intel Iris Xe Graphics,Windows,15.6,1920 x 1080,12,16,63,75990,99.91,28.12,80,75,60.88,73.25,79.04,72.0,70.65,Daily Use,Mid Budget,"Cocok untuk penggunaan harian seperti browsing, mengetik, meeting online, dan tugas ringan; Cocok untuk programming dan multitasking; Memiliki storage yang mendukung workflow lebih cepat",benchmark,benchmark
HP Envy x360 13-bf0121TU  Laptop,HP,12th Gen Core i5,16,512,0,Intel Integrated Iris Xe,Windows,13.4,1920 x 1200,10,12,72,79990,99.91,28.12,80,75,60.88,73.25,79.04,72.0,70.65,Daily Use,Mid Budget,"Cocok untuk penggunaan harian seperti browsing, mengetik, meeting online, dan tugas ringan; Cocok untuk programming dan multitasking; Memiliki storage yang mendukung workflow lebih cepat",benchmark,benchmark
HP Envy x360 13-ay1064AU 2-in-1 Laptop,HP,Ryzen 7 5800U,16,512,0,AMD Radeon Graphic,Windows,13.3,1920 x 1080,8,16,72,98000,80.18,3.1,80,75,44.69,60.09,70.61,59.83,56.24,Daily Use,High Budget,"Cocok untuk penggunaan harian seperti browsing, mengetik, meeting online, dan tugas ringan; Cocok untuk programming dan multitasking; Memiliki storage yang mendukung workflow lebih cepat",benchmark,benchmark
Dell Vostro 3520 Laptop,Dell,12th Gen Core i5,8,512,0,Intel Iris Xe Graphics,Windows,15.6,1920 x 1080,10,12,56,60070,99.91,28.12,55,75,57.13,67.0,72.78,65.75,65.65,Daily Use,Mid Budget,"Cocok untuk penggunaan harian seperti browsing, mengetik, meeting online, dan tugas ringan; Memiliki storage yang mendukung workflow lebih cepat",benchmark,benchmark
Asus ROG Zephyrus G15 GA503RMZ-LN155WS Gaming Laptop,Asus,AMD Ryzen 7 6800HS,16,1000,0,6 GB NVIDIA GeForce RTX 3060,Windows,15.6,2560 x 1440,8,16,81,157990,100.0,100.0,80,90,95.5,93.5,91.5,93.0,94.5,Gaming,High Budget,Cocok untuk gaming dan kebutuhan grafis tinggi; Cocok untuk programming dan multitasking; Cocok untuk AI ringan dan image processing; Memiliki storage yang mendukung workflow lebih cepat,benchmark,benchmark
Dell Vostro 3420 Laptop,Dell,12th Gen Core i5,8,512,0,Intel UHD Graphics,Windows,14.0,1920 x 1080,10,12,59,57990,99.91,16.42,55,75,51.87,64.07,71.61,62.83,62.14,Daily Use,Mid Budget,"Cocok untuk penggunaan harian seperti browsing, mengetik, meeting online, dan tugas ringan; Memiliki storage yang mendukung workflow lebih cepat",benchmark,benchmark
Dell Vostro 3525 Laptop,Dell,AMD R5-5625U,16,512,0,AMD Radeon Radeon Graphics,Windows,15.6,1920 x 1080,6,12,62,55530,64.35,73.06,80,75,72.21,72.04,72.86,72.57,71.69,Gaming,Mid Budget,Cocok untuk gaming dan kebutuhan grafis tinggi; Memiliki storage yang mendukung workflow lebih cepat,benchmark,benchmark
Dell Vostro 3525 Laptop,Dell,AMD Ryzen 5-5625U,8,512,0,AMD Radeon Radeon Graphics,Windows,15.6,1920 x 1080,6,12,60,51499,64.35,73.06,55,75,68.46,65.79,66.61,66.32,66.69,Gaming,Low Budget,Cocok untuk gaming dan kebutuhan grafis tinggi; Memiliki storage yang mendukung workflow lebih cepat,benchmark,benchmark
Dell Vostro 3420 Laptop,Dell,12th Gen Core i3,8,512,0,Intel UHD Graphics,Windows,14.0,1920 x 1080,6,8,56,43990,54.52,16.42,55,75,40.52,48.19,58.0,49.21,46.26,Daily Use,Low Budget,"Cocok untuk penggunaan harian seperti browsing, mengetik, meeting online, dan tugas ringan; Memiliki storage yang mendukung workflow lebih cepat",benchmark,benchmark
Asus ROG Zephyrus G15 GA503RSZ-HQ061WS Gaming Laptop,Asus,AMD Ryzen 9 6900HS,16,1000,0,8 GB NVIDIA GeForce RTX 3070Ti,Windows,15.6,2560 x 1440,8,16,85,211990,100.0,100.0,80,90,95.5,93.5,91.5,93.0,94.5,Gaming,High Budget,Cocok untuk gaming dan kebutuhan grafis tinggi; Cocok untuk programming dan multitasking; Cocok untuk AI ringan dan image processing; Memiliki storage yang mendukung workflow lebih cepat,benchmark,benchmark
MSI Modern 15 B12M Laptop,MSI,12th Gen Core i7,16,512,0,Intel Integrated Iris Xe,Windows,15.6,1920 x 1080,10,12,62,67990,100.0,28.12,80,75,60.9,73.28,79.06,72.03,70.69,Daily Use,Mid Budget,"Cocok untuk penggunaan harian seperti browsing, mengetik, meeting online, dan tugas ringan; Cocok untuk programming dan multitasking; Memiliki storage yang mendukung workflow lebih cepat",benchmark,benchmark
MSI Modern 15 B12M Laptop,MSI,12th Gen Core i5,16,512,0,Intel Integrated Iris Xe,Windows,15.6,1920 x 1080,10,12,62,57990,99.91,28.12,80,75,60.88,73.25,79.04,72.0,70.65,Daily Use,Mid Budget,"Cocok untuk penggunaan harian seperti browsing, mengetik, meeting online, dan tugas ringan; Cocok untuk programming dan multitasking; Memiliki storage yang mendukung workflow lebih cepat",benchmark,benchmark
MSI Modern 14 C12M Laptop,MSI,12th Gen Core i5,8,512,0,Intel Integrated Iris Xe,Windows,14.0,1920 x 1080,10,12,59,56990,99.91,28.12,55,75,57.13,67.0,72.78,65.75,65.65,Daily Use,Mid Budget,"Cocok untuk penggunaan harian seperti browsing, mengetik, meeting online, dan tugas ringan; Memiliki storage yang mendukung workflow lebih cepat",benchmark,benchmark
Asus Vivobook 15 X1502ZA-EJ381WS Laptop,Asus,12th Gen Core i3,8,512,0,Intel UHD Graphics,Windows,15.6,1920 x 1080,10,12,55,42990,54.52,16.42,55,75,40.52,48.19,58.0,49.21,46.26,Daily Use,Low Budget,"Cocok untuk penggunaan harian seperti browsing, mengetik, meeting online, dan tugas ringan; Memiliki storage yang mendukung workflow lebih cepat",benchmark,benchmark
HP 240 G8 Business Laptop,HP,11th Gen Core i5,8,512,0,Intel Integrated,Windows,14.0,1366 x 768,4,8,56,52999,71.0,1.06,55,75,37.73,50.11,61.41,50.32,47.42,Daily Use,Low Budget,"Cocok untuk penggunaan harian seperti browsing, mengetik, meeting online, dan tugas ringan; Memiliki storage yang mendukung workflow lebih cepat",fallback,benchmark
HP Victus 15-fa0031dx Gaming Laptop,HP,12th Gen Core i5,8,512,0,4 GB NVIDIA GeForce GTX 1650,Windows,15.6,1920 x 1080,8,12,69,79888,99.91,77.12,55,75,79.18,79.25,77.68,78.0,80.35,Gaming,Mid Budget,Cocok untuk gaming dan kebutuhan grafis tinggi; Cocok untuk AI ringan dan image processing; Memiliki storage yang mendukung workflow lebih cepat,benchmark,benchmark
Lenovo Thinkpad P15v 21AAS05L00 Laptop,Lenovo,11th Gen Core i7,16,1000,0,4 GB Nvidia Quadro T600,Windows,15.6,1920 x 1080,8,16,79,159999,86.0,64.46,80,90,76.01,79.72,83.75,79.91,78.94,All-Rounder,High Budget,"Cocok untuk penggunaan serbaguna seperti kerja, kuliah, editing ringan, dan multitasking; Cocok untuk programming dan multitasking; Memiliki storage yang mendukung workflow lebih cepat",fallback,benchmark
Acer Aspire 5 A515-57 2022 Laptop,Acer,12th Gen Core i5,16,512,0,Intel Iris Xe Graphic,Windows,15.6,1920 x 1080,10,12,66,61990,99.91,28.12,80,75,60.88,73.25,79.04,72.0,70.65,Daily Use,Mid Budget,"Cocok untuk penggunaan harian seperti browsing, mengetik, meeting online, dan tugas ringan; Cocok untuk programming dan multitasking; Memiliki storage yang mendukung workflow lebih cepat",benchmark,benchmark
HP Pavilion x360 14-ek0137TU Laptop,HP,12th Gen Core i3,8,512,0,Intel Integrated UHD,Windows,14.0,1920 x 1080,6,8,66,59990,54.52,16.42,55,75,40.52,48.19,58.0,49.21,46.26,Daily Use,Mid Budget,"Cocok untuk penggunaan harian seperti browsing, mengetik, meeting online, dan tugas ringan; Memiliki storage yang mendukung workflow lebih cepat",benchmark,benchmark
Dell Vostro 3510 ICC-D585046WIN8 Laptop,Dell,Intel Pentium Gold 7505,8,256,0,Intel UHD Graphics,Windows,15.6,1920 x 1080,2,4,53,32990,23.28,16.42,55,60,30.46,35.0,43.38,36.84,33.07,Daily Use,Low Budget,"Cocok untuk penggunaan harian seperti browsing, mengetik, meeting online, dan tugas ringan",benchmark,benchmark
HP 240 G8 4K5D5PA Business Laptop,HP,11th Gen Core i3,8,512,0,Intel Integrated,DOS,14.0,1366 x 768,2,4,44,35000,54.52,1.06,55,75,33.61,44.35,56.46,45.37,41.65,Daily Use,Low Budget,"Cocok untuk penggunaan harian seperti browsing, mengetik, meeting online, dan tugas ringan; Memiliki storage yang mendukung workflow lebih cepat",benchmark,benchmark
Lenovo E41-55 82FJ00B5IH Laptop,Lenovo,Athlon 3050U,4,0,1000,AMD Radeon AMD,DOS,14.0,1366 x 768,2,2,47,18990,13.61,7.39,30,50,18.73,21.61,29.82,23.43,20.48,Daily Use,Low Budget,"Cocok untuk penggunaan harian seperti browsing, mengetik, meeting online, dan tugas ringan",benchmark,benchmark
Lenovo E41-55 82FJ00B5IH Laptop,Lenovo,Athlon 3050U,4,256,0,AMD Radeon AMD,DOS,14.0,1366 x 768,2,2,48,18990,13.61,7.39,30,60,20.23,23.11,33.32,25.43,21.98,Daily Use,Low Budget,"Cocok untuk penggunaan harian seperti browsing, mengetik, meeting online, dan tugas ringan",benchmark,benchmark
MSI Katana GF66 12UC-632IN Gaming Laptop,MSI,12th Gen Core i7,8,512,0,4 GB NVIDIA GeForce RTX 3050,Windows,15.6,1920 x 1080,14,20,73,80990,100.0,100.0,55,75,89.5,85.0,80.0,83.75,87.25,Gaming,Mid Budget,Cocok untuk gaming dan kebutuhan grafis tinggi; Cocok untuk AI ringan dan image processing; Memiliki storage yang mendukung workflow lebih cepat,benchmark,benchmark
Lenovo IdeaPad Flex 5 14ALC7 82R9006PIN Laptop,Lenovo,AMD Ryzen 5 5500U,16,512,0,AMD Radeon,Windows,14.0,1920 x 1200,6,12,69,72690,56.3,7.39,80,75,40.65,52.8,63.88,53.74,49.17,Daily Use,Mid Budget,"Cocok untuk penggunaan harian seperti browsing, mengetik, meeting online, dan tugas ringan; Memiliki storage yang mendukung workflow lebih cepat",benchmark,benchmark
Lenovo V14 Gen 2 ‎82C40019IX Laptop,Lenovo,11th Gen Core i5,8,512,0,Intel Iris Xe Graphics,Windows,14.0,1920 x 1080,4,8,56,49999,71.0,28.12,55,75,49.9,56.88,64.11,57.08,55.54,Daily Use,Low Budget,"Cocok untuk penggunaan harian seperti browsing, mengetik, meeting online, dan tugas ringan; Memiliki storage yang mendukung workflow lebih cepat",fallback,benchmark
Asus ROG Strix G15 G513IE-HN088WS Gaming Laptop,Asus,Ryzen 7 4800H,8,512,0,4 GB NVIDIA GeForce RTX 3050 Ti,Windows,15.6,1920 x 1080,8,16,69,76990,81.04,100.0,55,75,84.76,78.36,74.31,78.06,80.61,Gaming,Mid Budget,Cocok untuk gaming dan kebutuhan grafis tinggi; Cocok untuk AI ringan dan image processing; Memiliki storage yang mendukung workflow lebih cepat,benchmark,benchmark
Asus Vivobook 14 OLED UX3402ZA-KN531WS Laptop,Asus,12th Gen Core i5,16,512,0,Intel Iris Xe,Windows,14.0,2880 x 1800,12,16,69,95980,99.91,28.12,80,75,60.88,73.25,79.04,72.0,70.65,Daily Use,High Budget,"Cocok untuk penggunaan harian seperti browsing, mengetik, meeting online, dan tugas ringan; Cocok untuk programming dan multitasking; Memiliki storage yang mendukung workflow lebih cepat",benchmark,benchmark
Lenovo IdeaPad Slim 3 82RJ0040IN Laptop,Lenovo,12th Gen Core i3,8,512,0,‎Intel UHD Graphics,Windows,14.0,1920 x 1080,6,8,59,52900,54.52,16.42,55,75,40.52,48.19,58.0,49.21,46.26,Daily Use,Low Budget,"Cocok untuk penggunaan harian seperti browsing, mengetik, meeting online, dan tugas ringan; Memiliki storage yang mendukung workflow lebih cepat",benchmark,benchmark
Ultimus S151 NU14U2INC43VN-CS Laptop,Ultimus,Celeron N4020,4,128,0,Intel Integrated UHD Graphics,Windows,14.1,1920 x 1080,2,2,48,19990,7.3,16.42,30,50,21.21,21.66,28.83,23.8,20.98,Daily Use,Low Budget,"Cocok untuk penggunaan harian seperti browsing, mengetik, meeting online, dan tugas ringan",benchmark,benchmark
HP Pavilion 14-dv2014TU Laptop,HP,12th Gen Core i5,16,512,0,Intel Integrated UHD Graphics,Windows,14.0,1920 x 1080,10,12,65,68918,99.91,16.42,80,75,55.62,70.32,77.86,69.08,67.14,Daily Use,Mid Budget,"Cocok untuk penggunaan harian seperti browsing, mengetik, meeting online, dan tugas ringan; Cocok untuk programming dan multitasking; Memiliki storage yang mendukung workflow lebih cepat",benchmark,benchmark
Ultimus S151 NU14U2INC43VD-CS Laptop,Ultimus,Celeron N4020,4,128,0,Intel Integrated UHD Graphics,DOS,14.1,1920 x 1080,2,2,44,17990,7.3,16.42,30,50,21.21,21.66,28.83,23.8,20.98,Daily Use,Low Budget,"Cocok untuk penggunaan harian seperti browsing, mengetik, meeting online, dan tugas ringan",benchmark,benchmark
Ultimus S152 NU15U2INC44VN-SG Laptop,Ultimus,Celeron N4020,4,256,0,Intel Integrated UHD Graphics,Windows,15.6,1920 x 1080,2,2,50,23990,7.3,16.42,30,60,22.71,23.16,32.33,25.8,22.48,Daily Use,Low Budget,"Cocok untuk penggunaan harian seperti browsing, mengetik, meeting online, dan tugas ringan",benchmark,benchmark
Lenovo Legion S7 82TF007LIN Gaming Laptop,Lenovo,12th Gen Core i7,16,1000,0,4 GB NVIDIA GeForce RTX 3050 Ti,Windows,16.0,2560 x 1600,14,20,84,149990,100.0,100.0,80,90,95.5,93.5,91.5,93.0,94.5,Gaming,High Budget,Cocok untuk gaming dan kebutuhan grafis tinggi; Cocok untuk programming dan multitasking; Cocok untuk AI ringan dan image processing; Memiliki storage yang mendukung workflow lebih cepat,benchmark,benchmark
Acer Aspire 5 A515-57 NX.K2VSI.002 Laptop,Acer,12th Gen Core i3,8,512,0,Intel Integrated UHD,Windows,15.6,1920 x 1080,6,8,59,42990,54.52,16.42,55,75,40.52,48.19,58.0,49.21,46.26,Daily Use,Low Budget,"Cocok untuk penggunaan harian seperti browsing, mengetik, meeting online, dan tugas ringan; Memiliki storage yang mendukung workflow lebih cepat",benchmark,benchmark
MSI Stealth GS66 12UGS-290IN Gaming Laptop,MSI,12th Gen Core i7,32,1000,0,8 GB NVIDIA GeForce RTX 3070Ti,Windows,15.6,2560 x 1440,14,20,96,288990,100.0,100.0,95,90,97.75,97.25,95.25,96.75,97.5,Gaming,High Budget,Cocok untuk gaming dan kebutuhan grafis tinggi; Cocok untuk programming dan multitasking; Cocok untuk AI ringan dan image processing; Memiliki storage yang mendukung workflow lebih cepat,benchmark,benchmark
HP Envy x360 13-AY1065AU Laptop,HP,AMD Ryzen 5-5600U,8,512,0,AMD Radeon,Windows,13.3,1920 x 1080,6,12,65,75190,64.95,7.39,55,75,39.06,49.58,60.22,50.08,47.2,Daily Use,Mid Budget,"Cocok untuk penggunaan harian seperti browsing, mengetik, meeting online, dan tugas ringan; Memiliki storage yang mendukung workflow lebih cepat",benchmark,benchmark
Dell Latitude 14 7420 Laptop,Dell,11th Gen Core i5,16,512,0,Intel Iris Xe Graphics,Windows,14.0,1920 x 1080,4,8,57,98280,71.0,28.12,80,75,53.65,63.13,70.36,63.33,60.54,Daily Use,High Budget,"Cocok untuk penggunaan harian seperti browsing, mengetik, meeting online, dan tugas ringan; Memiliki storage yang mendukung workflow lebih cepat",fallback,benchmark
Acer Aspire 5 A515-57 Laptop,Acer,12th Gen Core i5,8,512,0,Intel Iris Xe Graphic,Windows,15.6,1920 x 1080,10,12,63,57990,99.91,28.12,55,75,57.13,67.0,72.78,65.75,65.65,Daily Use,Mid Budget,"Cocok untuk penggunaan harian seperti browsing, mengetik, meeting online, dan tugas ringan; Memiliki storage yang mendukung workflow lebih cepat",benchmark,benchmark
Lenovo IdeaPad Slim 3 82H802XXIN Laptop,Lenovo,11th Gen Core i5,16,512,0,Intel UHD Graphics,Windows,15.6,1920 x 1080,4,8,63,59290,71.0,16.42,80,75,48.39,60.2,69.19,60.4,57.03,Daily Use,Mid Budget,"Cocok untuk penggunaan harian seperti browsing, mengetik, meeting online, dan tugas ringan; Memiliki storage yang mendukung workflow lebih cepat",fallback,benchmark
Gigabyte G5 KE RC55KE Laptop,Gigabyte,12th Gen Core i5,16,512,0,6 GB NVIDIA GeForce RTX 3060,Windows,15.6,1920 x 1080,12,16,74,103890,99.91,100.0,80,75,93.23,91.22,86.22,89.97,92.22,Gaming,High Budget,Cocok untuk gaming dan kebutuhan grafis tinggi; Cocok untuk programming dan multitasking; Cocok untuk AI ringan dan image processing; Memiliki storage yang mendukung workflow lebih cepat,benchmark,benchmark
Gigabyte G5 ME RC55ME Laptop,Gigabyte,12th Gen Core i5,16,512,0,4 GB NVIDIA GeForce RTX 3050 TI,Windows,15.6,1920 x 1080,12,16,68,85990,99.91,100.0,80,75,93.23,91.22,86.22,89.97,92.22,Gaming,Mid Budget,Cocok untuk gaming dan kebutuhan grafis tinggi; Cocok untuk programming dan multitasking; Cocok untuk AI ringan dan image processing; Memiliki storage yang mendukung workflow lebih cepat,benchmark,benchmark
Gigabyte G5 GE RC55GE Laptop,Gigabyte,12th Gen Core i5,8,512,0,4 GB NVIDIA GeForce RTX 3050,Windows,15.6,1920 x 1080,12,16,66,109990,99.91,100.0,55,75,89.48,84.97,79.97,83.72,87.22,Gaming,High Budget,Cocok untuk gaming dan kebutuhan grafis tinggi; Cocok untuk AI ringan dan image processing; Memiliki storage yang mendukung workflow lebih cepat,benchmark,benchmark
Dell Inspiron 7420 D560918WIN9S Laptop,Dell,12th Gen Core i5,8,512,0,Intel Integrated UHD,Windows,14.0,1920 x 1080,10,12,67,74990,99.91,16.42,55,75,51.87,64.07,71.61,62.83,62.14,Daily Use,Mid Budget,"Cocok untuk penggunaan harian seperti browsing, mengetik, meeting online, dan tugas ringan; Memiliki storage yang mendukung workflow lebih cepat",benchmark,benchmark
Lenovo ThinkPad X13 21BNS03K00 Laptop,Lenovo,12th Gen Core i7,16,512,0,Intel Iris Xe Graphics,Windows,13.3,1920 x 1200,12,16,71,200000,100.0,28.12,80,75,60.9,73.28,79.06,72.03,70.69,Daily Use,High Budget,"Cocok untuk penggunaan harian seperti browsing, mengetik, meeting online, dan tugas ringan; Cocok untuk programming dan multitasking; Memiliki storage yang mendukung workflow lebih cepat",benchmark,benchmark
Acer Nitro 5 AN515-45 UN.QCLSI.005 Gaming Laptop,Acer,AMD Ryzen 5 5600H,16,512,1000,4 GB NVIDIA GeForce RTX 3050,Windows,15.6,1920 x 1080,6,12,72,75990,73.2,100.0,80,80,87.3,82.62,79.96,82.96,83.62,Gaming,Mid Budget,Cocok untuk gaming dan kebutuhan grafis tinggi; Memiliki storage yang mendukung workflow lebih cepat,benchmark,benchmark
Acer Nitro 5 AN515-45 UN.QCLSI.006 Gaming Laptop,Acer,AMD Ryzen 5 5600H,8,512,1000,4 GB NVIDIA GeForce RTX 3050,Windows,15.6,1920 x 1080,6,12,69,68990,73.2,100.0,55,80,83.55,76.37,73.71,76.71,78.62,Gaming,Mid Budget,Cocok untuk gaming dan kebutuhan grafis tinggi; Memiliki storage yang mendukung workflow lebih cepat,benchmark,benchmark
Acer Nitro 5 AN515-45 UN.QBMSI.009 Gaming Laptop,Acer,AMD Ryzen 5 5600H,16,512,0,4 GB NVIDIA GeForce GTX 1650,Windows,15.6,1920 x 1080,6,12,71,63990,73.2,77.12,80,75,76.25,76.15,75.92,76.24,76.01,Gaming,Mid Budget,Cocok untuk gaming dan kebutuhan grafis tinggi; Memiliki storage yang mendukung workflow lebih cepat,benchmark,benchmark
HP Envy x360 13-bf0085TU Laptop,HP,12th Gen Core i5,8,512,0,Intel Iris Xe Graphics,Windows,13.3,1920 x 1200,10,12,63,79990,99.91,28.12,55,75,57.13,67.0,72.78,65.75,65.65,Daily Use,Mid Budget,"Cocok untuk penggunaan harian seperti browsing, mengetik, meeting online, dan tugas ringan; Memiliki storage yang mendukung workflow lebih cepat",benchmark,benchmark
HP 240 G8 Business Laptop,HP,11th Gen Core i3,8,512,0,Intel Integrated,Windows,14.0,1366 x 768,2,4,49,34440,54.52,1.06,55,75,33.61,44.35,56.46,45.37,41.65,Daily Use,Low Budget,"Cocok untuk penggunaan harian seperti browsing, mengetik, meeting online, dan tugas ringan; Memiliki storage yang mendukung workflow lebih cepat",benchmark,benchmark
Lenovo Ideapad Slim 3 81WD014XIN Laptop,Lenovo,10th Gen Core i3,4,256,0,Intel Integrated UHD,Windows,15.6,1920 x 1080,2,4,54,31990,54.52,16.42,30,60,34.52,39.69,46.5,39.96,39.01,Daily Use,Low Budget,"Cocok untuk penggunaan harian seperti browsing, mengetik, meeting online, dan tugas ringan",benchmark,benchmark
Lenovo ThinkPad T14 20W0S1HU00 Laptop,Lenovo,11th Gen Core i7,16,512,0,2 GB NVIDIA MX450,Windows,14.0,1920 x 1080,4,8,69,140200,86.0,45.0,80,75,65.0,72.6,76.55,72.05,70.85,All-Rounder,High Budget,"Cocok untuk penggunaan serbaguna seperti kerja, kuliah, editing ringan, dan multitasking; Cocok untuk programming dan multitasking; Memiliki storage yang mendukung workflow lebih cepat",fallback,fallback
HP Pavilion 14-ek0084TU Laptop,HP,12th Gen Core i5,8,512,0,Intel Integrated Iris Xe,Windows,14.0,1920 x 1080,10,12,60,71020,99.91,28.12,55,75,57.13,67.0,72.78,65.75,65.65,Daily Use,Mid Budget,"Cocok untuk penggunaan harian seperti browsing, mengetik, meeting online, dan tugas ringan; Memiliki storage yang mendukung workflow lebih cepat",benchmark,benchmark
Asus Eeebook 14 E410KA-BV092W Laptop,Asus,Celeron N4500,4,256,0,Intel UHD Graphics,Windows,14.0,1920 x 1080,2,2,44,24500,8.71,16.42,30,60,23.07,23.65,32.76,26.22,22.97,Daily Use,Low Budget,"Cocok untuk penggunaan harian seperti browsing, mengetik, meeting online, dan tugas ringan",benchmark,benchmark
HP 240 G8 689T7PA Business Laptop,HP,intel Core i3,8,512,0,Intel Integrated,Windows,14.0,1366 x 768,0,0,50,34440,63.75,1.06,55,75,35.91,47.58,59.23,48.14,44.88,Daily Use,Low Budget,"Cocok untuk penggunaan harian seperti browsing, mengetik, meeting online, dan tugas ringan; Memiliki storage yang mendukung workflow lebih cepat",benchmark,benchmark
Lenovo ThinkPad E14 G3 20Y700B5IG Laptop,Lenovo,Ryzen 7 5700U,16,512,0,AMD Raedon Graphics,Windows,14.0,1920 x 1080,8,16,68,74990,68.59,35.0,80,75,56.15,64.01,70.33,64.33,61.76,Daily Use,Mid Budget,"Cocok untuk penggunaan harian seperti browsing, mengetik, meeting online, dan tugas ringan; Memiliki storage yang mendukung workflow lebih cepat",benchmark,fallback
Lenovo V14 82KAA057IH Laptop,Lenovo,11th Gen Core i3,8,256,0,Intel Integrated UHD,Windows,14.0,1920 x 1080,2,4,53,32499,54.52,16.42,55,60,38.27,45.94,52.75,46.21,44.01,Daily Use,Low Budget,"Cocok untuk penggunaan harian seperti browsing, mengetik, meeting online, dan tugas ringan",benchmark,benchmark
Lenovo IdeaPad Slim 3 82H802XVIN Laptop,Lenovo,11th Gen Core i3,8,256,0,Intel UHD Graphics,Windows,15.6,1920 x 1080,2,4,48,37100,54.52,16.42,55,60,38.27,45.94,52.75,46.21,44.01,Daily Use,Low Budget,"Cocok untuk penggunaan harian seperti browsing, mengetik, meeting online, dan tugas ringan",benchmark,benchmark
Acer Chromebook Enterprise Spin 513 R841LT-S6DJ Laptop,Acer,Snapdragon 7c,4,0,128,Qualcomm Adreno 618,Chrome,13.3,1920 x 1080,8,0,0,47990,13.76,2.16,30,30,13.41,17.36,22.34,18.17,15.96,Daily Use,Low Budget,"Cocok untuk penggunaan harian seperti browsing, mengetik, meeting online, dan tugas ringan",benchmark,benchmark
Lenovo ThinkPad E14 Gen 2 20TAS08F00 Laptop,Lenovo,11th Gen Core i5,8,512,0,Intel UHD,Windows,14.1,1920 x 1080,4,8,61,76890,71.0,26.45,55,75,49.15,56.46,63.94,56.66,55.04,Daily Use,Mid Budget,"Cocok untuk penggunaan harian seperti browsing, mengetik, meeting online, dan tugas ringan; Memiliki storage yang mendukung workflow lebih cepat",fallback,benchmark
Dell Inspiron 3520 D560878WIN9S Laptop,Dell,12th Gen Core i5,8,512,0,Intel Integrated Integrated,Windows,15.6,1920 x 1080,10,12,57,64490,99.91,1.06,55,75,44.95,60.23,70.08,58.99,57.54,Daily Use,Mid Budget,"Cocok untuk penggunaan harian seperti browsing, mengetik, meeting online, dan tugas ringan; Memiliki storage yang mendukung workflow lebih cepat",benchmark,benchmark
Asus Vivobook 14 OLED UX3402ZA-KN731WS Laptop,Asus,12th Gen Core i7,16,512,0,Intel Iris Xe,Windows,14.0,2880 x 1800,12,16,69,108990,100.0,28.12,80,75,60.9,73.28,79.06,72.03,70.69,Daily Use,High Budget,"Cocok untuk penggunaan harian seperti browsing, mengetik, meeting online, dan tugas ringan; Cocok untuk programming dan multitasking; Memiliki storage yang mendukung workflow lebih cepat",benchmark,benchmark
Lenovo Ideapad Slim 3 81WB01FYIN Laptop,Lenovo,10th Gen Core i3,8,256,0,Intel Integrated,Windows,15.6,1920 x 1080,2,4,50,33990,54.52,1.06,55,60,31.36,42.1,51.21,42.37,39.4,Daily Use,Low Budget,"Cocok untuk penggunaan harian seperti browsing, mengetik, meeting online, dan tugas ringan",benchmark,benchmark
Dell Inspiron 3525 D560863WIN9B Laptop,Dell,AMD Ryzen 5 5625U,8,512,0,AMD Radeon Radeon,Windows,15.6,1920 x 1080,6,12,62,51490,64.35,7.39,55,75,38.91,49.37,60.04,49.9,46.99,Daily Use,Low Budget,"Cocok untuk penggunaan harian seperti browsing, mengetik, meeting online, dan tugas ringan; Memiliki storage yang mendukung workflow lebih cepat",benchmark,benchmark
Lenovo Thinkpad E14 Gen 2 20TAS0Y800 Laptop,Lenovo,11th Gen Core i5,8,512,0,Intel UHD,DOS,14.1,1920 x 1080,4,8,50,72990,71.0,26.45,55,75,49.15,56.46,63.94,56.66,55.04,Daily Use,Mid Budget,"Cocok untuk penggunaan harian seperti browsing, mengetik, meeting online, dan tugas ringan; Memiliki storage yang mendukung workflow lebih cepat",fallback,benchmark
Asus TUF Gaming F15 FX506LHB-HN358W Gaming Laptop,Asus,10th Gen Core i5,8,512,0,4 GB NVIDIA GeForce GTX 1650,Windows,15.6,1920 x 1080,4,8,63,54990,99.91,77.12,55,75,79.18,79.25,77.68,78.0,80.35,Gaming,Low Budget,Cocok untuk gaming dan kebutuhan grafis tinggi; Cocok untuk AI ringan dan image processing; Memiliki storage yang mendukung workflow lebih cepat,benchmark,benchmark
MSI Stealth 17M A12UE Gaming Laptop,MSI,12th Gen Core i7,16,1000,0,6 GB NVIDIA GeForce RTX 3060,Windows,17.3,1920 x 1080,14,20,73,149990,100.0,100.0,80,90,95.5,93.5,91.5,93.0,94.5,Gaming,High Budget,Cocok untuk gaming dan kebutuhan grafis tinggi; Cocok untuk programming dan multitasking; Cocok untuk AI ringan dan image processing; Memiliki storage yang mendukung workflow lebih cepat,benchmark,benchmark
MSI Modern 15 A5M-055IN Laptop,MSI,Ryzen 5 5500U,8,512,0,AMD Radeon Graphics,Windows,15.6,1920 x 1080,6,12,57,57990,56.3,73.06,55,75,66.45,62.97,64.2,63.9,63.87,Gaming,Mid Budget,Cocok untuk gaming dan kebutuhan grafis tinggi; Memiliki storage yang mendukung workflow lebih cepat,benchmark,benchmark
Lenovo Thinkpad E14 Gen 2 20TAS0E800 Laptop,Lenovo,11th Gen Core i5,16,512,0,Intel Iris Xe Graphics,Windows,14.0,1080 x 1920,4,8,67,77500,71.0,28.12,80,75,53.65,63.13,70.36,63.33,60.54,Daily Use,Mid Budget,"Cocok untuk penggunaan harian seperti browsing, mengetik, meeting online, dan tugas ringan; Memiliki storage yang mendukung workflow lebih cepat",fallback,benchmark
Dell Vostro 3420 D552278WIN9S Laptop,Dell,11th Gen Core i3,8,512,0,Intel Integrated,Windows,14.0,1920 x 1080,2,4,57,47000,54.52,1.06,55,75,33.61,44.35,56.46,45.37,41.65,Daily Use,Low Budget,"Cocok untuk penggunaan harian seperti browsing, mengetik, meeting online, dan tugas ringan; Memiliki storage yang mendukung workflow lebih cepat",benchmark,benchmark
Lenovo ‎ThinkPad E14 Gen 4 Laptop,Lenovo,12th Gen Core i5,8,512,0,Intel Iris Xe,Windows,14.0,1920 x 1080,10,12,57,74500,99.91,28.12,55,75,57.13,67.0,72.78,65.75,65.65,Daily Use,Mid Budget,"Cocok untuk penggunaan harian seperti browsing, mengetik, meeting online, dan tugas ringan; Memiliki storage yang mendukung workflow lebih cepat",benchmark,benchmark
Dell Alienware X17 R1 D569936WIN9 Gaming Laptop,Dell,11th Gen Core i9,32,1000,0,16 GB NVIDIA GEFORCE RTX 3080,Windows,17.3,1920 x 1080,8,16,79,312199,100.0,100.0,95,90,97.75,97.25,95.25,96.75,97.5,Gaming,High Budget,Cocok untuk gaming dan kebutuhan grafis tinggi; Cocok untuk programming dan multitasking; Cocok untuk AI ringan dan image processing; Memiliki storage yang mendukung workflow lebih cepat,fallback,benchmark
Lenovo V15 82KBA02UIH Laptop,Lenovo,11th Gen Core i3,8,256,0,Intel Integrated UHD,Windows,15.6,1920 x 1080,2,4,53,36990,54.52,16.42,55,60,38.27,45.94,52.75,46.21,44.01,Daily Use,Low Budget,"Cocok untuk penggunaan harian seperti browsing, mengetik, meeting online, dan tugas ringan",benchmark,benchmark
Lenovo Thinkpad P15v 21D8S00V00 Laptop,Lenovo,12th Gen Core i7,32,1000,0,4 GB Nvidia Quadro T1200,Windows,15.6,1920 x 1080,14,20,76,190400,100.0,10.22,95,90,57.35,74.81,86.27,74.31,70.57,Daily Use,High Budget,"Cocok untuk penggunaan harian seperti browsing, mengetik, meeting online, dan tugas ringan; Cocok untuk programming dan multitasking; Memiliki storage yang mendukung workflow lebih cepat",benchmark,benchmark
Microsoft Surface Laptop 5 ‎RBG-00048 13.5 inch,Microsoft,12th Gen Core i7,8,256,0,Intel Iris Xe,Windows,13.5,2256 x 1504,10,12,57,178999,100.0,28.12,55,60,54.9,64.78,67.56,62.78,63.44,Daily Use,High Budget,"Cocok untuk penggunaan harian seperti browsing, mengetik, meeting online, dan tugas ringan",benchmark,benchmark
Microsoft Surface Pro 9 ‎QIL-00031 Laptop,Microsoft,12th Gen Core i7,16,256,0,Intel Iris Xe Graphics,Windows,13.0,2880 x 1920,10,12,56,167999,100.0,28.12,80,60,58.65,71.03,73.81,69.03,68.44,Daily Use,High Budget,"Cocok untuk penggunaan harian seperti browsing, mengetik, meeting online, dan tugas ringan; Cocok untuk programming dan multitasking",benchmark,benchmark
Microsoft Surface Pro 9 ‎‎QIX-00031 Laptop,Microsoft,12th Gen Core i7,16,512,0,Intel Iris Xe Graphics,Windows,13.0,2880 x 1920,10,12,54,192990,100.0,28.12,80,75,60.9,73.28,79.06,72.03,70.69,Daily Use,High Budget,"Cocok untuk penggunaan harian seperti browsing, mengetik, meeting online, dan tugas ringan; Cocok untuk programming dan multitasking; Memiliki storage yang mendukung workflow lebih cepat",benchmark,benchmark
Microsoft Surface Laptop 5 ‎RIP-00048 15 inch,Microsoft,12th Gen Core i7,16,512,0,Intel Iris Xe,Windows,15.0,2496 x 1664,10,12,63,182990,100.0,28.12,80,75,60.9,73.28,79.06,72.03,70.69,Daily Use,High Budget,"Cocok untuk penggunaan harian seperti browsing, mengetik, meeting online, dan tugas ringan; Cocok untuk programming dan multitasking; Memiliki storage yang mendukung workflow lebih cepat",benchmark,benchmark
Dell Inspiron 14 5415 Laptop,Dell,Ryzen 5 5500U,8,512,0,AMD Radeon AMD,Windows,14.0,1920 x 1080,6,12,61,55999,56.3,7.39,55,75,36.9,46.55,57.63,47.49,44.17,Daily Use,Mid Budget,"Cocok untuk penggunaan harian seperti browsing, mengetik, meeting online, dan tugas ringan; Memiliki storage yang mendukung workflow lebih cepat",benchmark,benchmark
Lenovo Legion 5 Pro 82RF00E1IN Gaming Laptop,Lenovo,12th Gen Core i7,32,1000,0,8 GB NVIDIA GeForce RTX 3070Ti,Windows,16.0,2560 x 1600,14,20,91,218000,100.0,100.0,95,90,97.75,97.25,95.25,96.75,97.5,Gaming,High Budget,Cocok untuk gaming dan kebutuhan grafis tinggi; Cocok untuk programming dan multitasking; Cocok untuk AI ringan dan image processing; Memiliki storage yang mendukung workflow lebih cepat,benchmark,benchmark
Lenovo Ideapad Slim 3 81WE01QSIN Laptop,Lenovo,10th Gen Core i3,4,256,0,Intel Integrated UHD,Windows,15.6,1920 x 1080,2,4,50,29990,54.52,16.42,30,60,34.52,39.69,46.5,39.96,39.01,Daily Use,Low Budget,"Cocok untuk penggunaan harian seperti browsing, mengetik, meeting online, dan tugas ringan",benchmark,benchmark
Acer Aspire 3 A315-58 Laptop,Acer,11th Gen Core i5,12,512,0,Intel Iris Xe,Windows,15.6,1920 x 1080,4,8,60,49312,71.0,28.12,65,75,51.4,59.38,66.61,59.58,57.54,Daily Use,Low Budget,"Cocok untuk penggunaan harian seperti browsing, mengetik, meeting online, dan tugas ringan; Memiliki storage yang mendukung workflow lebih cepat",fallback,benchmark
Asus E410 Eeebook E410KA-BV003W Laptop,Asus,Celeron N4500,4,256,0,Intel UHD Graphics,Windows,14.0,1920 x 1080,2,2,45,24415,8.71,16.42,30,60,23.07,23.65,32.76,26.22,22.97,Daily Use,Low Budget,"Cocok untuk penggunaan harian seperti browsing, mengetik, meeting online, dan tugas ringan",benchmark,benchmark
Asus Vivobook 15 2022 X1502ZA-EJ515WS Laptop,Asus,12th Gen Core i5,8,512,0,Intel Iris Xe,Windows,15.6,1920 x 1080,10,12,62,56990,99.91,28.12,55,75,57.13,67.0,72.78,65.75,65.65,Daily Use,Mid Budget,"Cocok untuk penggunaan harian seperti browsing, mengetik, meeting online, dan tugas ringan; Memiliki storage yang mendukung workflow lebih cepat",benchmark,benchmark
Lenovo Thinkbook 14 20VD011EIH Laptop,Lenovo,11th Gen Core i7,16,512,0,Intel Iris Xe Graphics,Windows,14.0,1920 x 1080,4,8,61,103600,86.0,28.12,80,75,57.4,68.38,74.86,67.83,65.79,Daily Use,High Budget,"Cocok untuk penggunaan harian seperti browsing, mengetik, meeting online, dan tugas ringan; Cocok untuk programming dan multitasking; Memiliki storage yang mendukung workflow lebih cepat",fallback,benchmark
Acer Swift 3 SF314-43 Laptop,Acer,Ryzen 5 5500U,8,512,0,AMD Radeon 5500U,Windows,14.0,1920 x 1080,6,12,65,61500,56.3,20.5,55,75,42.8,49.83,58.94,50.76,48.1,Daily Use,Mid Budget,"Cocok untuk penggunaan harian seperti browsing, mengetik, meeting online, dan tugas ringan; Memiliki storage yang mendukung workflow lebih cepat",benchmark,benchmark
Lenovo V15 G2-ITL 82KBA034IH Laptop,Lenovo,11th Gen Core i3,8,512,0,Intel Integrated UHD,DOS,15.6,1920 x 1080,2,4,47,34499,54.52,16.42,55,75,40.52,48.19,58.0,49.21,46.26,Daily Use,Low Budget,"Cocok untuk penggunaan harian seperti browsing, mengetik, meeting online, dan tugas ringan; Memiliki storage yang mendukung workflow lebih cepat",benchmark,benchmark
Dell XPS 9315 Laptop,Dell,12th Gen Core i7 ,16,1000,0,Iris Xe,Windows,13.4,1920 x 1080,10,12,53,185800,100.0,28.12,80,90,63.15,75.53,84.31,75.03,72.94,Daily Use,High Budget,"Cocok untuk penggunaan harian seperti browsing, mengetik, meeting online, dan tugas ringan; Cocok untuk programming dan multitasking; Memiliki storage yang mendukung workflow lebih cepat",benchmark,benchmark
Dell Inspiron 5415 Laptop,Dell,Ryzen 7 5700U,16,512,0,AMD Radeon AMD,Windows,14.0,1920 x 1080,8,16,62,89976,68.59,7.39,80,75,43.72,57.1,67.57,57.42,53.47,Daily Use,High Budget,"Cocok untuk penggunaan harian seperti browsing, mengetik, meeting online, dan tugas ringan; Memiliki storage yang mendukung workflow lebih cepat",benchmark,benchmark
HP Victus 16-e0550AX Gaming Laptop,HP,AMD Ryzen 7 5800H,8,512,0,4 GB AMD Radeon RX 5500M Graphics,Windows,16.0,1920 x 1080,8,16,68,68990,91.22,40.09,55,75,60.35,66.95,71.38,66.14,66.2,Daily Use,Mid Budget,"Cocok untuk penggunaan harian seperti browsing, mengetik, meeting online, dan tugas ringan; Memiliki storage yang mendukung workflow lebih cepat",benchmark,benchmark
Asus VivoBook 14 X415MA-BV102WS Laptop,Asus,Pentium Silver N5030,8,256,0,Intel Integrated UHD,Windows,14.1,1366 x 768,4,0,49,27990,12.04,16.42,55,60,27.65,31.07,40.0,33.47,29.14,Daily Use,Low Budget,"Cocok untuk penggunaan harian seperti browsing, mengetik, meeting online, dan tugas ringan",benchmark,benchmark
Asus VivoBook 15 2022 X515JA-EJ592WS Laptop,Asus,10th Gen Core i5,8,512,0,Intel Integrated UHD,Windows,15.6,1920 x 1080,4,8,59,44990,99.91,16.42,55,75,51.87,64.07,71.61,62.83,62.14,Daily Use,Low Budget,"Cocok untuk penggunaan harian seperti browsing, mengetik, meeting online, dan tugas ringan; Memiliki storage yang mendukung workflow lebih cepat",benchmark,benchmark
Dell Inspiron 3520 Laptop,Dell,12th Gen Core i5,8,512,0,2 GB NVIDIA MX550,Windows,15.6,1920 x 1080,10,12,61,66111,99.91,45.0,55,75,64.73,71.22,74.47,69.97,70.72,Daily Use,Mid Budget,"Cocok untuk penggunaan harian seperti browsing, mengetik, meeting online, dan tugas ringan; Memiliki storage yang mendukung workflow lebih cepat",benchmark,fallback
Dell G15-5520 D560895WIN9S Laptop,Dell,12th Gen Core i7,16,512,0,6 GB NVIDIA GeForce RTX 3060,Windows,15.6,1920 x 1080,10,16,80,124400,100.0,100.0,80,75,93.25,91.25,86.25,90.0,92.25,Gaming,High Budget,Cocok untuk gaming dan kebutuhan grafis tinggi; Cocok untuk programming dan multitasking; Cocok untuk AI ringan dan image processing; Memiliki storage yang mendukung workflow lebih cepat,benchmark,benchmark
Acer One 14 Z2-493 UN.431SI.129 Laptop,Acer,AMD Ryzen 3 3250U,8,0,1000,AMD Radeon Radeon Graphics,Windows,14.0,1366 x 768,2,4,51,39999,17.49,73.06,55,50,53.0,45.64,43.8,47.26,46.54,Gaming,Low Budget,Cocok untuk gaming dan kebutuhan grafis tinggi,benchmark,benchmark
HP 15s-fq2670TU Laptop,HP,11th Gen Core i3,8,256,0,Intel Integrated,Windows,15.6,1920 x 1080,2,4,54,37490,54.52,1.06,55,60,31.36,42.1,51.21,42.37,39.4,Daily Use,Low Budget,"Cocok untuk penggunaan harian seperti browsing, mengetik, meeting online, dan tugas ringan",benchmark,benchmark
Asus VivoBook 15 X515JA-EJ392WS Laptop,Asus,10th Gen Core i3,8,512,0,Intel Integrated UHD,Windows,15.6,1920 x 1080,2,4,56,34490,54.52,16.42,55,75,40.52,48.19,58.0,49.21,46.26,Daily Use,Low Budget,"Cocok untuk penggunaan harian seperti browsing, mengetik, meeting online, dan tugas ringan; Memiliki storage yang mendukung workflow lebih cepat",benchmark,benchmark
Lenovo IdeaPad Slim 3 82RK007JIN Laptop,Lenovo,12th Gen Core i3,8,512,0,‎Intel UHD Graphics,Windows,15.6,1920 x 1080,6,8,57,45500,54.52,16.42,55,75,40.52,48.19,58.0,49.21,46.26,Daily Use,Low Budget,"Cocok untuk penggunaan harian seperti browsing, mengetik, meeting online, dan tugas ringan; Memiliki storage yang mendukung workflow lebih cepat",benchmark,benchmark
Acer Chromebook 311 C733 Laptop,Acer,Intel Celeron N4020,4,0,32,Intel HD,Chrome,11.6,1366 x 768,2,2,0,18490,7.3,13.67,30,30,16.98,17.97,21.56,19.11,17.16,Daily Use,Low Budget,"Cocok untuk penggunaan harian seperti browsing, mengetik, meeting online, dan tugas ringan",benchmark,benchmark
Dell Latitude 7420 Laptop,Dell,11th Gen Core i7,16,512,0,Intel Iris Xe Graphics,Windows,14.0,1920 x 1080,4,8,57,112500,86.0,28.12,80,75,57.4,68.38,74.86,67.83,65.79,Daily Use,High Budget,"Cocok untuk penggunaan harian seperti browsing, mengetik, meeting online, dan tugas ringan; Cocok untuk programming dan multitasking; Memiliki storage yang mendukung workflow lebih cepat",fallback,benchmark
HP ProBook 445 G7 Laptop,HP,AMD Ryzen 5 4500U,8,512,0,AMD Radeon,Windows,14.0,1920 x 1080,6,6,68,49999,51.49,7.39,55,75,35.7,44.87,56.19,46.04,42.49,Daily Use,Low Budget,"Cocok untuk penggunaan harian seperti browsing, mengetik, meeting online, dan tugas ringan; Memiliki storage yang mendukung workflow lebih cepat",benchmark,benchmark
Lenovo V15 82C3002VGE Laptop,Lenovo,Celeron N4020,4,256,0,Intel Integrated UHD,Windows,15.6,1920 x 1080,2,2,51,23999,7.3,16.42,30,60,22.71,23.16,32.33,25.8,22.48,Daily Use,Low Budget,"Cocok untuk penggunaan harian seperti browsing, mengetik, meeting online, dan tugas ringan",benchmark,benchmark
Dell Vostro 3425 D552267WIN9S Laptop,Dell,AMD Ryzen 5 5625U,16,512,0,AMD Radeon Graphics,Windows,14.0,1920 x 1080,6,12,63,60990,64.35,73.06,80,75,72.21,72.04,72.86,72.57,71.69,Gaming,Mid Budget,Cocok untuk gaming dan kebutuhan grafis tinggi; Memiliki storage yang mendukung workflow lebih cepat,benchmark,benchmark
Dell G15-5525 Gaming Laptop,Dell,Ryzen 9-6900HX,16,1000,0,6 GB NVIDIA GeForce RTX 3060,Windows,15.6,1920 x 1080,8,16,76,147100,100.0,100.0,80,90,95.5,93.5,91.5,93.0,94.5,Gaming,High Budget,Cocok untuk gaming dan kebutuhan grafis tinggi; Cocok untuk programming dan multitasking; Cocok untuk AI ringan dan image processing; Memiliki storage yang mendukung workflow lebih cepat,benchmark,benchmark
Dell G15-5525 D560894WIN9S Gaming Laptop,Dell,Ryzen 7 6800H,16,512,0,6 GB NVIDIA GeForce RTX 3060,Windows,15.6,1920 x 1080,8,16,78,128200,99.56,100.0,80,75,93.14,91.1,86.12,89.87,92.1,Gaming,High Budget,Cocok untuk gaming dan kebutuhan grafis tinggi; Cocok untuk programming dan multitasking; Cocok untuk AI ringan dan image processing; Memiliki storage yang mendukung workflow lebih cepat,benchmark,benchmark
Dell G15-5525 D560898WIN9S Gaming Laptop,Dell,Ryzen 7 6800H,16,1000,0,6 GB NVIDIA GeForce RTX 3070 Ti,Windows,15.6,1920 x 1080,8,16,76,159200,99.56,100.0,80,90,95.39,93.35,91.37,92.87,94.35,Gaming,High Budget,Cocok untuk gaming dan kebutuhan grafis tinggi; Cocok untuk programming dan multitasking; Cocok untuk AI ringan dan image processing; Memiliki storage yang mendukung workflow lebih cepat,benchmark,benchmark
Dell G15-5521 D560899WIN9S Gaming Laptop,Dell,12th Gen Core i9,16,1000,0,8 GB NVIDIA GEFORCE RTX 3070 Ti,Windows,15.6,2560 x 1440,14,20,72,181799,100.0,100.0,80,90,95.5,93.5,91.5,93.0,94.5,Gaming,High Budget,Cocok untuk gaming dan kebutuhan grafis tinggi; Cocok untuk programming dan multitasking; Cocok untuk AI ringan dan image processing; Memiliki storage yang mendukung workflow lebih cepat,benchmark,benchmark
Dell Inspiron 7620 Laptop,Dell,12th Gen Core i7,16,512,0,2 GB NVIDIA GeForce MX550,Windows,14.5,2560 x 1440,12,16,62,126990,100.0,50.62,80,75,71.03,78.9,81.31,77.66,77.44,Editing,High Budget,"Cocok untuk editing video, desain grafis, dan rendering ringan; Cocok untuk programming dan multitasking; Memiliki storage yang mendukung workflow lebih cepat",benchmark,benchmark
Acer Aspire 5 A515-57 Gaming Laptop,Acer,12th Gen Core i3,8,512,0,Intel Integrated,Windows,15.6,1920 x 1080,6,8,54,47990,54.52,1.06,55,75,33.61,44.35,56.46,45.37,41.65,Daily Use,Low Budget,"Cocok untuk penggunaan harian seperti browsing, mengetik, meeting online, dan tugas ringan; Memiliki storage yang mendukung workflow lebih cepat",benchmark,benchmark
Acer Aspire 3 A315-58 NX.ADDSI.011 Laptop,Acer,11th Gen Core i3,8,512,0,Intel Integrated UHD Graphics,Windows,15.6,1920 x 1080,2,4,51,37990,54.52,16.42,55,75,40.52,48.19,58.0,49.21,46.26,Daily Use,Low Budget,"Cocok untuk penggunaan harian seperti browsing, mengetik, meeting online, dan tugas ringan; Memiliki storage yang mendukung workflow lebih cepat",benchmark,benchmark
Lenovo IdeaPad Slim 5 82SE005SIN Laptop,Lenovo,AMD Ryzen 5 5625U,16,512,0,AMD Radeon Graphics,Windows,15.6,1920 x 1080,6,12,65,59990,64.35,73.06,80,75,72.21,72.04,72.86,72.57,71.69,Gaming,Mid Budget,Cocok untuk gaming dan kebutuhan grafis tinggi; Memiliki storage yang mendukung workflow lebih cepat,benchmark,benchmark
Asus TUF Gaming A15 FA506IHRZ-HN112W Laptop,Asus,AMD Ryzen 5 4600H,8,1000,0,4 GB NVIDIA GeForce GTX 1650,Windows,15.6,1920 x 1080,6,12,68,65990,62.82,77.12,55,90,72.16,68.52,71.81,69.88,69.62,Gaming,Mid Budget,Cocok untuk gaming dan kebutuhan grafis tinggi; Memiliki storage yang mendukung workflow lebih cepat,benchmark,benchmark
Asus Vivobook 14 OLED X1405ZA-KM511WS Laptop,Asus,12th Gen Core i5,16,512,0,Intel Iris Xe,Windows,14.0,2880 x 1800,10,12,61,69990,99.91,28.12,80,75,60.88,73.25,79.04,72.0,70.65,Daily Use,Mid Budget,"Cocok untuk penggunaan harian seperti browsing, mengetik, meeting online, dan tugas ringan; Cocok untuk programming dan multitasking; Memiliki storage yang mendukung workflow lebih cepat",benchmark,benchmark
Lenovo ThinkPad X1 Carbon 21CB002JIG Laptop,Lenovo,12th Gen Core i7,16,1000,0,Intel Iris Xe Graphics,Windows,14.0,1920 x 1200,10,12,59,211990,100.0,28.12,80,90,63.15,75.53,84.31,75.03,72.94,Daily Use,High Budget,"Cocok untuk penggunaan harian seperti browsing, mengetik, meeting online, dan tugas ringan; Cocok untuk programming dan multitasking; Memiliki storage yang mendukung workflow lebih cepat",benchmark,benchmark
Asus Vivobook 14 OLED X1405ZA-KM311WS Laptop,Asus,12th Gen Core i3,8,512,0,Intel Iris Xe,Windows,14.0,2880 x 1800,6,8,56,51990,54.52,28.12,55,75,45.78,51.11,59.17,52.14,49.77,Daily Use,Low Budget,"Cocok untuk penggunaan harian seperti browsing, mengetik, meeting online, dan tugas ringan; Memiliki storage yang mendukung workflow lebih cepat",benchmark,benchmark
Dell Alienware M15 R6 Gaming Laptop,Dell,11th Gen Core i7,16,512,0,6 GB NVIDIA Geforce RTX 3060,Windows,15.6,1920 x 1080,8,16,79,200000,86.0,100.0,80,75,89.75,86.35,82.05,85.8,87.35,Gaming,High Budget,Cocok untuk gaming dan kebutuhan grafis tinggi; Cocok untuk programming dan multitasking; Cocok untuk AI ringan dan image processing; Memiliki storage yang mendukung workflow lebih cepat,fallback,benchmark
Lenovo IdeaPad Gaming 3 82K101E1IN Laptop,Lenovo,11th Gen Core i5,8,256,1000,4 GB NVIDIA GeForce GTX 1650,Windows,15.6,1920 x 1080,4,8,62,54950,71.0,77.12,55,65,70.45,67.63,65.51,67.33,68.74,Gaming,Low Budget,Cocok untuk gaming dan kebutuhan grafis tinggi,fallback,benchmark
Asus Vivobook 15 OLED X1505ZA-L1311WS Laptop,Asus,12th Gen Core i3,8,512,0,Intel Integrated UHD,Windows,15.6,1920 x 1080,6,8,56,50500,54.52,16.42,55,75,40.52,48.19,58.0,49.21,46.26,Daily Use,Low Budget,"Cocok untuk penggunaan harian seperti browsing, mengetik, meeting online, dan tugas ringan; Memiliki storage yang mendukung workflow lebih cepat",benchmark,benchmark
Asus ROG Strix G17 2022 G713RS-LL023WS Gaming Laptop,Asus,AMD Ryzen 9 6900HX,16,1000,0,8 GB NVIDIA GeForce RTX 3070 Ti,Windows,17.3,2560 x 1440,8,16,78,210990,100.0,100.0,80,90,95.5,93.5,91.5,93.0,94.5,Gaming,High Budget,Cocok untuk gaming dan kebutuhan grafis tinggi; Cocok untuk programming dan multitasking; Cocok untuk AI ringan dan image processing; Memiliki storage yang mendukung workflow lebih cepat,benchmark,benchmark
Lenovo V15 82C500XHIH Laptop,Lenovo,10th Gen Core i5,8,512,0,Intel UHD Graphics,Windows,15.6,1920 x 1080,4,8,53,47115,99.91,16.42,55,75,51.87,64.07,71.61,62.83,62.14,Daily Use,Low Budget,"Cocok untuk penggunaan harian seperti browsing, mengetik, meeting online, dan tugas ringan; Memiliki storage yang mendukung workflow lebih cepat",benchmark,benchmark
Lenovo IdeaPad 3 15IAU7 82RK0090IN Laptop,Lenovo,12th Gen Core i5,16,512,0,Intel Iris Xe Graphics,Windows,15.6,2880 x 1800,10,12,60,63590,99.91,28.12,80,75,60.88,73.25,79.04,72.0,70.65,Daily Use,Mid Budget,"Cocok untuk penggunaan harian seperti browsing, mengetik, meeting online, dan tugas ringan; Cocok untuk programming dan multitasking; Memiliki storage yang mendukung workflow lebih cepat",benchmark,benchmark
Lenovo Thinkpad L14 20X1CTO Laptop,Lenovo,11th Gen Core i5,16,512,0,Intel Iris Xe Graphics,Windows,14.0,1920 x 1080,4,8,67,79500,71.0,28.12,80,75,53.65,63.13,70.36,63.33,60.54,Daily Use,Mid Budget,"Cocok untuk penggunaan harian seperti browsing, mengetik, meeting online, dan tugas ringan; Memiliki storage yang mendukung workflow lebih cepat",fallback,benchmark
AGB Octev VR-1818 Gaming Laptop,AGB,11th Gen Core i7,32,1000,0,2 GB NVIDIA Geforce MX450,Windows,15.6,1920 x 1080,4,8,66,70000,86.0,37.49,95,90,66.12,76.72,84.8,76.92,73.85,Daily Use,Mid Budget,"Cocok untuk penggunaan harian seperti browsing, mengetik, meeting online, dan tugas ringan; Cocok untuk programming dan multitasking; Memiliki storage yang mendukung workflow lebih cepat",fallback,benchmark
Infinix INBook X2 Plus XL25 Laptop,Infinix,11th Gen Core i3,8,512,0,Intel Integrated UHD,Windows,15.6,1920 x 1080,2,4,47,38990,54.52,16.42,55,75,40.52,48.19,58.0,49.21,46.26,Daily Use,Low Budget,"Cocok untuk penggunaan harian seperti browsing, mengetik, meeting online, dan tugas ringan; Memiliki storage yang mendukung workflow lebih cepat",benchmark,benchmark
Dell XPS 13 Plus Laptop,Dell,12th Gen Core i7,16,1000,0,Intel Iris Xe Graphics,Windows,13.4,3840 x 2400,12,16,74,195190,100.0,28.12,80,90,63.15,75.53,84.31,75.03,72.94,Daily Use,High Budget,"Cocok untuk penggunaan harian seperti browsing, mengetik, meeting online, dan tugas ringan; Cocok untuk programming dan multitasking; Memiliki storage yang mendukung workflow lebih cepat",benchmark,benchmark
Lenovo IdeaPad Slim 3 82RJ005CIN Laptop,Lenovo,12th Gen Core i5,8,512,0,‎Intel Iris Xe Graphics,Windows,14.0,1920 x 1080,10,12,59,59990,99.91,28.12,55,75,57.13,67.0,72.78,65.75,65.65,Daily Use,Mid Budget,"Cocok untuk penggunaan harian seperti browsing, mengetik, meeting online, dan tugas ringan; Memiliki storage yang mendukung workflow lebih cepat",benchmark,benchmark
Asus E410KA-BV002W Laptop,Asus,Celeron N4500,4,256,0,Intel UHD Graphics,Windows,14.0,1920 x 1080,2,2,45,24485,8.71,16.42,30,60,23.07,23.65,32.76,26.22,22.97,Daily Use,Low Budget,"Cocok untuk penggunaan harian seperti browsing, mengetik, meeting online, dan tugas ringan",benchmark,benchmark
MSI Creator Pro Z17 A12UMST-237IN Gaming Laptop,MSI,12th Gen Core i7,32,1000,0,16 GB NVIDIA GeForce RTX A5500,Windows,16.0,2560 x 1600,14,20,94,444990,100.0,100.0,95,90,97.75,97.25,95.25,96.75,97.5,Gaming,High Budget,Cocok untuk gaming dan kebutuhan grafis tinggi; Cocok untuk programming dan multitasking; Cocok untuk AI ringan dan image processing; Memiliki storage yang mendukung workflow lebih cepat,benchmark,benchmark
Lenovo IdeaPad Flex 5 82R90068IN Laptop,Lenovo,AMD Ryzen 7 5700U,16,512,0,AMD Radeon,Windows,14.0,1920 x 1200,8,16,75,78990,68.59,7.39,80,75,43.72,57.1,67.57,57.42,53.47,Daily Use,Mid Budget,"Cocok untuk penggunaan harian seperti browsing, mengetik, meeting online, dan tugas ringan; Memiliki storage yang mendukung workflow lebih cepat",benchmark,benchmark
Dell XPS 9315 Laptop,Dell,12th Gen Core i5 ,16,512,0,Iris Xe,Windows,13.4,1920 x 1080,10,12,50,133500,99.91,28.12,80,75,60.88,73.25,79.04,72.0,70.65,Daily Use,High Budget,"Cocok untuk penggunaan harian seperti browsing, mengetik, meeting online, dan tugas ringan; Cocok untuk programming dan multitasking; Memiliki storage yang mendukung workflow lebih cepat",benchmark,benchmark
Asus Vivobook S15 OLED S3502ZA-L701WS Laptop,Asus,12th Gen Core i7,16,512,0,Intel Iris XE Graphics,Windows,15.6,1920 x 1080,14,20,73,87500,100.0,28.12,80,75,60.9,73.28,79.06,72.03,70.69,Daily Use,High Budget,"Cocok untuk penggunaan harian seperti browsing, mengetik, meeting online, dan tugas ringan; Cocok untuk programming dan multitasking; Memiliki storage yang mendukung workflow lebih cepat",benchmark,benchmark
Acer Aspire 3 UN.HVTSI.012 Laptop,Acer,AMD Ryzen 3 3250U,8,256,0,AMD Radeon AMD,Windows,15.6,1920 x 1080,2,4,54,29990,17.49,7.39,55,60,24.95,30.72,40.74,32.84,28.34,Daily Use,Low Budget,"Cocok untuk penggunaan harian seperti browsing, mengetik, meeting online, dan tugas ringan",benchmark,benchmark
MSI Creator Z16P B12UKST-209IN Gaming Laptop,MSI,12th Gen Core i9,64,2000,0,12 GB NVIDIA GeForce RTX A3000,Windows,17.3,2560 x 1600,14,20,91,395000,100.0,100.0,100,100,100.0,100.0,100.0,100.0,100.0,Gaming,High Budget,Cocok untuk gaming dan kebutuhan grafis tinggi; Cocok untuk programming dan multitasking; Cocok untuk AI ringan dan image processing; Memiliki storage yang mendukung workflow lebih cepat,benchmark,benchmark
Lenovo Yoga 6 82UD0069IN Laptop,Lenovo,Ryzen 5 5500U,16,512,0,AMD Radeon Graphics,Windows,13.3,1920 x 1080,6,12,69,78990,56.3,73.06,80,75,70.2,69.22,70.45,70.16,68.87,Gaming,Mid Budget,Cocok untuk gaming dan kebutuhan grafis tinggi; Memiliki storage yang mendukung workflow lebih cepat,benchmark,benchmark
HP 14s-fq0567AU Laptop,HP,AMD Ryzen 3 3250U,8,256,0,AMD Radeon AMD,Windows,14.0,1920 x 1080,2,4,47,36990,17.49,7.39,55,60,24.95,30.72,40.74,32.84,28.34,Daily Use,Low Budget,"Cocok untuk penggunaan harian seperti browsing, mengetik, meeting online, dan tugas ringan",benchmark,benchmark
MSI Creator Pro M16 A12UJS-601IN Gaming Laptop,MSI,12th Gen Core i7,32,1000,0,8 GB NVIDIA GeForce RTX A2000,Windows,16.0,2560 x 1600,14,20,91,196990,100.0,100.0,95,90,97.75,97.25,95.25,96.75,97.5,Gaming,High Budget,Cocok untuk gaming dan kebutuhan grafis tinggi; Cocok untuk programming dan multitasking; Cocok untuk AI ringan dan image processing; Memiliki storage yang mendukung workflow lebih cepat,benchmark,benchmark
HP Omen 17-ck1023TX Gaming Laptop,HP,12th Gen Core i9,32,2000,0,16 GB NVIDIA GeForce 3080Ti,Windows,16.1,2560 x 1440,16,24,85,299999,100.0,13.04,95,100,60.12,77.01,90.05,77.01,72.91,Daily Use,High Budget,"Cocok untuk penggunaan harian seperti browsing, mengetik, meeting online, dan tugas ringan; Cocok untuk programming dan multitasking; Memiliki storage yang mendukung workflow lebih cepat",benchmark,benchmark
HP Omen 16-n0051AX Gaming Laptop,HP,AMD Ryzen 9 6900HX,32,1000,0,8 GB AMD Radeon RX 6650M Graphics,Windows,16.1,1920 x 1080,8,16,81,154990,100.0,8.32,95,90,56.49,74.33,86.08,73.83,70.0,Daily Use,High Budget,"Cocok untuk penggunaan harian seperti browsing, mengetik, meeting online, dan tugas ringan; Cocok untuk programming dan multitasking; Memiliki storage yang mendukung workflow lebih cepat",benchmark,benchmark
Lenovo ThinkPad E14 21E3S04X00 Laptop,Lenovo,12th Gen Core i5,8,512,0,Intel Iris Xe Graphics,Windows,14.0,1920 x 1080,10,12,66,75000,99.91,28.12,55,75,57.13,67.0,72.78,65.75,65.65,Daily Use,Mid Budget,"Cocok untuk penggunaan harian seperti browsing, mengetik, meeting online, dan tugas ringan; Memiliki storage yang mendukung workflow lebih cepat",benchmark,benchmark
HP Omen 16-k0370TX Gaming Laptop,HP,12th Gen Core i7,16,1000,0,8 GB NVIDIA GeForce 3070Ti,Windows,16.1,1920 x 1080,14,20,85,180880,100.0,13.04,80,90,56.37,71.76,82.8,71.26,68.41,Daily Use,High Budget,"Cocok untuk penggunaan harian seperti browsing, mengetik, meeting online, dan tugas ringan; Cocok untuk programming dan multitasking; Memiliki storage yang mendukung workflow lebih cepat",benchmark,benchmark
Chuwi Gemibook Pro Laptop,Chuwi,Intel Celeron N5100,8,256,0,Intel UHD 600 Graphics,Windows,14.0,2160 x 1440,4,4,0,27489,14.02,16.42,55,60,28.14,31.76,40.6,34.06,29.83,Daily Use,Low Budget,"Cocok untuk penggunaan harian seperti browsing, mengetik, meeting online, dan tugas ringan",benchmark,benchmark
HP Omen 16-k0360TX Laptop,HP,12th Gen Core i7,16,1000,0,6 GB NVIDIA GeForce RTX 3060,Windows,16.1,1920 x 1080,14,20,82,144480,100.0,100.0,80,90,95.5,93.5,91.5,93.0,94.5,Gaming,High Budget,Cocok untuk gaming dan kebutuhan grafis tinggi; Cocok untuk programming dan multitasking; Cocok untuk AI ringan dan image processing; Memiliki storage yang mendukung workflow lebih cepat,benchmark,benchmark
Lenovo Thinkbook 15 21DJA04LIH Laptop,Lenovo,12th Gen Core i5,16,512,0,Iris Xe Graphics,Windows,15.6,1920 x 1080,10,12,60,61990,99.91,14.92,80,75,54.94,69.95,77.72,68.7,66.69,Daily Use,Mid Budget,"Cocok untuk penggunaan harian seperti browsing, mengetik, meeting online, dan tugas ringan; Cocok untuk programming dan multitasking; Memiliki storage yang mendukung workflow lebih cepat",benchmark,benchmark
Lenovo IdeaPad Gaming 3 82S900HNIN Laptop,Lenovo,12th Gen Core i5,16,512,0,4 GB NVIDIA GeForce RTX 3050,Windows,15.6,1920 x 1080,8,12,73,80990,99.91,100.0,80,75,93.23,91.22,86.22,89.97,92.22,Gaming,Mid Budget,Cocok untuk gaming dan kebutuhan grafis tinggi; Cocok untuk programming dan multitasking; Cocok untuk AI ringan dan image processing; Memiliki storage yang mendukung workflow lebih cepat,benchmark,benchmark
HP Omen 16-n0054AX Gaming Laptop,HP,AMD Ryzen 7 6800H,16,1000,0,6 GB NVIDIA GeForce RTX 3060,Windows,16.1,1920 x 1080,8,16,74,139680,99.56,100.0,80,90,95.39,93.35,91.37,92.87,94.35,Gaming,High Budget,Cocok untuk gaming dan kebutuhan grafis tinggi; Cocok untuk programming dan multitasking; Cocok untuk AI ringan dan image processing; Memiliki storage yang mendukung workflow lebih cepat,benchmark,benchmark
Lenovo Ideapad Flex 5 82R70068IN Laptop,Lenovo,12th Gen Core i5,8,512,0,Intel UHD,Windows,14.0,1920 x 1200,10,12,62,75990,99.91,26.45,55,75,56.38,66.58,72.62,65.34,65.15,Daily Use,Mid Budget,"Cocok untuk penggunaan harian seperti browsing, mengetik, meeting online, dan tugas ringan; Memiliki storage yang mendukung workflow lebih cepat",benchmark,benchmark
HP Victus 15-fb0082AX Gaming Laptop,HP,AMD Ryzen 5 5600H,8,512,0,4 GB NVIDIA GeForce RTX 3050,Windows,15.6,1920 x 1080,6,12,72,71990,73.2,100.0,55,75,82.8,75.62,71.96,75.71,77.87,Gaming,Mid Budget,Cocok untuk gaming dan kebutuhan grafis tinggi; Memiliki storage yang mendukung workflow lebih cepat,benchmark,benchmark
Dell XPS 9315 Laptop,Dell,12th Gen Core i7 ,16,512,0,Iris Xe,Windows,13.4,1920 x 1080,10,12,51,132470,100.0,28.12,80,75,60.9,73.28,79.06,72.03,70.69,Daily Use,High Budget,"Cocok untuk penggunaan harian seperti browsing, mengetik, meeting online, dan tugas ringan; Cocok untuk programming dan multitasking; Memiliki storage yang mendukung workflow lebih cepat",benchmark,benchmark
HP Omen 16-n0049AX Gaming Laptop,HP,AMD Ryzen 7 6800H,16,512,0,4 GB NVIDIA GeForce RTX 3050Ti,Windows,16.0,1920 x 1080,8,16,66,107690,99.56,100.0,80,75,93.14,91.1,86.12,89.87,92.1,Gaming,High Budget,Cocok untuk gaming dan kebutuhan grafis tinggi; Cocok untuk programming dan multitasking; Cocok untuk AI ringan dan image processing; Memiliki storage yang mendukung workflow lebih cepat,benchmark,benchmark
HP Omen 16-n0050AX Gaming Laptop,HP,AMD Ryzen 7 6800H,16,512,0,4 GB NVIDIA GeForce RTX 3050,Windows,16.0,1920 x 1080,8,16,66,99800,99.56,100.0,80,75,93.14,91.1,86.12,89.87,92.1,Gaming,High Budget,Cocok untuk gaming dan kebutuhan grafis tinggi; Cocok untuk programming dan multitasking; Cocok untuk AI ringan dan image processing; Memiliki storage yang mendukung workflow lebih cepat,benchmark,benchmark
Lenovo V14 Gen 2 ITL 82KAA001IH Laptop,Lenovo,11th Gen Core i5,8,0,1000,Intel Integrated,DOS,14.0,1920 x 1080,4,8,53,49999,71.0,1.06,55,50,33.98,46.36,52.66,45.32,43.67,Daily Use,Low Budget,"Cocok untuk penggunaan harian seperti browsing, mengetik, meeting online, dan tugas ringan",fallback,benchmark
Lenovo V15 82C30057IH Laptop,Lenovo,Intel Celeron N4020,4,0,1000,Intel Integrated UHD,Windows,15.6,1920 x 1080,2,2,48,29999,7.3,16.42,30,50,21.21,21.66,28.83,23.8,20.98,Daily Use,Low Budget,"Cocok untuk penggunaan harian seperti browsing, mengetik, meeting online, dan tugas ringan",benchmark,benchmark
Lenovo IdeaPad Gaming 3 82K201V2IN Laptop,Lenovo,AMD Ryzen 7 5800H,8,512,0,4 GB NVIDIA GeForce RTX 3050,Windows,15.6,1920 x 1080,8,16,74,76990,91.22,100.0,55,75,87.3,81.93,77.37,81.12,84.18,Gaming,Mid Budget,Cocok untuk gaming dan kebutuhan grafis tinggi; Cocok untuk AI ringan dan image processing; Memiliki storage yang mendukung workflow lebih cepat,benchmark,benchmark
Lenovo ThinkPad E14 21E3S04W00 Laptop,Lenovo,12th Gen Core i5,16,512,0,Intel Iris Xe Graphics,Windows,14.0,1920 x 1080,10,12,57,74490,99.91,28.12,80,75,60.88,73.25,79.04,72.0,70.65,Daily Use,Mid Budget,"Cocok untuk penggunaan harian seperti browsing, mengetik, meeting online, dan tugas ringan; Cocok untuk programming dan multitasking; Memiliki storage yang mendukung workflow lebih cepat",benchmark,benchmark
Lenovo Thinkpad E14 Gen 21E3S05800 Laptop,Lenovo,12th Gen Core i7,16,1000,0,Intel Iris Xe Graphics,Windows,14.0,1920 x 1080,10,12,66,102490,100.0,28.12,80,90,63.15,75.53,84.31,75.03,72.94,Daily Use,High Budget,"Cocok untuk penggunaan harian seperti browsing, mengetik, meeting online, dan tugas ringan; Cocok untuk programming dan multitasking; Memiliki storage yang mendukung workflow lebih cepat",benchmark,benchmark
Lenovo Yoga 9 82LU008TIN Laptop,Lenovo,12th Ge Core i7,16,1000,0,Intel Iris Xe Graphics,Windows,14.0,3840 x 2160,14,20,69,179990,100.0,28.12,80,90,63.15,75.53,84.31,75.03,72.94,Daily Use,High Budget,"Cocok untuk penggunaan harian seperti browsing, mengetik, meeting online, dan tugas ringan; Cocok untuk programming dan multitasking; Memiliki storage yang mendukung workflow lebih cepat",benchmark,benchmark
Dell Vostro 3510 2022 Laptop,Dell,11th Gen Core i3,16,256,1000,Intel UHD Graphics,Windows,15.6,1920 x 1080,2,4,56,49850,54.52,16.42,80,65,42.77,52.94,60.75,53.46,49.76,Daily Use,Low Budget,"Cocok untuk penggunaan harian seperti browsing, mengetik, meeting online, dan tugas ringan",benchmark,benchmark
Acer One 14 Z2-493 Business Laptop,Acer,AMD Ryzen 5 3500U,16,512,0,AMD Radeon Radeon Graphics,Windows,14.0,1366 x 768,4,8,59,39990,30.63,73.06,80,75,63.78,60.24,62.74,62.45,59.89,Gaming,Low Budget,Cocok untuk gaming dan kebutuhan grafis tinggi; Memiliki storage yang mendukung workflow lebih cepat,benchmark,benchmark
Fujitsu UH-X 4ZR1K06212 Laptop,Fujitsu,12th Gen Core i7,16,512,0,Intel Iris Xe Graphics,Windows,13.3,1920 x 1080,10,12,68,99990,100.0,28.12,80,75,60.9,73.28,79.06,72.03,70.69,Daily Use,High Budget,"Cocok untuk penggunaan harian seperti browsing, mengetik, meeting online, dan tugas ringan; Cocok untuk programming dan multitasking; Memiliki storage yang mendukung workflow lebih cepat",benchmark,benchmark
HP Envy x360 13-bf0062TU Laptop,HP,12th Gen Core i7,16,512,0,Intel Iris Xe Graphics,Windows,13.3,2880 x 1800,10,12,68,104990,100.0,28.12,80,75,60.9,73.28,79.06,72.03,70.69,Daily Use,High Budget,"Cocok untuk penggunaan harian seperti browsing, mengetik, meeting online, dan tugas ringan; Cocok untuk programming dan multitasking; Memiliki storage yang mendukung workflow lebih cepat",benchmark,benchmark
Gigabyte G5 RC45MD Laptop,Gigabyte,11th Gen Core i5,16,512,0,4 GB NVIDIA GeForce RTX 3050 Ti,Windows,15.6,1920 x 1080,6,12,71,76600,71.0,100.0,80,75,86.0,81.1,77.55,81.3,82.1,Gaming,Mid Budget,Cocok untuk gaming dan kebutuhan grafis tinggi; Memiliki storage yang mendukung workflow lebih cepat,fallback,benchmark
Gigabyte G5 RC45GD Laptop,Gigabyte,11th Gen Core i5,16,512,0,4 GB NVIDIA GeForce RTX 3050,Windows,15.6,1920 x 1080,6,12,71,73990,71.0,100.0,80,75,86.0,81.1,77.55,81.3,82.1,Gaming,Mid Budget,Cocok untuk gaming dan kebutuhan grafis tinggi; Memiliki storage yang mendukung workflow lebih cepat,fallback,benchmark
Gigabyte G5 RC45KD Laptop,Gigabyte,11th Gen Core i5,16,512,0,6 GB NVIDIA GeForce RTX 3060,Windows,15.6,1920 x 1080,6,12,72,87800,71.0,100.0,80,75,86.0,81.1,77.55,81.3,82.1,Gaming,High Budget,Cocok untuk gaming dan kebutuhan grafis tinggi; Memiliki storage yang mendukung workflow lebih cepat,fallback,benchmark
MSI Katana GF66 11UE-249IN Gaming Laptop,MSI,11th Gen Core i7,16,512,0,6 GB NVIDIA GeForce RTX 3060,Windows,15.6,1920 x 1080,8,16,74,115990,86.0,100.0,80,75,89.75,86.35,82.05,85.8,87.35,Gaming,High Budget,Cocok untuk gaming dan kebutuhan grafis tinggi; Cocok untuk programming dan multitasking; Cocok untuk AI ringan dan image processing; Memiliki storage yang mendukung workflow lebih cepat,fallback,benchmark
Lenovo IdeaPad Gaming 3 15IAH7 82S900KQIN Laptop,Lenovo,12th Gen Core i5,16,512,0,4 GB NVIDIA GeForce RTX 3050,Windows,15.6,1920 x 1080,8,12,74,89990,99.91,100.0,80,75,93.23,91.22,86.22,89.97,92.22,Gaming,High Budget,Cocok untuk gaming dan kebutuhan grafis tinggi; Cocok untuk programming dan multitasking; Cocok untuk AI ringan dan image processing; Memiliki storage yang mendukung workflow lebih cepat,benchmark,benchmark
Lenovo IdeaPad Gaming 3 15IHU6 82K101EDIN Laptop,Lenovo,11th Gen Core i5,8,512,0,4 GB NVIDIA GeForce RTX 3050 Graphics,Windows,15.6,1920 x 1080,4,8,68,69500,71.0,100.0,55,75,82.25,74.85,71.3,75.05,77.1,Gaming,Mid Budget,Cocok untuk gaming dan kebutuhan grafis tinggi; Memiliki storage yang mendukung workflow lebih cepat,fallback,benchmark
Dell Latitude 3520 Laptop,Dell,11th Gen Core i3,8,256,0,Intel UHD Graphics,Ubuntu,15.6,1366 x 768,2,4,42,38700,54.52,16.42,55,60,38.27,45.94,52.75,46.21,44.01,Daily Use,Low Budget,"Cocok untuk penggunaan harian seperti browsing, mengetik, meeting online, dan tugas ringan",benchmark,benchmark
Honor MagicBook X15 BohrBR-WAH9F Laptop,Honor,10th Gen Core i5,8,256,0,Intel UHD Graphics,Windows,15.6,1920 x 1080,4,8,57,67318,99.91,16.42,55,60,49.62,61.82,66.36,59.83,59.89,Daily Use,Mid Budget,"Cocok untuk penggunaan harian seperti browsing, mengetik, meeting online, dan tugas ringan",benchmark,benchmark
Dell Vostro 3510 2022 Laptop,Dell,11th Gen Core i3,8,512,0,Intel UHD Graphics,Windows,15.6,1920 x 1080,2,4,51,46300,54.52,16.42,55,75,40.52,48.19,58.0,49.21,46.26,Daily Use,Low Budget,"Cocok untuk penggunaan harian seperti browsing, mengetik, meeting online, dan tugas ringan; Memiliki storage yang mendukung workflow lebih cepat",benchmark,benchmark
HP ProBook 450 G8 4Y7G3PA Laptop,HP,11th Gen Core i3,8,256,0,Intel UHD Graphics,Windows,15.6,1366 x 768,2,4,61,48500,54.52,16.42,55,60,38.27,45.94,52.75,46.21,44.01,Daily Use,Low Budget,"Cocok untuk penggunaan harian seperti browsing, mengetik, meeting online, dan tugas ringan",benchmark,benchmark
Dell Vostro 3510 2022 Laptop,Dell,11th Gen Core i3,16,512,1000,Intel UHD Graphics,Windows,15.6,1920 x 1080,2,4,57,53100,54.52,16.42,80,80,45.02,55.19,66.0,56.46,52.01,Daily Use,Low Budget,"Cocok untuk penggunaan harian seperti browsing, mengetik, meeting online, dan tugas ringan; Memiliki storage yang mendukung workflow lebih cepat",benchmark,benchmark
Lenovo ThinkBook 14 20VDA0QTIH Laptop,Lenovo,11th Gen Core i5,8,512,0,Intel UHD Graphics,DOS,14.0,1920 x 1080,4,8,55,60100,71.0,16.42,55,75,44.64,53.96,62.94,54.16,52.03,Daily Use,Mid Budget,"Cocok untuk penggunaan harian seperti browsing, mengetik, meeting online, dan tugas ringan; Memiliki storage yang mendukung workflow lebih cepat",fallback,benchmark
Dell Vostro 3510 2022 Laptop,Dell,11th Gen Core i3,16,512,0,Intel UHD Graphics,Windows,15.6,1920 x 1080,2,4,54,49800,54.52,16.42,80,75,44.27,54.44,64.25,55.46,51.26,Daily Use,Low Budget,"Cocok untuk penggunaan harian seperti browsing, mengetik, meeting online, dan tugas ringan; Memiliki storage yang mendukung workflow lebih cepat",benchmark,benchmark
Dell Latitude 3420 Laptop,Dell,11th Gen Core i3,16,512,0,Intel UHD Graphics,Ubuntu,14.0,1366 x 768,2,4,55,69500,54.52,16.42,80,75,44.27,54.44,64.25,55.46,51.26,Daily Use,Mid Budget,"Cocok untuk penggunaan harian seperti browsing, mengetik, meeting online, dan tugas ringan; Memiliki storage yang mendukung workflow lebih cepat",benchmark,benchmark
Fujitsu UH-X 4ZR1J37875 Laptop,Fujitsu,12th Gen Core i5,16,512,0,Intel Iris Xe Graphics,Windows,13.3,1920 x 1080,10,12,68,89990,99.91,28.12,80,75,60.88,73.25,79.04,72.0,70.65,Daily Use,High Budget,"Cocok untuk penggunaan harian seperti browsing, mengetik, meeting online, dan tugas ringan; Cocok untuk programming dan multitasking; Memiliki storage yang mendukung workflow lebih cepat",benchmark,benchmark
Dell Latitude 3420 2022 Laptop,Dell,11th Gen Core i5,16,1000,0,Intel UHD Graphics,Windows,14.0,1920 x 1080,4,8,68,102999,71.0,16.42,80,90,50.64,62.46,74.44,63.4,59.28,Daily Use,High Budget,"Cocok untuk penggunaan harian seperti browsing, mengetik, meeting online, dan tugas ringan; Memiliki storage yang mendukung workflow lebih cepat",fallback,benchmark
Fujitsu UH-X 4ZR1J37876 Laptop,Fujitsu,12th Gen Core i7,16,512,0,Intel Iris Xe Graphics,Windows,13.3,1920 x 1080,10,12,69,99990,100.0,28.12,80,75,60.9,73.28,79.06,72.03,70.69,Daily Use,High Budget,"Cocok untuk penggunaan harian seperti browsing, mengetik, meeting online, dan tugas ringan; Cocok untuk programming dan multitasking; Memiliki storage yang mendukung workflow lebih cepat",benchmark,benchmark
Acer TravelMate TMB311-31 Laptop,Acer,Intel Pentium N5030,4,128,0,UHD Graphics 600,Windows,11.6,1366 x 768,4,4,49,24990,12.04,11.1,30,50,20.0,21.99,29.72,23.89,21.04,Daily Use,Low Budget,"Cocok untuk penggunaan harian seperti browsing, mengetik, meeting online, dan tugas ringan",benchmark,benchmark
Lenovo IdeaPad Flex 5 81X10087IN Laptop,Lenovo,10th Gen Core i3,8,512,0,Intel Integrated Iris Xe,Windows,14.0,1920 x 1080,2,4,65,66000,54.52,28.12,55,75,45.78,51.11,59.17,52.14,49.77,Daily Use,Mid Budget,"Cocok untuk penggunaan harian seperti browsing, mengetik, meeting online, dan tugas ringan; Memiliki storage yang mendukung workflow lebih cepat",benchmark,benchmark
Lenovo ThinkPad E15 20TDS0TA00 Laptop,Lenovo,11th Gen Core i5,8,512,0,Intel Integrated UHD,Windows,15.6,1920 x 1080,4,8,60,71300,71.0,16.42,55,75,44.64,53.96,62.94,54.16,52.03,Daily Use,Mid Budget,"Cocok untuk penggunaan harian seperti browsing, mengetik, meeting online, dan tugas ringan; Memiliki storage yang mendukung workflow lebih cepat",fallback,benchmark
HP 250 G8 6X4B3PA Laptop,HP,11th Gen Core i3,8,512,0,Intel UHD,Windows,15.6,1366 x 768,2,4,45,36499,54.52,26.45,55,75,45.03,50.69,59.0,51.72,49.27,Daily Use,Low Budget,"Cocok untuk penggunaan harian seperti browsing, mengetik, meeting online, dan tugas ringan; Memiliki storage yang mendukung workflow lebih cepat",benchmark,benchmark
Dell Vostro 5320 Laptop,Dell,12th Gen Core i5,16,512,0,Intel Integrated UMA,Windows,13.3,2560 x 1600,12,16,54,78990,99.91,16.42,80,75,55.62,70.32,77.86,69.08,67.14,Daily Use,Mid Budget,"Cocok untuk penggunaan harian seperti browsing, mengetik, meeting online, dan tugas ringan; Cocok untuk programming dan multitasking; Memiliki storage yang mendukung workflow lebih cepat",benchmark,benchmark
HP Elitebook 840 G8 4S1H5PA Laptop,HP,11th Gen Core i5,8,512,0,Intel Iris Xe,Windows,14.0,1920 x 1080,4,8,65,138800,71.0,28.12,55,75,49.9,56.88,64.11,57.08,55.54,Daily Use,High Budget,"Cocok untuk penggunaan harian seperti browsing, mengetik, meeting online, dan tugas ringan; Memiliki storage yang mendukung workflow lebih cepat",fallback,benchmark
HP Pavilion x360 14-ek0072TU Laptop,HP,12th Gen Core i5,16,512,0,Intel Integrated Iris Xe,Windows,14.0,1920 x 1080,10,12,67,71999,99.91,28.12,80,75,60.88,73.25,79.04,72.0,70.65,Daily Use,Mid Budget,"Cocok untuk penggunaan harian seperti browsing, mengetik, meeting online, dan tugas ringan; Cocok untuk programming dan multitasking; Memiliki storage yang mendukung workflow lebih cepat",benchmark,benchmark
Acer Predator Helios 300 PH315-55s Spatial Labs Edition Gaming Laptop,Acer,12th Gen Core i9,32,2000,0,NVIDIA GeForce RTX 3030,Windows,15.6,3840 x 2160,14,20,84,319999,100.0,100.0,95,100,99.25,98.75,98.75,98.75,99.0,Gaming,High Budget,Cocok untuk gaming dan kebutuhan grafis tinggi; Cocok untuk programming dan multitasking; Cocok untuk AI ringan dan image processing; Memiliki storage yang mendukung workflow lebih cepat,benchmark,benchmark
Dell XPS 13 Plus Laptop,Dell,12th Gen Core i5,16,512,0,Intel Iris Xe Graphics,Windows,13.4,3840 x 2400,12,16,69,171000,99.91,28.12,80,75,60.88,73.25,79.04,72.0,70.65,Daily Use,High Budget,"Cocok untuk penggunaan harian seperti browsing, mengetik, meeting online, dan tugas ringan; Cocok untuk programming dan multitasking; Memiliki storage yang mendukung workflow lebih cepat",benchmark,benchmark
Acer Nitro 5 AN515-46 Laptop,Acer,AMD Ryzen 5 6600H,16,512,1000,4 GB NVIDIA GeForce RTX 3050,Windows,15.6,2560 x 1440,6,12,76,98990,73.2,100.0,80,80,87.3,82.62,79.96,82.96,83.62,Gaming,High Budget,Cocok untuk gaming dan kebutuhan grafis tinggi; Memiliki storage yang mendukung workflow lebih cepat,benchmark,benchmark
Acer Aspire 3 A315-23 Laptop,Acer,Ryzen 5 3500U,8,512,0,AMD Radeon AMD,Windows,15.6,1920 x 1080,4,8,56,51250,30.63,7.39,55,75,30.48,37.57,49.93,39.79,35.19,Daily Use,Low Budget,"Cocok untuk penggunaan harian seperti browsing, mengetik, meeting online, dan tugas ringan; Memiliki storage yang mendukung workflow lebih cepat",benchmark,benchmark
Asus TUF F15 FA507RE-HN043WS 2022 Gaming Laptop,Asus,AMD Ryzen 7 6800H,16,512,0,4 GB NVIDIA GeForce RTX 3050 Ti,Windows,15.6,1920 x 1080,8,16,79,89990,99.56,100.0,80,75,93.14,91.1,86.12,89.87,92.1,Gaming,High Budget,Cocok untuk gaming dan kebutuhan grafis tinggi; Cocok untuk programming dan multitasking; Cocok untuk AI ringan dan image processing; Memiliki storage yang mendukung workflow lebih cepat,benchmark,benchmark
MSI GF63 Thin 10SC-848IN Gaming Laptop,MSI,10th Gen Core i5,8,512,0,4 GB NVIDIA Geforce GTX 1650,Windows,15.6,1920 x 1080,6,12,69,60700,99.91,77.12,55,75,79.18,79.25,77.68,78.0,80.35,Gaming,Mid Budget,Cocok untuk gaming dan kebutuhan grafis tinggi; Cocok untuk AI ringan dan image processing; Memiliki storage yang mendukung workflow lebih cepat,benchmark,benchmark
Acer Aspire 5 A515-45-R1YC Laptop,Acer,Ryzen 5 5500U,8,256,0,AMD Radeon,Windows,15.6,1920 x 1080,6,12,59,44990,56.3,7.39,55,60,34.65,44.3,52.38,44.49,41.92,Daily Use,Low Budget,"Cocok untuk penggunaan harian seperti browsing, mengetik, meeting online, dan tugas ringan",benchmark,benchmark
Acer Nitro 5 AN515-46 Gaming Laptop,Acer,AMD Ryzen 7 6800H,16,1000,0,Missing,Windows,,,0,0,0,129990,99.56,35.0,80,90,66.14,77.1,84.87,76.62,74.85,Daily Use,High Budget,"Cocok untuk penggunaan harian seperti browsing, mengetik, meeting online, dan tugas ringan; Cocok untuk programming dan multitasking; Memiliki storage yang mendukung workflow lebih cepat",benchmark,fallback
Lenovo Legion 5 Pro 82RG009AIN Laptop,Lenovo,AMD Ryzen 7 6800H,16,1000,0,6 GB NVIDIA GeForce RTX 3060,Windows,16.0,2560 x 1600,8,16,76,159990,99.56,100.0,80,90,95.39,93.35,91.37,92.87,94.35,Gaming,High Budget,Cocok untuk gaming dan kebutuhan grafis tinggi; Cocok untuk programming dan multitasking; Cocok untuk AI ringan dan image processing; Memiliki storage yang mendukung workflow lebih cepat,benchmark,benchmark
HP Omen 16-C0136AX Laptop,HP,AMD Ryzen 5 5600H,8,512,0,4 GB NVIDIA GeForce GTX 1650,Windows,16.1,1920 x 1080,6,12,72,75299,73.2,77.12,55,75,72.5,69.9,69.67,69.99,71.01,Gaming,Mid Budget,Cocok untuk gaming dan kebutuhan grafis tinggi; Memiliki storage yang mendukung workflow lebih cepat,benchmark,benchmark
HP Envy x360 13-bf0058TU Laptop,HP,12th Gen Core i5,16,512,0,Intel Iris X Graphics,Windows,13.3,2880 x 1800,10,12,67,103000,99.91,14.92,80,75,54.94,69.95,77.72,68.7,66.69,Daily Use,High Budget,"Cocok untuk penggunaan harian seperti browsing, mengetik, meeting online, dan tugas ringan; Cocok untuk programming dan multitasking; Memiliki storage yang mendukung workflow lebih cepat",benchmark,benchmark
HP Omen 17-ck1022TX Gaming Laptop,HP,12th Gen Core i7,32,1000,0,8 GB NVIDIA GeForce RTX 3070Ti,Windows,16.1,2560 x 1440,16,24,76,199999,100.0,100.0,95,90,97.75,97.25,95.25,96.75,97.5,Gaming,High Budget,Cocok untuk gaming dan kebutuhan grafis tinggi; Cocok untuk programming dan multitasking; Cocok untuk AI ringan dan image processing; Memiliki storage yang mendukung workflow lebih cepat,benchmark,benchmark
Honor MagicBook 15 WDQ9CHNE Laptop,Honor,AMD Ryzen 5 5500U,8,256,0,AMD Radeon,Windows,15.6,1920 x 1080,6,12,51,39990,56.3,7.39,55,60,34.65,44.3,52.38,44.49,41.92,Daily Use,Low Budget,"Cocok untuk penggunaan harian seperti browsing, mengetik, meeting online, dan tugas ringan",benchmark,benchmark
HP Envy x360 16-h0028TX Laptop,HP,12th Gen Core i7,16,512,0,Intel Iris X Graphics,Windows,13.3,3840 x 2400,10,12,69,143990,100.0,14.92,80,75,54.96,69.98,77.74,68.73,66.73,Daily Use,High Budget,"Cocok untuk penggunaan harian seperti browsing, mengetik, meeting online, dan tugas ringan; Cocok untuk programming dan multitasking; Memiliki storage yang mendukung workflow lebih cepat",benchmark,benchmark
HP Envy 16-h0026tx Laptop,HP,12th Gen Core i9,32,1000,0,6 GB NVIDIA GeForce RTX 3060,Windows,15.6,3840 x 2160,14,20,78,219900,100.0,100.0,95,90,97.75,97.25,95.25,96.75,97.5,Gaming,High Budget,Cocok untuk gaming dan kebutuhan grafis tinggi; Cocok untuk programming dan multitasking; Cocok untuk AI ringan dan image processing; Memiliki storage yang mendukung workflow lebih cepat,benchmark,benchmark
HP Envy 16-h0025tx Laptop,HP,12th Gen Core i9,16,1000,0,6 GB NVIDIA GeForce RTX 3060,Windows,16.0,3840 x 2160,14,20,76,192490,100.0,100.0,80,90,95.5,93.5,91.5,93.0,94.5,Gaming,High Budget,Cocok untuk gaming dan kebutuhan grafis tinggi; Cocok untuk programming dan multitasking; Cocok untuk AI ringan dan image processing; Memiliki storage yang mendukung workflow lebih cepat,benchmark,benchmark
Lenovo Legion 5 Pro 82RG00EKIN Laptop,Lenovo,AMD Ryzen 7 6800H,32,1000,0,8 GB NVIDIA GeForce RTX 3070,Windows,16.0,2560 x 1600,8,16,82,189990,99.56,100.0,95,90,97.64,97.1,95.12,96.62,97.35,Gaming,High Budget,Cocok untuk gaming dan kebutuhan grafis tinggi; Cocok untuk programming dan multitasking; Cocok untuk AI ringan dan image processing; Memiliki storage yang mendukung workflow lebih cepat,benchmark,benchmark
Lenovo Yoga Slim 7 Pro 82SV0053IN Laptop,Lenovo,12th Gen Core i7,16,512,0,Intel Iris Xe Graphics,Windows,14.0,2880 x 1800,12,16,63,109969,100.0,28.12,80,75,60.9,73.28,79.06,72.03,70.69,Daily Use,High Budget,"Cocok untuk penggunaan harian seperti browsing, mengetik, meeting online, dan tugas ringan; Cocok untuk programming dan multitasking; Memiliki storage yang mendukung workflow lebih cepat",benchmark,benchmark
Asus VivoBook 14 X415JA-BV322WS Laptop,Asus,10th Gen Core i3,8,512,0,Intel UHD Graphics,Windows,14.0,1920 x 1080,2,4,57,33990,54.52,16.42,55,75,40.52,48.19,58.0,49.21,46.26,Daily Use,Low Budget,"Cocok untuk penggunaan harian seperti browsing, mengetik, meeting online, dan tugas ringan; Memiliki storage yang mendukung workflow lebih cepat",benchmark,benchmark
Lenovo Yoga 6 82UD0068IN 2-in-1 Laptop,Lenovo,Ryzen 7 5700U,16,512,0,AMD Radeon,Windows,13.3,1920 x 1080,8,16,63,80030,68.59,7.39,80,75,43.72,57.1,67.57,57.42,53.47,Daily Use,Mid Budget,"Cocok untuk penggunaan harian seperti browsing, mengetik, meeting online, dan tugas ringan; Memiliki storage yang mendukung workflow lebih cepat",benchmark,benchmark
HP Chromebook 14a-na1004TU Laptop,HP,Celeron N4500,4,0,64,Intel Integrated UHD Graphics,Chrome,14.0,1366 x 768,2,2,44,21990,8.71,16.42,30,30,18.57,19.15,22.26,20.22,18.47,Daily Use,Low Budget,"Cocok untuk penggunaan harian seperti browsing, mengetik, meeting online, dan tugas ringan",benchmark,benchmark
Lenovo V14 G2-ITL 82KAA025IH Laptop,Lenovo,11th Gen Core i3,8,0,1000,Intel Integrated UHD,Windows,14.0,1920 x 1080,2,4,57,51500,54.52,16.42,55,50,36.77,44.44,49.25,44.21,42.51,Daily Use,Low Budget,"Cocok untuk penggunaan harian seperti browsing, mengetik, meeting online, dan tugas ringan",benchmark,benchmark
HP Envy x360 13-bf0063TU Laptop,HP,12th Gen Core i7,16,1000,0,Intel Iris X Graphics,Windows,13.3,2880 x 1800,10,12,71,109990,100.0,14.92,80,90,57.21,72.23,82.99,71.73,68.98,Daily Use,High Budget,"Cocok untuk penggunaan harian seperti browsing, mengetik, meeting online, dan tugas ringan; Cocok untuk programming dan multitasking; Memiliki storage yang mendukung workflow lebih cepat",benchmark,benchmark
Gigabyte Aero 5 XE4 OLED Laptop,Gigabyte,12th Gen Core i7,16,1000,0,8 GB NVIDIA GeForce RTX 3070Ti,Windows,15.6,1920 x 1080,14,20,81,185490,100.0,100.0,80,90,95.5,93.5,91.5,93.0,94.5,Gaming,High Budget,Cocok untuk gaming dan kebutuhan grafis tinggi; Cocok untuk programming dan multitasking; Cocok untuk AI ringan dan image processing; Memiliki storage yang mendukung workflow lebih cepat,benchmark,benchmark
Lenovo V14-IIL 82C4019YIH Laptop,Lenovo,10th Gen Core i5,4,256,0,Intel Integrated UHD,Windows,14.0,1366 x 768,4,8,47,48000,99.91,16.42,30,60,45.87,55.57,60.11,53.58,54.89,Daily Use,Low Budget,"Cocok untuk penggunaan harian seperti browsing, mengetik, meeting online, dan tugas ringan",benchmark,benchmark
Asus VivoBook 14 2022 X1402ZA-EK521WS Laptop,Asus,12th Gen Core i5,8,512,0,Intel Integrated UHD,Windows,14.0,1920 x 1080,10,12,63,53990,99.91,16.42,55,75,51.87,64.07,71.61,62.83,62.14,Daily Use,Low Budget,"Cocok untuk penggunaan harian seperti browsing, mengetik, meeting online, dan tugas ringan; Memiliki storage yang mendukung workflow lebih cepat",benchmark,benchmark
Asus VivoBook 14 2022 X1402ZA-MW512WS Laptop,Asus,12th Gen Core i5,16,512,0,Intel Integrated Iris Xe,Windows,14.0,1920 x 1080,12,16,67,66990,99.91,28.12,80,75,60.88,73.25,79.04,72.0,70.65,Daily Use,Mid Budget,"Cocok untuk penggunaan harian seperti browsing, mengetik, meeting online, dan tugas ringan; Cocok untuk programming dan multitasking; Memiliki storage yang mendukung workflow lebih cepat",benchmark,benchmark
Asus VivoBook 14 2022 X1402ZA-MW311WS Laptop,Asus,12th Gen Core i3,8,512,0,Intel Integrated UHD,Windows,14.0,1920 x 1080,10,12,63,45990,54.52,16.42,55,75,40.52,48.19,58.0,49.21,46.26,Daily Use,Low Budget,"Cocok untuk penggunaan harian seperti browsing, mengetik, meeting online, dan tugas ringan; Memiliki storage yang mendukung workflow lebih cepat",benchmark,benchmark
Lenovo Thinkpad E14 Gen 2 20TBS4K300 Laptop,Lenovo,11th Gen Core i5,8,512,0,Intel UHD,DOS,14.1,1920 x 1080,4,8,56,71449,71.0,26.45,55,75,49.15,56.46,63.94,56.66,55.04,Daily Use,Mid Budget,"Cocok untuk penggunaan harian seperti browsing, mengetik, meeting online, dan tugas ringan; Memiliki storage yang mendukung workflow lebih cepat",fallback,benchmark
Lenovo E41-55 ‎82C700FNGE Laptop,Lenovo,Athlon Pro 3045B,4,0,1000,AMD Radeon Graphics,Windows,15.6,1920 x 1080,2,2,42,21999,33.16,73.06,30,50,53.17,44.87,42.25,45.71,47.02,Gaming,Low Budget,Cocok untuk gaming dan kebutuhan grafis tinggi,benchmark,benchmark
Dell Latitude 3420 Laptop,Dell,11th Gen Core i5,16,512,1000,Intel UHD Graphics,Windows,14.0,1366 x 768,4,8,65,75800,71.0,16.42,80,80,49.14,60.96,70.94,61.4,57.78,Daily Use,Mid Budget,"Cocok untuk penggunaan harian seperti browsing, mengetik, meeting online, dan tugas ringan; Memiliki storage yang mendukung workflow lebih cepat",fallback,benchmark
HP 250 G8 6G9R1PA Notebook,HP,11th Gen Core i3,8,512,0,Intel Integrated Intel® UHD Graphics,DOS,15.6,1366 x 768,0,0,0,35979,54.52,16.42,55,75,40.52,48.19,58.0,49.21,46.26,Daily Use,Low Budget,"Cocok untuk penggunaan harian seperti browsing, mengetik, meeting online, dan tugas ringan; Memiliki storage yang mendukung workflow lebih cepat",benchmark,benchmark
Acer TravelMate TMP215-53 Laptop,Acer, Pentium Gold 7505,4,0,1000,Intel Integrated,Windows,15.6,1366 x 768,2,4,53,26990,23.28,1.06,30,50,18.3,23.41,32.09,24.75,21.97,Daily Use,Low Budget,"Cocok untuk penggunaan harian seperti browsing, mengetik, meeting online, dan tugas ringan",benchmark,benchmark
HP 430 G8 366B1PA Business Laptop,HP,11th Gen Core i7,8,512,0,Graphics & Networking: Intel Iris X Graphics,Windows,13.3,,0,0,0,111500,86.0,28.12,55,75,53.65,62.13,68.61,61.58,60.79,Daily Use,High Budget,"Cocok untuk penggunaan harian seperti browsing, mengetik, meeting online, dan tugas ringan; Memiliki storage yang mendukung workflow lebih cepat",fallback,benchmark
MSI Creator M16 A11UC-669IN Laptop,MSI,11th Gen Core i7,16,512,0,4 GB NVIDIA GeForce RTX3050,Windows,16.0,2560 x 1600,8,16,78,115990,86.0,13.04,80,75,50.62,64.61,73.35,64.06,61.26,Daily Use,High Budget,"Cocok untuk penggunaan harian seperti browsing, mengetik, meeting online, dan tugas ringan; Cocok untuk programming dan multitasking; Memiliki storage yang mendukung workflow lebih cepat",fallback,benchmark
Lenovo ThinkPad X1 Yoga 20XYS00R00 Laptop,Lenovo,11th Gen Core i7,16,1000,0,Intel UHD Graphics,Windows,14.0,1920 x 1080,4,8,66,248890,86.0,16.42,80,90,54.39,67.7,78.94,67.9,64.53,Daily Use,High Budget,"Cocok untuk penggunaan harian seperti browsing, mengetik, meeting online, dan tugas ringan; Cocok untuk programming dan multitasking; Memiliki storage yang mendukung workflow lebih cepat",fallback,benchmark
Lenovo ThinkPad T14 2021 20W0S03F00 Laptop,Lenovo,11th Gen Core i5,8,512,0,512 MB Intel Integrated,Windows,14.0,1920 x 1080,4,8,66,87000,71.0,16.42,55,75,44.64,53.96,62.94,54.16,52.03,Daily Use,High Budget,"Cocok untuk penggunaan harian seperti browsing, mengetik, meeting online, dan tugas ringan; Memiliki storage yang mendukung workflow lebih cepat",fallback,benchmark
Huawei MateBook D14 Laptop,Huawei,10th Gen Core i5,8,512,0,Intel UHD Graphics,Windows,14.0,1920 x 1080,4,8,62,71901,99.91,16.42,55,75,51.87,64.07,71.61,62.83,62.14,Daily Use,Mid Budget,"Cocok untuk penggunaan harian seperti browsing, mengetik, meeting online, dan tugas ringan; Memiliki storage yang mendukung workflow lebih cepat",benchmark,benchmark
Lenovo IdeaPad Slim 5 82FG01HAIN Laptop,Lenovo,11th Gen Core i5,16,512,0,Intel Iris Xe Graphics,Windows,15.6,1920 x 1080,4,8,53,59990,71.0,28.12,80,75,53.65,63.13,70.36,63.33,60.54,Daily Use,Mid Budget,"Cocok untuk penggunaan harian seperti browsing, mengetik, meeting online, dan tugas ringan; Memiliki storage yang mendukung workflow lebih cepat",fallback,benchmark
Asus VivoBook 14 2021 X415KA-BV121WS Laptop,Asus,Intel Silver N6000,8,256,0,Intel Integrated Intel UHD,Windows,14.1,1366 x 768,4,4,48,28990,13.24,16.42,55,60,27.95,31.49,40.36,33.83,29.56,Daily Use,Low Budget,"Cocok untuk penggunaan harian seperti browsing, mengetik, meeting online, dan tugas ringan",benchmark,benchmark
Dell Inspiron 3511 Laptop,Dell,11th Gen Core i3,8,512,1000,Intel UHD Graphics,Windows,15.56,1920 x 1080,2,4,57,46499,54.52,16.42,55,80,41.27,48.94,59.75,50.21,47.01,Daily Use,Low Budget,"Cocok untuk penggunaan harian seperti browsing, mengetik, meeting online, dan tugas ringan; Memiliki storage yang mendukung workflow lebih cepat",benchmark,benchmark
Lenovo V14 G2-ITL ﻿82KAA05VIH Laptop,Lenovo,11th Gen Core i3,4,256,0,Intel Integrated UHD,Windows,15.0,1920 x 1080,2,4,50,39000,54.52,16.42,30,60,34.52,39.69,46.5,39.96,39.01,Daily Use,Low Budget,"Cocok untuk penggunaan harian seperti browsing, mengetik, meeting online, dan tugas ringan",benchmark,benchmark
Huawei MateBook 14 2021‎ WDH9A Laptop,Huawei,11th Gen Core i5,8,512,0,Intel Iris Xe Graphics,Windows,14.0,2160 x 1440,4,8,61,100931,71.0,28.12,55,75,49.9,56.88,64.11,57.08,55.54,Daily Use,High Budget,"Cocok untuk penggunaan harian seperti browsing, mengetik, meeting online, dan tugas ringan; Memiliki storage yang mendukung workflow lebih cepat",fallback,benchmark
Asus ROG Zephyrus G14 GA402RJZ-L4136WS Gaming Laptop,Asus,AMD Ryzen 9 6900HS,16,1000,0,8 GB AMD Radeon RX 6700S,Windows,14.0,1920 x 1080,8,16,82,155000,100.0,100.0,80,90,95.5,93.5,91.5,93.0,94.5,Gaming,High Budget,Cocok untuk gaming dan kebutuhan grafis tinggi; Cocok untuk programming dan multitasking; Cocok untuk AI ringan dan image processing; Memiliki storage yang mendukung workflow lebih cepat,benchmark,benchmark
HP Envy x360 13-bf0078TU Laptop,HP,12th Gen Core i5,8,512,0,Intel Iris X Graphics,Windows,13.3,1920 x 1080,10,12,65,80990,99.91,14.92,55,75,51.19,63.7,71.46,62.45,61.69,Daily Use,Mid Budget,"Cocok untuk penggunaan harian seperti browsing, mengetik, meeting online, dan tugas ringan; Memiliki storage yang mendukung workflow lebih cepat",benchmark,benchmark
Asus ROG Flow X16 2022 GV601RM-M5053WS Gaming Laptop,Asus,Ryzen 7 6800HS,16,1000,0,6 GB AMD Radeon Radeon 680M,Windows,16.0,2560 x 1600,8,16,87,187990,100.0,7.39,80,90,53.83,70.35,82.24,69.85,66.72,Daily Use,High Budget,"Cocok untuk penggunaan harian seperti browsing, mengetik, meeting online, dan tugas ringan; Cocok untuk programming dan multitasking; Memiliki storage yang mendukung workflow lebih cepat",benchmark,benchmark
Asus ROG Flow X16 2022 GV601RM-M5039WS Gaming Laptop,Asus,Ryzen 9 6900HS,16,1000,0,6 GB AMD Radeon Radeon 680M,Windows,16.0,2560 x 1600,8,0,84,211990,100.0,7.39,80,90,53.83,70.35,82.24,69.85,66.72,Daily Use,High Budget,"Cocok untuk penggunaan harian seperti browsing, mengetik, meeting online, dan tugas ringan; Cocok untuk programming dan multitasking; Memiliki storage yang mendukung workflow lebih cepat",benchmark,benchmark
Lenovo V14 Gen 2 82KAA002IH Laptop,Lenovo,11th Gen Core i5,8,512,0,Intel Iris Xe Graphics,DOS,14.0,1920 x 1080,4,8,51,47199,71.0,28.12,55,75,49.9,56.88,64.11,57.08,55.54,Daily Use,Low Budget,"Cocok untuk penggunaan harian seperti browsing, mengetik, meeting online, dan tugas ringan; Memiliki storage yang mendukung workflow lebih cepat",fallback,benchmark
Avita Pura E NS14A6 Laptop,Avita,10th Gen Core i3,8,256,0,Intel UHD Graphics 620,Windows,14.0,1920 x 1080,2,4,48,29990,54.52,16.42,55,60,38.27,45.94,52.75,46.21,44.01,Daily Use,Low Budget,"Cocok untuk penggunaan harian seperti browsing, mengetik, meeting online, dan tugas ringan",benchmark,benchmark
Lenovo ThinkBook 13s ITL Gen 2 20V9A036IH Laptop,Lenovo,11th Gen Core i7,16,512,0,Intel Integrated Iris Xe,Windows,13.0,2560 x 1600,4,8,65,85999,86.0,28.12,80,75,57.4,68.38,74.86,67.83,65.79,Daily Use,Mid Budget,"Cocok untuk penggunaan harian seperti browsing, mengetik, meeting online, dan tugas ringan; Cocok untuk programming dan multitasking; Memiliki storage yang mendukung workflow lebih cepat",fallback,benchmark
Lenovo Thinkpad T15P Gen 2 ‎21A7001LUS Laptop,Lenovo,11th Gen Core i7,16,512,0,4 GB NVIDIA GeForce GTX 1650,Windows,14.0,1920 x 1080,8,16,69,219000,86.0,77.12,80,75,79.45,80.63,79.76,80.08,80.49,Gaming,High Budget,Cocok untuk gaming dan kebutuhan grafis tinggi; Cocok untuk programming dan multitasking; Cocok untuk AI ringan dan image processing; Memiliki storage yang mendukung workflow lebih cepat,fallback,benchmark
Lenovo Ideapad Flex 5 82R700ASIN Laptop,Lenovo,12th Gen Core i3,8,512,0,Intel Integrated UHD,Windows,14.0,1920 x 1080,6,8,62,59801,54.52,16.42,55,75,40.52,48.19,58.0,49.21,46.26,Daily Use,Mid Budget,"Cocok untuk penggunaan harian seperti browsing, mengetik, meeting online, dan tugas ringan; Memiliki storage yang mendukung workflow lebih cepat",benchmark,benchmark
Lenovo Ideapad Slim 3i 82H802EYIN Laptop,Lenovo,11th Gen Core i3,8,256,0,Intel UHD Integrated Graphics,Windows,15.6,1920 x 1080,2,4,54,37000,54.52,16.42,55,60,38.27,45.94,52.75,46.21,44.01,Daily Use,Low Budget,"Cocok untuk penggunaan harian seperti browsing, mengetik, meeting online, dan tugas ringan",benchmark,benchmark
Lenovo IdeaPad Flex 5 82R7006HIN Laptop,Lenovo,11th Gen Core i5,16,512,0,Intel Integrated UHD Xe,Windows,14.0,1920 x 1080,4,8,69,74490,71.0,16.42,80,75,48.39,60.2,69.19,60.4,57.03,Daily Use,Mid Budget,"Cocok untuk penggunaan harian seperti browsing, mengetik, meeting online, dan tugas ringan; Memiliki storage yang mendukung workflow lebih cepat",fallback,benchmark
Dell Vostro 3400 Laptop AMD,Dell,Ryzen 5 3450U,8,256,0,AMD Radeon,Windows,14.0,1920 x 1080,4,0,56,36990,29.46,7.39,55,60,27.94,34.91,44.33,36.44,32.53,Daily Use,Low Budget,"Cocok untuk penggunaan harian seperti browsing, mengetik, meeting online, dan tugas ringan",benchmark,benchmark
Lenovo Yoga Slim 7 Pro 82NC00FRIN Laptop,Lenovo,11th Gen Core i5,16,512,0,Intel Iris Xe Graphics,Windows,14.0,2880 x 1800,4,8,62,74517,71.0,28.12,80,75,53.65,63.13,70.36,63.33,60.54,Daily Use,Mid Budget,"Cocok untuk penggunaan harian seperti browsing, mengetik, meeting online, dan tugas ringan; Memiliki storage yang mendukung workflow lebih cepat",fallback,benchmark
MSI Katana GF66 12UC-636IN Gaming Laptop,MSI,12th Gen Core i5,8,512,0,4 GB NVIDIA GeForce RTX 3050,Windows,15.6,1920 x 1080,12,16,67,70990,99.91,100.0,55,75,89.48,84.97,79.97,83.72,87.22,Gaming,Mid Budget,Cocok untuk gaming dan kebutuhan grafis tinggi; Cocok untuk AI ringan dan image processing; Memiliki storage yang mendukung workflow lebih cepat,benchmark,benchmark
MSI Gaming Katana GF76 11UC-848IN Laptop,MSI,11th Gen Core i7,16,512,0,4 GB Nvidia RTX 3050,Windows,17.32,1920 x 1080,8,16,69,76990,86.0,70.0,80,75,76.25,78.85,79.05,78.3,78.35,Gaming,Mid Budget,Cocok untuk gaming dan kebutuhan grafis tinggi; Cocok untuk programming dan multitasking; Cocok untuk AI ringan dan image processing; Memiliki storage yang mendukung workflow lebih cepat,fallback,fallback
MSI Gaming Katana GF76 11UD-849IN Laptop,MSI,11th Gen Core i7,16,512,0,4 GB Nvidia RTX 3050 Ti,Windows,17.32,1920 x 1080,8,16,69,82990,86.0,70.0,80,75,76.25,78.85,79.05,78.3,78.35,Gaming,Mid Budget,Cocok untuk gaming dan kebutuhan grafis tinggi; Cocok untuk programming dan multitasking; Cocok untuk AI ringan dan image processing; Memiliki storage yang mendukung workflow lebih cepat,fallback,fallback
MSI Katana GF66 12UE-1001IN Gaming Laptop,MSI,12th Gen Core i5,16,512,0,6 GB NVIDIA GeForce RTX 3060,Windows,15.6,1920 x 1080,12,16,71,85990,99.91,100.0,80,75,93.23,91.22,86.22,89.97,92.22,Gaming,Mid Budget,Cocok untuk gaming dan kebutuhan grafis tinggi; Cocok untuk programming dan multitasking; Cocok untuk AI ringan dan image processing; Memiliki storage yang mendukung workflow lebih cepat,benchmark,benchmark
MSI Gaming Katana GF66 12UE-1002IN Laptop,MSI,12th Gen Core i7,16,1000,0,6 GB Nvidia GeForce RTX 3060,Windows,15.6,1920 x 1080,14,20,78,105990,100.0,100.0,80,90,95.5,93.5,91.5,93.0,94.5,Gaming,High Budget,Cocok untuk gaming dan kebutuhan grafis tinggi; Cocok untuk programming dan multitasking; Cocok untuk AI ringan dan image processing; Memiliki storage yang mendukung workflow lebih cepat,benchmark,benchmark
Acer Swift X SFX14-41G Laptop,Acer,Ryzen 5 5600U,16,512,0,4 GB NVIDIA GeForce RTX 3050,Windows,14.0,1920 x 1080,6,12,65,76000,64.95,100.0,80,75,84.49,78.98,75.74,79.48,79.98,Gaming,Mid Budget,Cocok untuk gaming dan kebutuhan grafis tinggi; Memiliki storage yang mendukung workflow lebih cepat,benchmark,benchmark
Lenovo V14-IGL ‎82C2S02K00 Laptop,Lenovo,Celeron N4020,4,256,0,Intel Integrated UHD,Windows,14.0,1920 x 1080,2,2,49,21999,7.3,16.42,30,60,22.71,23.16,32.33,25.8,22.48,Daily Use,Low Budget,"Cocok untuk penggunaan harian seperti browsing, mengetik, meeting online, dan tugas ringan",benchmark,benchmark
HP 255 G8 6V2R7PA Laptop,HP,AMD Athlon 3050U,4,0,1000,AMD Radeon Graphics,DOS,15.6,1366 x 768,2,2,48,24650,13.61,73.06,30,50,48.28,38.03,36.39,39.85,40.18,Gaming,Low Budget,Cocok untuk gaming dan kebutuhan grafis tinggi,benchmark,benchmark
Acer Swift X SFX14-41G Laptop,Acer,AMD Ryzen 5 5600U,16,512,0,4 GB NVIDIA GeForce RTX 3050,Windows,14.0,1920 x 1080,6,12,66,79521,64.95,100.0,80,75,84.49,78.98,75.74,79.48,79.98,Gaming,Mid Budget,Cocok untuk gaming dan kebutuhan grafis tinggi; Memiliki storage yang mendukung workflow lebih cepat,benchmark,benchmark
Asus TUF Gaming F15 FX566HCB-HN231T Gaming Laptop,Asus,11th Gen Core i7,8,1000,0,4 GB ‎NVIDIA GeForce RTX 3050,Windows,15.6,1920 x 1080,8,16,65,101000,86.0,100.0,55,90,88.25,82.35,81.05,82.55,84.6,Gaming,High Budget,Cocok untuk gaming dan kebutuhan grafis tinggi; Cocok untuk AI ringan dan image processing; Memiliki storage yang mendukung workflow lebih cepat,fallback,benchmark
Dell Vostro 3400 Laptop,Dell,11th Gen Core i3,8,0,1000,Intel Integrated Iris Xe,Windows,14.0,1920 x 1080,2,4,56,38499,54.52,28.12,55,50,42.03,47.36,50.42,47.14,46.02,Daily Use,Low Budget,"Cocok untuk penggunaan harian seperti browsing, mengetik, meeting online, dan tugas ringan",benchmark,benchmark
Asus ROG Flow X13 GV301RC-LJ073WS Gaming Laptop,Asus,AMD Ryzen 9 6900HS,32,1000,0,4 GB ‎NVIDIA GeForce RTX 3050,Windows,13.4,1920 x 1200,8,16,81,151990,100.0,100.0,95,90,97.75,97.25,95.25,96.75,97.5,Gaming,High Budget,Cocok untuk gaming dan kebutuhan grafis tinggi; Cocok untuk programming dan multitasking; Cocok untuk AI ringan dan image processing; Memiliki storage yang mendukung workflow lebih cepat,benchmark,benchmark
AGB Octev GA-9009 Gaming Laptop,AGB,11th Gen Core i7,16,1000,0,2 GB NVIDIA Geforce MX450,Windows,15.6,1920 x 1080,4,8,61,65000,86.0,37.49,80,90,63.87,72.97,81.05,73.17,70.85,Daily Use,Mid Budget,"Cocok untuk penggunaan harian seperti browsing, mengetik, meeting online, dan tugas ringan; Cocok untuk programming dan multitasking; Memiliki storage yang mendukung workflow lebih cepat",fallback,benchmark
Lenovo Thinkbook 14 Gen 2 20VDA0G9IH Laptop,Lenovo,11th Gen Core i5,8,512,0,Intel Iris Xe Graphics,Windows,14.0,1920 x 1080,4,8,57,83399,71.0,28.12,55,75,49.9,56.88,64.11,57.08,55.54,Daily Use,Mid Budget,"Cocok untuk penggunaan harian seperti browsing, mengetik, meeting online, dan tugas ringan; Memiliki storage yang mendukung workflow lebih cepat",fallback,benchmark
Asus ROG Flow X13 GV301RE-LJ156WS Gaming Laptop,Asus,AMD Ryzen 9 6900HS,32,1000,0,4 GB ‎NVIDIA GeForce RTX 3050 Ti,Windows,13.4,1920 x 1200,8,16,81,171990,100.0,100.0,95,90,97.75,97.25,95.25,96.75,97.5,Gaming,High Budget,Cocok untuk gaming dan kebutuhan grafis tinggi; Cocok untuk programming dan multitasking; Cocok untuk AI ringan dan image processing; Memiliki storage yang mendukung workflow lebih cepat,benchmark,benchmark
Gigabyte Aorus 5 SE4 Gaming Laptop,Gigabyte,12th Gen Core i7,16,512,0,8 GB NVIDIA GeForce RTX 3070,Windows,15.6,2560 x 1440,14,20,75,144990,100.0,100.0,80,75,93.25,91.25,86.25,90.0,92.25,Gaming,High Budget,Cocok untuk gaming dan kebutuhan grafis tinggi; Cocok untuk programming dan multitasking; Cocok untuk AI ringan dan image processing; Memiliki storage yang mendukung workflow lebih cepat,benchmark,benchmark
HP Victus 15-fb0052AX Gaming Laptop,HP,AMD Ryzen 7 5800H,8,512,0,4 GB NVIDIA GeForce RTX 3050,Windows,15.6,1920 x 1080,8,16,74,78650,91.22,100.0,55,75,87.3,81.93,77.37,81.12,84.18,Gaming,Mid Budget,Cocok untuk gaming dan kebutuhan grafis tinggi; Cocok untuk AI ringan dan image processing; Memiliki storage yang mendukung workflow lebih cepat,benchmark,benchmark
Lenovo Ideapad Flex 5 14IAU7 82R7006EIN Laptop,Lenovo,12th Gen Core i3,8,512,0,Intel Integrated UHD,Windows,14.0,1920 x 1080,6,8,61,60990,54.52,16.42,55,75,40.52,48.19,58.0,49.21,46.26,Daily Use,Mid Budget,"Cocok untuk penggunaan harian seperti browsing, mengetik, meeting online, dan tugas ringan; Memiliki storage yang mendukung workflow lebih cepat",benchmark,benchmark
Lenovo Thinkpad L13 Gen 2 20VHS07500 Laptop,Lenovo,11th Gen Core i5,16,512,0,Intel Iris Xe Graphics,Windows,14.0,1920 x 1080,4,8,66,92999,71.0,28.12,80,75,53.65,63.13,70.36,63.33,60.54,Daily Use,High Budget,"Cocok untuk penggunaan harian seperti browsing, mengetik, meeting online, dan tugas ringan; Memiliki storage yang mendukung workflow lebih cepat",fallback,benchmark
Lenovo 15ACH6 82JW00P5IN Laptop,Lenovo,Ryzen 5 5600H,16,512,0,4 GB NVIDIA GeForce GTX 1650,Windows,15.6,1920 x 1200,6,12,71,69990,73.2,77.12,80,75,76.25,76.15,75.92,76.24,76.01,Gaming,Mid Budget,Cocok untuk gaming dan kebutuhan grafis tinggi; Memiliki storage yang mendukung workflow lebih cepat,benchmark,benchmark
Lenovo IdeaPad Slim 5 15ITL05 82SE0061IN Laptop,Lenovo,11th Gen Core i5,16,512,0,Intel Iris Xe Graphics,Windows,15.6,1920 x 1080,4,8,62,63990,71.0,28.12,80,75,53.65,63.13,70.36,63.33,60.54,Daily Use,Mid Budget,"Cocok untuk penggunaan harian seperti browsing, mengetik, meeting online, dan tugas ringan; Memiliki storage yang mendukung workflow lebih cepat",fallback,benchmark
Acer Nitro 5 AN515-45 NH.QCLSI.004 Gaming Laptop,Acer,AMD Ryzen 5 5600H,8,512,0,4 GB NVIDIA GeForce RTX 3050,Windows,15.6,1920 x 1080,6,12,67,67990,73.2,100.0,55,75,82.8,75.62,71.96,75.71,77.87,Gaming,Mid Budget,Cocok untuk gaming dan kebutuhan grafis tinggi; Memiliki storage yang mendukung workflow lebih cepat,benchmark,benchmark
Gigabyte Aero 5 KE4 OLED Laptop,Gigabyte,12th Gen Core i7,16,1000,0,6 GB NVIDIA GeForce RTX 3060,Windows,15.6,1920 x 1080,14,20,79,143990,100.0,100.0,80,90,95.5,93.5,91.5,93.0,94.5,Gaming,High Budget,Cocok untuk gaming dan kebutuhan grafis tinggi; Cocok untuk programming dan multitasking; Cocok untuk AI ringan dan image processing; Memiliki storage yang mendukung workflow lebih cepat,benchmark,benchmark
Lenovo V14 G2-ITL 82KA00G8IH Laptop,Lenovo,11th Gen Core i3,4,256,0,Intel Integrated UHD,DOS,14.0,1920 x 1080,2,4,0,29500,54.52,16.42,30,60,34.52,39.69,46.5,39.96,39.01,Daily Use,Low Budget,"Cocok untuk penggunaan harian seperti browsing, mengetik, meeting online, dan tugas ringan",benchmark,benchmark
Asus ROG Strix G17 2022 G713RW-KH110WS Gaming Laptop,Asus,AMD Ryzen 9 6900HX,16,1000,0,8 GB NVIDIA GeForce RTX 3070 Ti,Windows,17.3,1920 x 1080,8,16,76,205780,100.0,100.0,80,90,95.5,93.5,91.5,93.0,94.5,Gaming,High Budget,Cocok untuk gaming dan kebutuhan grafis tinggi; Cocok untuk programming dan multitasking; Cocok untuk AI ringan dan image processing; Memiliki storage yang mendukung workflow lebih cepat,benchmark,benchmark
MSI Crosshair 15 B12UGZ-1012IN Gaming Laptop,MSI,12th Gen Core i7,16,1000,0,8 GB NVIDIA GeForce RTX 3070,Windows,15.6,2560 x 1440,14,20,81,134990,100.0,100.0,80,90,95.5,93.5,91.5,93.0,94.5,Gaming,High Budget,Cocok untuk gaming dan kebutuhan grafis tinggi; Cocok untuk programming dan multitasking; Cocok untuk AI ringan dan image processing; Memiliki storage yang mendukung workflow lebih cepat,benchmark,benchmark
MSI Crosshair 15 B12UEZ-897IN Gaming Laptop,MSI,12th Gen Core i7,16,512,0,6 GB NVIDIA GeForce RTX 3060,Windows,15.6,1920 x 1080,14,20,76,104990,100.0,100.0,80,75,93.25,91.25,86.25,90.0,92.25,Gaming,High Budget,Cocok untuk gaming dan kebutuhan grafis tinggi; Cocok untuk programming dan multitasking; Cocok untuk AI ringan dan image processing; Memiliki storage yang mendukung workflow lebih cepat,benchmark,benchmark
Lenovo V15 Gen 2 Laptop,Lenovo,11th Gen Core i3,8,512,0,Intel Integrated UHD,Windows,15.0,1920 x 1080,2,4,54,40871,54.52,16.42,55,75,40.52,48.19,58.0,49.21,46.26,Daily Use,Low Budget,"Cocok untuk penggunaan harian seperti browsing, mengetik, meeting online, dan tugas ringan; Memiliki storage yang mendukung workflow lebih cepat",benchmark,benchmark
Lenovo V15 82KDA01DIH Laptop,Lenovo,AMD Ryzen 3 5300U,8,256,0,AMD Radeon Graphics,Windows,15.6,1920 x 1080,4,8,62,39999,43.04,73.06,55,60,60.89,56.08,54.97,56.93,56.98,Gaming,Low Budget,Cocok untuk gaming dan kebutuhan grafis tinggi,benchmark,benchmark
Acer Spin 3 SP314-55N Laptop,Acer,12th Gen Core i5,16,512,0,Intel Irix Xe Graphics,Windows,14.0,1920 x 1080,10,12,59,84990,99.91,9.99,80,75,52.72,68.72,77.22,67.47,65.22,Daily Use,Mid Budget,"Cocok untuk penggunaan harian seperti browsing, mengetik, meeting online, dan tugas ringan; Cocok untuk programming dan multitasking; Memiliki storage yang mendukung workflow lebih cepat",benchmark,benchmark
Lenovo Legion 5 82JU00SYIN Laptop,Lenovo,AMD Ryzen 7 5800H,16,1000,0,6 GB NVIDIA GeForce RTX 3060,Windows,16.0,2560 x 1600,8,16,79,129994,91.22,100.0,80,90,93.3,90.43,88.87,90.37,91.43,Gaming,High Budget,Cocok untuk gaming dan kebutuhan grafis tinggi; Cocok untuk programming dan multitasking; Cocok untuk AI ringan dan image processing; Memiliki storage yang mendukung workflow lebih cepat,benchmark,benchmark
Lenovo ThinkPad T14 20W0S1C800 Laptop,Lenovo,11th Gen Core i7,16,512,0,Intel Iris Xe Graphics,Windows,14.0,1920 x 1080,4,8,67,142000,86.0,28.12,80,75,57.4,68.38,74.86,67.83,65.79,Daily Use,High Budget,"Cocok untuk penggunaan harian seperti browsing, mengetik, meeting online, dan tugas ringan; Cocok untuk programming dan multitasking; Memiliki storage yang mendukung workflow lebih cepat",fallback,benchmark
MSI Raider GE77HX 12UHS-205IN Gaming Laptop,MSI,12th Gen Core i9,32,2000,0,16 GB NVIDIA GeForce RTX 3080 Ti,Windows,17.3,3840 x 2160,16,24,86,299990,100.0,100.0,95,100,99.25,98.75,98.75,98.75,99.0,Gaming,High Budget,Cocok untuk gaming dan kebutuhan grafis tinggi; Cocok untuk programming dan multitasking; Cocok untuk AI ringan dan image processing; Memiliki storage yang mendukung workflow lebih cepat,benchmark,benchmark
MSI Vector GP76 12UGSO-868IN Gaming Laptop,MSI,12th Gen Core i7,16,1000,0,8 GB NVIDIA GeForce RTX 3070 Ti,Windows,17.3,1920 x 1080,14,20,82,170990,100.0,100.0,80,90,95.5,93.5,91.5,93.0,94.5,Gaming,High Budget,Cocok untuk gaming dan kebutuhan grafis tinggi; Cocok untuk programming dan multitasking; Cocok untuk AI ringan dan image processing; Memiliki storage yang mendukung workflow lebih cepat,benchmark,benchmark
MSI Creator M16 A12UD-633IN Laptop,MSI,12th Gen Core i7,16,512,0,4 GB NVIDIA GeForce RTX 3050 Ti,Windows,16.0,2560 x 1660,14,20,79,99990,100.0,100.0,80,75,93.25,91.25,86.25,90.0,92.25,Gaming,High Budget,Cocok untuk gaming dan kebutuhan grafis tinggi; Cocok untuk programming dan multitasking; Cocok untuk AI ringan dan image processing; Memiliki storage yang mendukung workflow lebih cepat,benchmark,benchmark
MSI Alpha 15 B5EEK-235IN Laptop,MSI,Ryzen 7 5800H ,8,512,0,8 GB AMD Radeon RX 6600M,Windows,15.6,1920 x 1080,8,16,75,79990,91.22,89.67,55,75,82.66,79.34,76.33,78.53,81.08,Gaming,Mid Budget,Cocok untuk gaming dan kebutuhan grafis tinggi; Cocok untuk AI ringan dan image processing; Memiliki storage yang mendukung workflow lebih cepat,benchmark,benchmark
MSI Creator Pro M16 A12UIS-634IN Gaming Laptop,MSI,12th Gen Core i7,16,1000,0,4 GB NVIDIA GeForce RTX A1000,Windows,16.0,2560 x 1660,14,20,80,109990,100.0,100.0,80,90,95.5,93.5,91.5,93.0,94.5,Gaming,High Budget,Cocok untuk gaming dan kebutuhan grafis tinggi; Cocok untuk programming dan multitasking; Cocok untuk AI ringan dan image processing; Memiliki storage yang mendukung workflow lebih cepat,benchmark,benchmark
MSI Thin GF63 11SC-1046IN Gaming Laptop,MSI,11th Gen Core i5,8,512,0,4 GB NVIDIA GeForce GTX 1650 Max-Q,Windows,15.6,1920 x 1080,6,12,69,54490,71.0,77.12,55,75,71.95,69.13,69.01,69.33,70.24,Gaming,Low Budget,Cocok untuk gaming dan kebutuhan grafis tinggi; Memiliki storage yang mendukung workflow lebih cepat,fallback,benchmark
Asus ROG Strix Scar 17 SE G733CX-LL012WS Gaming Laptop,Asus,12th Gen Core i9,32,4000,0,16 GB NVIDIA GeForce RTX 3080Ti,Windows,17.3,2560 x 1440,16,24,86,479990,100.0,100.0,95,100,99.25,98.75,98.75,98.75,99.0,Gaming,High Budget,Cocok untuk gaming dan kebutuhan grafis tinggi; Cocok untuk programming dan multitasking; Cocok untuk AI ringan dan image processing; Memiliki storage yang mendukung workflow lebih cepat,benchmark,benchmark
Asus VivoBook 14 X415JA-EK324WS Laptop,Asus,10th Gen Core i3,8,512,0,Intel UHD Graphics,Windows,14.0,1920 x 1080,2,4,50,32749,54.52,16.42,55,75,40.52,48.19,58.0,49.21,46.26,Daily Use,Low Budget,"Cocok untuk penggunaan harian seperti browsing, mengetik, meeting online, dan tugas ringan; Memiliki storage yang mendukung workflow lebih cepat",benchmark,benchmark
Chuwi HeroBook Pro Laptop,Chuwi,Intel Celeron N4020,8,256,0,Intel HD Graphics,Windows,14.1,1366 x 768,2,2,48,23990,7.3,9.99,55,60,23.57,27.8,37.94,30.44,25.55,Daily Use,Low Budget,"Cocok untuk penggunaan harian seperti browsing, mengetik, meeting online, dan tugas ringan",benchmark,benchmark
MSI Gaming Katana GF66 12UE-262IN Laptop,MSI,12th Gen Core i7,16,1000,0,6 GB Nvidia GeForce RTX 3060,Windows,15.6,1920 x 1080,14,20,75,144834,100.0,100.0,80,90,95.5,93.5,91.5,93.0,94.5,Gaming,High Budget,Cocok untuk gaming dan kebutuhan grafis tinggi; Cocok untuk programming dan multitasking; Cocok untuk AI ringan dan image processing; Memiliki storage yang mendukung workflow lebih cepat,benchmark,benchmark
Asus ROG Strix Scar 15 G533ZXZ-LN116WS Gaming Laptop,Asus,12th Gen Core i9,32,1000,0,16 GB NVIDIA GeForce RTX 3080 Ti,Windows,15.6,2560 x 1440,14,20,87,281990,100.0,100.0,95,90,97.75,97.25,95.25,96.75,97.5,Gaming,High Budget,Cocok untuk gaming dan kebutuhan grafis tinggi; Cocok untuk programming dan multitasking; Cocok untuk AI ringan dan image processing; Memiliki storage yang mendukung workflow lebih cepat,benchmark,benchmark
MSI Katana GF76 11UE-485IN Laptop,MSI,11th Gen Core i7,16,512,0,6 GB Nvidia RTX 3060,Windows,17.32,1920 x 1080,8,16,72,92900,86.0,78.0,80,75,79.85,80.85,79.85,80.3,80.75,Gaming,High Budget,Cocok untuk gaming dan kebutuhan grafis tinggi; Cocok untuk programming dan multitasking; Cocok untuk AI ringan dan image processing; Memiliki storage yang mendukung workflow lebih cepat,fallback,fallback
MSI Delta 15 A5EFK-201IN Gaming Laptop,MSI,AMD Ryzen 7 5800H,16,1000,0,10 GB AMD Radeon RX 6700M,Windows,15.6,1920 x 1080,8,16,79,100990,91.22,100.0,80,90,93.3,90.43,88.87,90.37,91.43,Gaming,High Budget,Cocok untuk gaming dan kebutuhan grafis tinggi; Cocok untuk programming dan multitasking; Cocok untuk AI ringan dan image processing; Memiliki storage yang mendukung workflow lebih cepat,benchmark,benchmark
Asus VivoBook K15 OLED K513EA-L503WS Laptop,Asus,11th Gen Core i5,16,256,1000,Intel Integrated Iris Xe,Windows,15.6,1920 x 1080,4,8,66,67000,71.0,28.12,80,65,52.15,61.63,66.86,61.33,59.04,Daily Use,Mid Budget,"Cocok untuk penggunaan harian seperti browsing, mengetik, meeting online, dan tugas ringan",fallback,benchmark
Asus VivoBook Pro 15 OLED K6500ZC-L502WS Laptop,Asus,12th Gen Core i5,16,512,0,4 GB NVIDIA GeForce RTX 3050,Windows,15.6,1920 x 1080,8,12,73,89990,99.91,100.0,80,75,93.23,91.22,86.22,89.97,92.22,Gaming,High Budget,Cocok untuk gaming dan kebutuhan grafis tinggi; Cocok untuk programming dan multitasking; Cocok untuk AI ringan dan image processing; Memiliki storage yang mendukung workflow lebih cepat,benchmark,benchmark
Lenovo IdeaPad Slim 5 82SF004XIN Laptop,Lenovo,12th Gen Core i7,16,512,0,Intel Iris Xe Graphics,Windows,15.6,1920 x 1080,10,12,67,82990,100.0,28.12,80,75,60.9,73.28,79.06,72.03,70.69,Daily Use,Mid Budget,"Cocok untuk penggunaan harian seperti browsing, mengetik, meeting online, dan tugas ringan; Cocok untuk programming dan multitasking; Memiliki storage yang mendukung workflow lebih cepat",benchmark,benchmark
Lenovo V15 G2 82KDA00UIH Laptop,Lenovo,Ryzen 3 5300U,4,512,0,AMD Radeon Graphic,DOS,15.6,1920 x 1080,4,8,53,33250,43.04,3.1,30,75,27.9,34.59,46.97,36.19,33.24,Daily Use,Low Budget,"Cocok untuk penggunaan harian seperti browsing, mengetik, meeting online, dan tugas ringan; Memiliki storage yang mendukung workflow lebih cepat",benchmark,benchmark
Lenovo IdeaPad 3 15ITL6 82H802KYIN Laptop,Lenovo,11th Gen Core i5,8,512,0,Intel Integrated Iris Xe,Windows,15.6,1920 x 1080,4,8,56,53490,71.0,28.12,55,75,49.9,56.88,64.11,57.08,55.54,Daily Use,Low Budget,"Cocok untuk penggunaan harian seperti browsing, mengetik, meeting online, dan tugas ringan; Memiliki storage yang mendukung workflow lebih cepat",fallback,benchmark
Lenovo ThinkBook 14 20VDA0THIH Laptop,Lenovo,11th Gen Core i5,8,512,0,Intel Iris Xe Graphics,Windows,14.0,1920 x 1080,4,8,62,77500,71.0,28.12,55,75,49.9,56.88,64.11,57.08,55.54,Daily Use,Mid Budget,"Cocok untuk penggunaan harian seperti browsing, mengetik, meeting online, dan tugas ringan; Memiliki storage yang mendukung workflow lebih cepat",fallback,benchmark
Asus Vivobook S14 Flip 2022 TN3402QA-LZ501WS Laptop,Asus,AMD Ryzen 5-5600H,16,512,0,AMD Radeon Graphics,Windows,14.0,1920 x 1200,6,12,56,68200,73.2,73.06,80,75,74.43,75.14,75.52,75.22,74.79,Gaming,Mid Budget,Cocok untuk gaming dan kebutuhan grafis tinggi; Memiliki storage yang mendukung workflow lebih cepat,benchmark,benchmark
Lenovo Legion 5 15ACH6 82JU018YIN Gaming Laptop,Lenovo,Ryzen 7 5800H,16,512,0,6 GB NVIDIA GeForce RTX 3060,Windows,15.6,1920 x 1080,8,16,75,117900,91.22,100.0,80,75,91.06,88.18,83.62,87.37,89.18,Gaming,High Budget,Cocok untuk gaming dan kebutuhan grafis tinggi; Cocok untuk programming dan multitasking; Cocok untuk AI ringan dan image processing; Memiliki storage yang mendukung workflow lebih cepat,benchmark,benchmark
Asus EeeBook E410KA-BV101WS Laptop,Asus,Pentium N6000,8,256,0,Intel Integrated UHD,Windows,14.1,1366 x 768,4,4,48,28990,13.24,16.42,55,60,27.95,31.49,40.36,33.83,29.56,Daily Use,Low Budget,"Cocok untuk penggunaan harian seperti browsing, mengetik, meeting online, dan tugas ringan",benchmark,benchmark
Lenovo V14-IGL Laptop,Lenovo,Celeron N4020,4,0,1000,Intel Integrated UHD,Windows,14.0,1920 x 1080,2,2,48,22999,7.3,16.42,30,50,21.21,21.66,28.83,23.8,20.98,Daily Use,Low Budget,"Cocok untuk penggunaan harian seperti browsing, mengetik, meeting online, dan tugas ringan",benchmark,benchmark
Acer Nitro 5 AN515-45 Gaming Laptop,Acer,AMD Ryzen 5 5600H,8,512,0,4 GB NVIDIA GeForce GTX 1650,Windows,15.6,1920 x 1080,6,12,69,59990,73.2,77.12,55,75,72.5,69.9,69.67,69.99,71.01,Gaming,Mid Budget,Cocok untuk gaming dan kebutuhan grafis tinggi; Memiliki storage yang mendukung workflow lebih cepat,benchmark,benchmark
HP 14s-dy2508TU Laptop,HP,11th Gen Core i3,8,512,0,Intel Integrated UHD,Windows,14.0,1920 x 1080,2,4,54,39990,54.52,16.42,55,75,40.52,48.19,58.0,49.21,46.26,Daily Use,Low Budget,"Cocok untuk penggunaan harian seperti browsing, mengetik, meeting online, dan tugas ringan; Memiliki storage yang mendukung workflow lebih cepat",benchmark,benchmark
Asus VivoBook Ultra K14 K413EA-EB523WS Laptop,Asus,11th Gen Core i5,16,512,0,Intel Integrated Iris Xe,Windows,14.0,1920 x 1080,4,8,61,60990,71.0,28.12,80,75,53.65,63.13,70.36,63.33,60.54,Daily Use,Mid Budget,"Cocok untuk penggunaan harian seperti browsing, mengetik, meeting online, dan tugas ringan; Memiliki storage yang mendukung workflow lebih cepat",fallback,benchmark
Xiaomi Notebook Pro 120G Laptop,Xiaomi,12th Gen Core i5,16,512,0,2 GB Nvidia MX550 Graphics,Windows,14.0,2560 x 1600,8,12,73,76490,99.91,45.0,80,75,68.48,77.47,80.72,76.22,75.72,Editing,Mid Budget,"Cocok untuk editing video, desain grafis, dan rendering ringan; Cocok untuk programming dan multitasking; Memiliki storage yang mendukung workflow lebih cepat",benchmark,fallback
Asus VivoBook Pro 15 OLED K6500ZE-L501WS Laptop,Asus,12th Gen Core i5,16,512,0,4 GB NVIDIA GeForce RTX 3050Ti,Windows,15.6,1920 x 1080,8,12,69,92772,99.91,100.0,80,75,93.23,91.22,86.22,89.97,92.22,Gaming,High Budget,Cocok untuk gaming dan kebutuhan grafis tinggi; Cocok untuk programming dan multitasking; Cocok untuk AI ringan dan image processing; Memiliki storage yang mendukung workflow lebih cepat,benchmark,benchmark
Dell Inspiron 7420 D560828WIN9S Laptop,Dell,12th Gen Core i5,16,512,0,Intel Iris Xe Graphics,Windows,14.0,1920 x 1200,10,12,56,80490,99.91,28.12,80,75,60.88,73.25,79.04,72.0,70.65,Daily Use,Mid Budget,"Cocok untuk penggunaan harian seperti browsing, mengetik, meeting online, dan tugas ringan; Cocok untuk programming dan multitasking; Memiliki storage yang mendukung workflow lebih cepat",benchmark,benchmark
HP Spectre x360 13-ef0057TU Laptop,HP,12th Gen Core i5,16,512,0,Intel Iris X Graphics,Windows,13.5,1920 x 1280,10,12,69,108990,99.91,14.92,80,75,54.94,69.95,77.72,68.7,66.69,Daily Use,High Budget,"Cocok untuk penggunaan harian seperti browsing, mengetik, meeting online, dan tugas ringan; Cocok untuk programming dan multitasking; Memiliki storage yang mendukung workflow lebih cepat",benchmark,benchmark
Dell G15-5521 SE D560738WIN9B Laptop,Dell,12th Gen Core i7,16,1000,0,6 GB NVIDIA GeForce RTX 3060,Windows,15.6,2560 x 1440,14,20,85,137490,100.0,100.0,80,90,95.5,93.5,91.5,93.0,94.5,Gaming,High Budget,Cocok untuk gaming dan kebutuhan grafis tinggi; Cocok untuk programming dan multitasking; Cocok untuk AI ringan dan image processing; Memiliki storage yang mendukung workflow lebih cepat,benchmark,benchmark
Gigabyte Aorus 15 XE5 Gaming Laptop,Gigabyte,12th Gen Core i7,16,1000,0,8 GB NVIDIA GeForce RTX 3070Ti,Windows,15.6,2560 x 1440,14,20,82,184900,100.0,100.0,80,90,95.5,93.5,91.5,93.0,94.5,Gaming,High Budget,Cocok untuk gaming dan kebutuhan grafis tinggi; Cocok untuk programming dan multitasking; Cocok untuk AI ringan dan image processing; Memiliki storage yang mendukung workflow lebih cepat,benchmark,benchmark
HP Spectre x360 16-f1009TX Laptop,HP,12th Gen Core i7,16,1000,0,4 GB Intel Arc A370M 4GB VRAM Graphics,Windows,16.0,3840 x 2400,12,16,74,176990,100.0,9.99,80,90,55.0,71.0,82.5,70.5,67.5,Daily Use,High Budget,"Cocok untuk penggunaan harian seperti browsing, mengetik, meeting online, dan tugas ringan; Cocok untuk programming dan multitasking; Memiliki storage yang mendukung workflow lebih cepat",benchmark,benchmark
Asus ROG Strix G17 G713RM-KH168W Gaming Laptop,Asus,AMD Ryzen 7 6800H,16,1000,0,6 GB NVIDIA GeForce RTX 3060,Windows,17.3,1920 x 1080,8,16,67,129990,99.56,100.0,80,90,95.39,93.35,91.37,92.87,94.35,Gaming,High Budget,Cocok untuk gaming dan kebutuhan grafis tinggi; Cocok untuk programming dan multitasking; Cocok untuk AI ringan dan image processing; Memiliki storage yang mendukung workflow lebih cepat,benchmark,benchmark
HP Spectre x360 13-ef0052TU OLED Laptop,HP,12th Gen Core i5,8,512,0,Intel Iris Xe Graphics,Windows,13.5,3000 x 2000,10,12,67,110480,99.91,28.12,55,75,57.13,67.0,72.78,65.75,65.65,Daily Use,High Budget,"Cocok untuk penggunaan harian seperti browsing, mengetik, meeting online, dan tugas ringan; Memiliki storage yang mendukung workflow lebih cepat",benchmark,benchmark
Gigabyte Aorus 15 XE4 Gaming Laptop,Gigabyte,12th Gen Core i7,16,1000,0,8 GB NVIDIA GeForce RTX 3070Ti,Windows,15.6,2560 x 1440,14,20,82,179990,100.0,100.0,80,90,95.5,93.5,91.5,93.0,94.5,Gaming,High Budget,Cocok untuk gaming dan kebutuhan grafis tinggi; Cocok untuk programming dan multitasking; Cocok untuk AI ringan dan image processing; Memiliki storage yang mendukung workflow lebih cepat,benchmark,benchmark
Asus ROG Strix Scar 17 SE G733CX-LL013WS Gaming Laptop,Asus,12th Gen Core i9,32,2000,0,16 GB NVIDIA GeForce RTX 3080 Ti,Windows,17.3,2560 x 1440,16,24,86,359990,100.0,100.0,95,100,99.25,98.75,98.75,98.75,99.0,Gaming,High Budget,Cocok untuk gaming dan kebutuhan grafis tinggi; Cocok untuk programming dan multitasking; Cocok untuk AI ringan dan image processing; Memiliki storage yang mendukung workflow lebih cepat,benchmark,benchmark
HP 255 G8 R3 Laptop,HP,AMD Ryzen 3,8,0,1000,Missing,Windows,15.6,1920 x 1080,4,0,44,36600,59.62,35.0,55,50,46.4,50.87,52.64,50.39,49.87,Daily Use,Low Budget,"Cocok untuk penggunaan harian seperti browsing, mengetik, meeting online, dan tugas ringan",benchmark,fallback
HP Victus 15-fb0053AX Gaming Laptop,HP,Ryzen 7-5800H,16,512,0,4 GB NVIDIA GeForce RTX 3050,Windows,16.1,1920 x 1080,8,16,71,83099,91.22,100.0,80,75,91.06,88.18,83.62,87.37,89.18,Gaming,Mid Budget,Cocok untuk gaming dan kebutuhan grafis tinggi; Cocok untuk programming dan multitasking; Cocok untuk AI ringan dan image processing; Memiliki storage yang mendukung workflow lebih cepat,benchmark,benchmark
Acer Nitro AN515-57 Gaming Laptop,Acer,11th Gen Core i7,16,512,0,4 GB NVIDIA GeForce RTX 3050 Ti,Windows,15.6,1920 x 1080,8,16,73,82990,86.0,100.0,80,75,89.75,86.35,82.05,85.8,87.35,Gaming,Mid Budget,Cocok untuk gaming dan kebutuhan grafis tinggi; Cocok untuk programming dan multitasking; Cocok untuk AI ringan dan image processing; Memiliki storage yang mendukung workflow lebih cepat,fallback,benchmark
Acer Nitro 5 AN515-58 Gaming Laptop,Acer,12th Gen Core i5,16,512,0,4 GB NVIDIA GeForce RTX 3050,Windows,15.6,1920 x 1080,8,16,72,82990,99.91,100.0,80,75,93.23,91.22,86.22,89.97,92.22,Gaming,Mid Budget,Cocok untuk gaming dan kebutuhan grafis tinggi; Cocok untuk programming dan multitasking; Cocok untuk AI ringan dan image processing; Memiliki storage yang mendukung workflow lebih cepat,benchmark,benchmark
Acer Nitro AN515-57 UN.QEHSI.003 Gaming Laptop,Acer,Intel Core i5,16,512,0,4 GB NVIDIA GeForce GTX 1650,Windows,15.6,1920 x 1080,6,12,67,62990,100.0,77.12,80,75,82.95,85.53,83.96,84.28,85.39,Gaming,Mid Budget,Cocok untuk gaming dan kebutuhan grafis tinggi; Cocok untuk programming dan multitasking; Cocok untuk AI ringan dan image processing; Memiliki storage yang mendukung workflow lebih cepat,benchmark,benchmark
Asus Vivobook 15 2022 X1502ZA-EZ511WS Laptop,Asus,12th Gen Core i5,16,512,0,Intel Iris Xe,Windows,15.6,1920 x 1080,12,16,66,64980,99.91,28.12,80,75,60.88,73.25,79.04,72.0,70.65,Daily Use,Mid Budget,"Cocok untuk penggunaan harian seperti browsing, mengetik, meeting online, dan tugas ringan; Cocok untuk programming dan multitasking; Memiliki storage yang mendukung workflow lebih cepat",benchmark,benchmark
Asus ROG Zephyrus G15 2022 GA503RM-HQ030WS Gaming Laptop,Asus,AMD Ryzen 9 6900HS,16,1000,0,6 GB NVIDIA GeForce RTX 3060,Windows,15.6,2560 x 1440,8,16,84,161990,100.0,100.0,80,90,95.5,93.5,91.5,93.0,94.5,Gaming,High Budget,Cocok untuk gaming dan kebutuhan grafis tinggi; Cocok untuk programming dan multitasking; Cocok untuk AI ringan dan image processing; Memiliki storage yang mendukung workflow lebih cepat,benchmark,benchmark
Asus Zenbook Flip 14 OLED UP5401ZA-KN711WS Laptop,Asus,12th Gen Core i7,16,1000,0,Intel Integrated Iris Xe,Windows,14.0,2880 x 1800,14,20,78,146490,100.0,28.12,80,90,63.15,75.53,84.31,75.03,72.94,Daily Use,High Budget,"Cocok untuk penggunaan harian seperti browsing, mengetik, meeting online, dan tugas ringan; Cocok untuk programming dan multitasking; Memiliki storage yang mendukung workflow lebih cepat",benchmark,benchmark
Asus ProArt StudioBook Pro 16 H7600ZM-L901WS Laptop,Asus,12th Gen Core i9,16,1000,0,6 GB NVIDIA GeForce RTX 3060,Windows,16.0,3840 x 2400,14,20,87,217490,100.0,100.0,80,90,95.5,93.5,91.5,93.0,94.5,Gaming,High Budget,Cocok untuk gaming dan kebutuhan grafis tinggi; Cocok untuk programming dan multitasking; Cocok untuk AI ringan dan image processing; Memiliki storage yang mendukung workflow lebih cepat,benchmark,benchmark
Asus ROG Zephyrus G15 GA503RM-LN095WS Gaming Laptop,Asus,AMD Ryzen 9 6900HS,16,1000,0,6 GB NVIDIA GeForce RTX 3060,Windows,15.6,2560 x 1440,8,16,82,164990,100.0,100.0,80,90,95.5,93.5,91.5,93.0,94.5,Gaming,High Budget,Cocok untuk gaming dan kebutuhan grafis tinggi; Cocok untuk programming dan multitasking; Cocok untuk AI ringan dan image processing; Memiliki storage yang mendukung workflow lebih cepat,benchmark,benchmark
Asus ProArt StudioBook Pro 16 H7600ZW-L711WS Laptop,Asus,12th Gen Core i7,32,1000,0,8 GB NVIDIA GeForce RTX 3070 Ti,Windows,16.0,3840 x 2400,14,20,91,238121,100.0,100.0,95,90,97.75,97.25,95.25,96.75,97.5,Gaming,High Budget,Cocok untuk gaming dan kebutuhan grafis tinggi; Cocok untuk programming dan multitasking; Cocok untuk AI ringan dan image processing; Memiliki storage yang mendukung workflow lebih cepat,benchmark,benchmark
MSI Stealth GS77 12UGS Gaming Laptop,MSI,12th Gen Core i7,32,2000,0,8 GB NVIDIA GeForce RTX 3070Ti,Windows,17.3,2560 x 1440,14,20,93,308990,100.0,100.0,95,100,99.25,98.75,98.75,98.75,99.0,Gaming,High Budget,Cocok untuk gaming dan kebutuhan grafis tinggi; Cocok untuk programming dan multitasking; Cocok untuk AI ringan dan image processing; Memiliki storage yang mendukung workflow lebih cepat,benchmark,benchmark
Asus ProArt StudioBook Pro 16 OLED H7600ZW-L911W Laptop,Asus,12th Gen Core i9,32,1000,0,8 GB NVIDIA GeForce RTX 3070,Windows,16.0,3840 x 2400,14,20,94,249990,100.0,100.0,95,90,97.75,97.25,95.25,96.75,97.5,Gaming,High Budget,Cocok untuk gaming dan kebutuhan grafis tinggi; Cocok untuk programming dan multitasking; Cocok untuk AI ringan dan image processing; Memiliki storage yang mendukung workflow lebih cepat,benchmark,benchmark
Gigabyte Aorus 5 KE4 Gaming Laptop,Gigabyte,12th Gen Core i7,16,1000,0,6 GB NVIDIA GeForce RTX 3060,Windows,15.6,1920 x 1080,14,20,80,185000,100.0,100.0,80,90,95.5,93.5,91.5,93.0,94.5,Gaming,High Budget,Cocok untuk gaming dan kebutuhan grafis tinggi; Cocok untuk programming dan multitasking; Cocok untuk AI ringan dan image processing; Memiliki storage yang mendukung workflow lebih cepat,benchmark,benchmark
Dell Latitude 3420 Laptop,Dell,11th Gen Core i3,4,256,0,Intel UHD Graphics,Ubuntu,14.0,1366 x 768,2,4,51,34800,54.52,16.42,30,60,34.52,39.69,46.5,39.96,39.01,Daily Use,Low Budget,"Cocok untuk penggunaan harian seperti browsing, mengetik, meeting online, dan tugas ringan",benchmark,benchmark
Dell Latitude 3420 Laptop,Dell,11th Gen Core i3,4,256,1000,Intel UHD Graphics,Ubuntu,14.0,1366 x 768,2,4,55,41500,54.52,16.42,30,65,35.27,40.44,48.25,40.96,39.76,Daily Use,Low Budget,"Cocok untuk penggunaan harian seperti browsing, mengetik, meeting online, dan tugas ringan",benchmark,benchmark
HP 250 G8 64Q91PA Laptop,HP,11th Gen Core i5,8,0,1000,Intel Integrated,Windows,15.6,1366 x 768,4,8,50,64000,71.0,1.06,55,50,33.98,46.36,52.66,45.32,43.67,Daily Use,Mid Budget,"Cocok untuk penggunaan harian seperti browsing, mengetik, meeting online, dan tugas ringan",fallback,benchmark
Dell Latitude 3420 Laptop,Dell,11th Gen Core i3,4,512,0,Intel UHD Graphics,Ubuntu,14.0,1366 x 768,2,4,53,42000,54.52,16.42,30,75,36.77,41.94,51.75,42.96,41.26,Daily Use,Low Budget,"Cocok untuk penggunaan harian seperti browsing, mengetik, meeting online, dan tugas ringan; Memiliki storage yang mendukung workflow lebih cepat",benchmark,benchmark
Lenovo IdeaPad Gaming 3 15ACH6 82K201Y8IN Laptop,Lenovo,AMD Ryzen 7-5800H,8,512,0,4 GB NVIDIA GeForce RTX 3050,Windows,15.6,1920 x 1080,8,16,72,73590,91.22,100.0,55,75,87.3,81.93,77.37,81.12,84.18,Gaming,Mid Budget,Cocok untuk gaming dan kebutuhan grafis tinggi; Cocok untuk AI ringan dan image processing; Memiliki storage yang mendukung workflow lebih cepat,benchmark,benchmark
Acer Aspire 3 A314-35 UN.K0SSI.033 Laptop,Acer, Pentium Silver N6000,8,256,0,Intel Integrated UHD Graphics,Windows,14.0,1366 x 768,4,4,48,24990,13.24,16.42,55,60,27.95,31.49,40.36,33.83,29.56,Daily Use,Low Budget,"Cocok untuk penggunaan harian seperti browsing, mengetik, meeting online, dan tugas ringan",benchmark,benchmark
Asus VivoBook 15 X515JA-EJ552WS Laptop,Asus,10th Gen Core i5,8,512,0,Intel Integrated UHD,Windows,15.6,1920 x 1080,4,8,59,50000,99.91,16.42,55,75,51.87,64.07,71.61,62.83,62.14,Daily Use,Low Budget,"Cocok untuk penggunaan harian seperti browsing, mengetik, meeting online, dan tugas ringan; Memiliki storage yang mendukung workflow lebih cepat",benchmark,benchmark
MSI Vector GP66 12UGSO-623IN Gaming Laptop,MSI,12th Gen Core i7,16,1000,0,8 GB NVIDIA GeForce RTX 3070Ti,Windows,15.6,2560 x 1440,14,20,87,212990,100.0,100.0,80,90,95.5,93.5,91.5,93.0,94.5,Gaming,High Budget,Cocok untuk gaming dan kebutuhan grafis tinggi; Cocok untuk programming dan multitasking; Cocok untuk AI ringan dan image processing; Memiliki storage yang mendukung workflow lebih cepat,benchmark,benchmark
Acer Aspire 3 A314-35 UN.K0SSI.030 Laptop,Acer, Pentium Silver N6000,4,256,0,Intel Integrated UHD Graphics,Windows,14.0,1366 x 768,4,4,47,22990,13.24,16.42,30,60,24.2,25.24,34.11,27.58,24.56,Daily Use,Low Budget,"Cocok untuk penggunaan harian seperti browsing, mengetik, meeting online, dan tugas ringan",benchmark,benchmark
MSI Vector GP66 GP76-12UGSO Gaming Laptop,MSI,12th Gen Core i7,16,1000,0,8 GB NVIDIA GeForce RTX 3070Ti,Windows,17.3,1920 x 1080,14,20,86,205000,100.0,100.0,80,90,95.5,93.5,91.5,93.0,94.5,Gaming,High Budget,Cocok untuk gaming dan kebutuhan grafis tinggi; Cocok untuk programming dan multitasking; Cocok untuk AI ringan dan image processing; Memiliki storage yang mendukung workflow lebih cepat,benchmark,benchmark
Asus ZenBook Pro Duo 14 OLED UX8402ZA-LM711WS Laptop,Asus,12th Gen Core i7,16,1000,0,Intel Integrated Iris Xe,Windows,14.5,2880 x 1800,14,20,76,149990,100.0,28.12,80,90,63.15,75.53,84.31,75.03,72.94,Daily Use,High Budget,"Cocok untuk penggunaan harian seperti browsing, mengetik, meeting online, dan tugas ringan; Cocok untuk programming dan multitasking; Memiliki storage yang mendukung workflow lebih cepat",benchmark,benchmark
Asus ZenBook Pro Duo 14 OLED UX8402ZE-LM921WS Laptop,Asus,12th Gen Core i9,32,1000,0,4 GB NVIDIA GeForce RTX 3050 Ti,Windows,14.5,2880 x 1800,14,20,85,179990,100.0,100.0,95,90,97.75,97.25,95.25,96.75,97.5,Gaming,High Budget,Cocok untuk gaming dan kebutuhan grafis tinggi; Cocok untuk programming dan multitasking; Cocok untuk AI ringan dan image processing; Memiliki storage yang mendukung workflow lebih cepat,benchmark,benchmark
Asus ZenBook Pro Duo 14 OLED 2022 UX8402ZA-M501WS Laptop,Asus,12th Gen Core i5,16,512,0,Intel Integrated Iris Xe,Windows,14.5,2880 x 1800,12,16,67,118299,99.91,28.12,80,75,60.88,73.25,79.04,72.0,70.65,Daily Use,High Budget,"Cocok untuk penggunaan harian seperti browsing, mengetik, meeting online, dan tugas ringan; Cocok untuk programming dan multitasking; Memiliki storage yang mendukung workflow lebih cepat",benchmark,benchmark
Dell Inspiron 3525 D560831WIN9SE Laptop,Dell,AMD Ryzen 3 3250U,8,256,0,AMD Radeon AMD,Windows,15.6,1920 x 1080,2,4,59,36680,17.49,7.39,55,60,24.95,30.72,40.74,32.84,28.34,Daily Use,Low Budget,"Cocok untuk penggunaan harian seperti browsing, mengetik, meeting online, dan tugas ringan",benchmark,benchmark
Asus TUF Gaming A15 2022 FA577RM-HF031WS Gaming Laptop,Asus,AMD Ryzen 7 6800H,16,1000,0,6 GB NVIDIA GeForce RTX 3060,Windows,15.6,1920 x 1080,8,16,81,115990,99.56,100.0,80,90,95.39,93.35,91.37,92.87,94.35,Gaming,High Budget,Cocok untuk gaming dan kebutuhan grafis tinggi; Cocok untuk programming dan multitasking; Cocok untuk AI ringan dan image processing; Memiliki storage yang mendukung workflow lebih cepat,benchmark,benchmark
Dell Alienware x15 R2 D569941WIN9 Gaming Laptop,Dell,12th Gen Core i7,32,1000,0,8 GB NVIDIA GEFORCE RTX 3070 Ti,Windows,15.6,1920 x 1080,8,20,86,280490,100.0,100.0,95,90,97.75,97.25,95.25,96.75,97.5,Gaming,High Budget,Cocok untuk gaming dan kebutuhan grafis tinggi; Cocok untuk programming dan multitasking; Cocok untuk AI ringan dan image processing; Memiliki storage yang mendukung workflow lebih cepat,benchmark,benchmark
HP Victus 15-fa0353TX Laptop,HP,12th Gen Core i7,16,512,0,4 GB NVIDIA GeForce RTX 3050,Windows,15.6,1920 x 1080,10,16,63,90990,100.0,100.0,80,75,93.25,91.25,86.25,90.0,92.25,Gaming,High Budget,Cocok untuk gaming dan kebutuhan grafis tinggi; Cocok untuk programming dan multitasking; Cocok untuk AI ringan dan image processing; Memiliki storage yang mendukung workflow lebih cepat,benchmark,benchmark
HP Spectre x360 13-ef0054TU Laptop,HP,12th Gen Core i7,16,1000,0,Intel Iris Xe Graphics,Windows,13.5,3000 x 2000,14,20,75,150480,100.0,28.12,80,90,63.15,75.53,84.31,75.03,72.94,Daily Use,High Budget,"Cocok untuk penggunaan harian seperti browsing, mengetik, meeting online, dan tugas ringan; Cocok untuk programming dan multitasking; Memiliki storage yang mendukung workflow lebih cepat",benchmark,benchmark
Lenovo IdeaPad Gaming 3 15IAH7 82S900RAIN Laptop,Lenovo,12th Gen Core i5,16,512,0,4 GB NVIDIA GeForce RTX 3050,Windows,15.6,1920 x 1080,8,12,74,89990,99.91,100.0,80,75,93.23,91.22,86.22,89.97,92.22,Gaming,High Budget,Cocok untuk gaming dan kebutuhan grafis tinggi; Cocok untuk programming dan multitasking; Cocok untuk AI ringan dan image processing; Memiliki storage yang mendukung workflow lebih cepat,benchmark,benchmark
Lenovo IdeaPad Gaming 3 82K201YCIN Laptop,Lenovo,AMD Ryzen 5-5600H,8,512,0,4 GB NVIDIA GeForce GTX 1650,Windows,15.6,1920 x 1080,6,12,71,66489,73.2,77.12,55,75,72.5,69.9,69.67,69.99,71.01,Gaming,Mid Budget,Cocok untuk gaming dan kebutuhan grafis tinggi; Memiliki storage yang mendukung workflow lebih cepat,benchmark,benchmark
Asus VivoBook 14 X415EA-EK322WS Notebook,Asus,11th Gen Core i3,8,512,0,Intel Integrated Intel UHD,Windows,14.0,1920 x 1080,2,4,57,38490,54.52,16.42,55,75,40.52,48.19,58.0,49.21,46.26,Daily Use,Low Budget,"Cocok untuk penggunaan harian seperti browsing, mengetik, meeting online, dan tugas ringan; Memiliki storage yang mendukung workflow lebih cepat",benchmark,benchmark
Acer Aspire 3 A315-23 UN.HVTSI.015 Laptop,Acer,AMD Ryzen 5 3500U,8,512,0,AMD Radeon AMD,Windows,15.6,1920 x 1080,4,8,56,38994,30.63,7.39,55,75,30.48,37.57,49.93,39.79,35.19,Daily Use,Low Budget,"Cocok untuk penggunaan harian seperti browsing, mengetik, meeting online, dan tugas ringan; Memiliki storage yang mendukung workflow lebih cepat",benchmark,benchmark
Acer Aspire 3 A315-23 UN.HVTSI.010 Laptop,Acer,AMD Ryzen 3 3250U,8,512,0,AMD Radeon AMD,Windows,15.6,1920 x 1080,2,4,56,34490,17.49,7.39,55,75,27.2,32.97,45.99,35.84,30.59,Daily Use,Low Budget,"Cocok untuk penggunaan harian seperti browsing, mengetik, meeting online, dan tugas ringan; Memiliki storage yang mendukung workflow lebih cepat",benchmark,benchmark
Asus ROG Strix G15 2022 G513RW-HQ149WS Gaming Laptop,Asus,AMD Ryzen 9 6900HX,16,1000,0,8 GB NVIDIA GeForce RTX 3070 Ti,Windows,15.6,2560 x 1440,8,16,82,174990,100.0,100.0,80,90,95.5,93.5,91.5,93.0,94.5,Gaming,High Budget,Cocok untuk gaming dan kebutuhan grafis tinggi; Cocok untuk programming dan multitasking; Cocok untuk AI ringan dan image processing; Memiliki storage yang mendukung workflow lebih cepat,benchmark,benchmark
Asus ROG Strix G15 2022 G513RS-HQ024WS Gaming Laptop,Asus,AMD Ryzen 9 6900HX,16,1000,0,8 GB NVIDIA GeForce RTX 3080,Windows,15.6,2560 x 1440,8,16,82,186000,100.0,100.0,80,90,95.5,93.5,91.5,93.0,94.5,Gaming,High Budget,Cocok untuk gaming dan kebutuhan grafis tinggi; Cocok untuk programming dan multitasking; Cocok untuk AI ringan dan image processing; Memiliki storage yang mendukung workflow lebih cepat,benchmark,benchmark
Dell Inspiron 5410 ICC-C782512WIN8 Laptop,Dell,11th Gen Core i5,8,512,0,Intel Integrated Iris Xe,Windows,14.0,1920 x 1080,4,8,69,65600,71.0,28.12,55,75,49.9,56.88,64.11,57.08,55.54,Daily Use,Mid Budget,"Cocok untuk penggunaan harian seperti browsing, mengetik, meeting online, dan tugas ringan; Memiliki storage yang mendukung workflow lebih cepat",fallback,benchmark
Lenovo IdeaPad Slim 3 82RK00EDIN Laptop,Lenovo,12th Gen Core i5,8,512,0,‎Intel UHD Graphics,Windows,15.6,1920 x 1080,10,12,55,62390,99.91,16.42,55,75,51.87,64.07,71.61,62.83,62.14,Daily Use,Mid Budget,"Cocok untuk penggunaan harian seperti browsing, mengetik, meeting online, dan tugas ringan; Memiliki storage yang mendukung workflow lebih cepat",benchmark,benchmark
Acer Aspire 3 A315-58 Laptop,Acer,11th Gen Core i5,16,512,0,Intel Iris Xe,Windows,15.6,1920 x 1080,4,8,55,53990,71.0,28.12,80,75,53.65,63.13,70.36,63.33,60.54,Daily Use,Low Budget,"Cocok untuk penggunaan harian seperti browsing, mengetik, meeting online, dan tugas ringan; Memiliki storage yang mendukung workflow lebih cepat",fallback,benchmark
Acer Nitro 5 AN515-58 Laptop,Acer,12th Gen Core i7,16,1000,0,6 GB NVIDIA GeForce RTX 3060,Windows,15.6,2560 x 1440,14,20,79,124990,100.0,100.0,80,90,95.5,93.5,91.5,93.0,94.5,Gaming,High Budget,Cocok untuk gaming dan kebutuhan grafis tinggi; Cocok untuk programming dan multitasking; Cocok untuk AI ringan dan image processing; Memiliki storage yang mendukung workflow lebih cepat,benchmark,benchmark
LG Gram 14 14Z90Q-G.AJ56A2 Laptop,LG,12th Gen Core i5,8,512,0,Intel Iris Xe Graphics,Windows,14.0,1200 x 1920,12,16,68,91490,99.91,28.12,55,75,57.13,67.0,72.78,65.75,65.65,Daily Use,High Budget,"Cocok untuk penggunaan harian seperti browsing, mengetik, meeting online, dan tugas ringan; Memiliki storage yang mendukung workflow lebih cepat",benchmark,benchmark
Dell Alienware X17 R2 D569943WIN9 Gaming Laptop,Dell,12th Gen Core i7,32,1000,0,8 GB NVIDIA GEFORCE RTX 3070 Ti,Windows,17.3,1920 x 1080,14,20,92,300490,100.0,100.0,95,90,97.75,97.25,95.25,96.75,97.5,Gaming,High Budget,Cocok untuk gaming dan kebutuhan grafis tinggi; Cocok untuk programming dan multitasking; Cocok untuk AI ringan dan image processing; Memiliki storage yang mendukung workflow lebih cepat,benchmark,benchmark
Asus TUF Gaming A17 FA706IHR-HX031W Gaming Laptop,Asus,AMD Ryzen 5 4600H,8,512,0,4 GB NVIDIA GeForce GTX 1650,Windows,17.3,1920 x 1080,6,12,71,70000,62.82,77.12,55,75,69.91,66.27,66.56,66.88,67.37,Gaming,Mid Budget,Cocok untuk gaming dan kebutuhan grafis tinggi; Memiliki storage yang mendukung workflow lebih cepat,benchmark,benchmark
Asus ROG Strix G15 2022 G513RW-HQ137WS Gaming Laptop,Asus,AMD Ryzen 9 6900HX,16,1000,0,8 GB NVIDIA GeForce RTX 3070 Ti,Windows,15.6,2560 x 1440,8,16,84,174990,100.0,100.0,80,90,95.5,93.5,91.5,93.0,94.5,Gaming,High Budget,Cocok untuk gaming dan kebutuhan grafis tinggi; Cocok untuk programming dan multitasking; Cocok untuk AI ringan dan image processing; Memiliki storage yang mendukung workflow lebih cepat,benchmark,benchmark
Lenovo Thinkbook 14 Gen 2 20VD011CIH Laptop,Lenovo,11th Gen Core i5,8,512,0,Intel Iris Xe Graphics,Windows,14.0,1920 x 1080,4,8,51,70900,71.0,28.12,55,75,49.9,56.88,64.11,57.08,55.54,Daily Use,Mid Budget,"Cocok untuk penggunaan harian seperti browsing, mengetik, meeting online, dan tugas ringan; Memiliki storage yang mendukung workflow lebih cepat",fallback,benchmark
Asus ROG Strix G15 G513RM-HF328WS Gaming Laptop,Asus,Ryzen 7 6800H,16,1000,0,6 GB NVIDIA GeForce RTX 3060,Windows,15.6,1920 x 1080,8,16,80,137990,99.56,100.0,80,90,95.39,93.35,91.37,92.87,94.35,Gaming,High Budget,Cocok untuk gaming dan kebutuhan grafis tinggi; Cocok untuk programming dan multitasking; Cocok untuk AI ringan dan image processing; Memiliki storage yang mendukung workflow lebih cepat,benchmark,benchmark
HP Victus 15-fa0351TX Laptop,HP,12th Gen Core i7,8,512,0,4 GB NVIDIA GeForce RTX 3050,Windows,15.6,1920 x 1080,10,16,61,88570,100.0,100.0,55,75,89.5,85.0,80.0,83.75,87.25,Gaming,High Budget,Cocok untuk gaming dan kebutuhan grafis tinggi; Cocok untuk AI ringan dan image processing; Memiliki storage yang mendukung workflow lebih cepat,benchmark,benchmark
HP 15s-eq1561AU Laptop,HP,AMD Ryzen 3 3250U,8,256,0,AMD Radeon Radeon,Windows,15.6,1366 x 768,2,4,55,29997,17.49,7.39,55,60,24.95,30.72,40.74,32.84,28.34,Daily Use,Low Budget,"Cocok untuk penggunaan harian seperti browsing, mengetik, meeting online, dan tugas ringan",benchmark,benchmark
Asus ROG Zephyrus M16 GU603ZM-K8034WS Laptop,Asus,12th Gen Core i7,16,512,0,6 GB ‎NVIDIA GeForce RTX 3060,Windows,16.0,2560 x 1600,14,20,85,174990,100.0,100.0,80,75,93.25,91.25,86.25,90.0,92.25,Gaming,High Budget,Cocok untuk gaming dan kebutuhan grafis tinggi; Cocok untuk programming dan multitasking; Cocok untuk AI ringan dan image processing; Memiliki storage yang mendukung workflow lebih cepat,benchmark,benchmark
Asus TUF Gaming F15 FX506HC-HN119W Gaming Laptop,Asus,11th Gen Core i5,8,1000,0,4 GB NVIDIA GeForce RTX 3050,Windows,15.6,1920 x 1080,6,12,66,85990,71.0,100.0,55,90,84.5,77.1,76.55,78.05,79.35,Gaming,Mid Budget,Cocok untuk gaming dan kebutuhan grafis tinggi; Memiliki storage yang mendukung workflow lebih cepat,fallback,benchmark
Asus ROG Strix G15 G513QR-HF302WS Gaming Laptop,Asus,Ryzen 7 5800H,16,1000,0,8 GB NVIDIA GeForce RTX 3070,Windows,15.6,1920 x 1080,8,16,81,146990,91.22,100.0,80,90,93.3,90.43,88.87,90.37,91.43,Gaming,High Budget,Cocok untuk gaming dan kebutuhan grafis tinggi; Cocok untuk programming dan multitasking; Cocok untuk AI ringan dan image processing; Memiliki storage yang mendukung workflow lebih cepat,benchmark,benchmark
HP Pavilion x360 14-dy0212TU Laptop,HP,11th Gen Core i3,8,256,0,Intel Integrated Iris Xe Graphics,Windows,14.0,1366 x 768,4,8,54,46999,54.52,28.12,55,60,43.53,48.86,53.92,49.14,47.52,Daily Use,Low Budget,"Cocok untuk penggunaan harian seperti browsing, mengetik, meeting online, dan tugas ringan",benchmark,benchmark
Lenovo IdeaPad Slim 3 81X800LAIN Laptop,Lenovo,11th Gen Core i3,8,512,0,Intel Integrated UHD Graphics,Windows,15.6,1920 x 1080,2,4,45,39650,54.52,16.42,55,75,40.52,48.19,58.0,49.21,46.26,Daily Use,Low Budget,"Cocok untuk penggunaan harian seperti browsing, mengetik, meeting online, dan tugas ringan; Memiliki storage yang mendukung workflow lebih cepat",benchmark,benchmark
Lenovo Thinkpad P15s 20W7S1H800 Laptop,Lenovo,11th Gen Core i7,32,1000,0,4 GB  Nvidia Quadro T500,Windows,15.6,1920 x 1080,4,8,76,168500,86.0,36.07,95,90,65.48,76.37,84.66,76.57,73.42,Daily Use,High Budget,"Cocok untuk penggunaan harian seperti browsing, mengetik, meeting online, dan tugas ringan; Cocok untuk programming dan multitasking; Memiliki storage yang mendukung workflow lebih cepat",fallback,benchmark
HP 14s-dq3037tu Laptop,HP,Intel Celeron N4500,8,256,0,Intel Integrated UHD Graphics,Windows,14.0,1366 x 768,2,0,45,25521,8.71,16.42,55,60,26.82,29.9,39.01,32.47,27.97,Daily Use,Low Budget,"Cocok untuk penggunaan harian seperti browsing, mengetik, meeting online, dan tugas ringan",benchmark,benchmark
HP Pavilion x360 14-ek0088TU Laptop,HP,12th Gen Core i7,16,512,0,Intel Iris Xe Graphics,Windows,14.0,1920 x 1080,10,12,62,89990,100.0,28.12,80,75,60.9,73.28,79.06,72.03,70.69,Daily Use,High Budget,"Cocok untuk penggunaan harian seperti browsing, mengetik, meeting online, dan tugas ringan; Cocok untuk programming dan multitasking; Memiliki storage yang mendukung workflow lebih cepat",benchmark,benchmark
Asus Vivobook S14 Flip 2022 TN3402QA-LZ511WS Laptop,Asus,AMD Ryzen 5-5600H,16,512,0,AMD Radeon Graphics,Windows,14.0,1920 x 1200,6,12,63,72990,73.2,73.06,80,75,74.43,75.14,75.52,75.22,74.79,Gaming,Mid Budget,Cocok untuk gaming dan kebutuhan grafis tinggi; Memiliki storage yang mendukung workflow lebih cepat,benchmark,benchmark
Acer Aspire 7 A715-42G UN.QAYSI.006 Gaming Laptop,Acer,AMD Ryzen 5-5500U,16,512,0,4 GB NVIDIA GeForce GTX 1650,Windows,15.6,1920 x 1080,6,12,68,56990,56.3,77.12,80,75,72.03,70.24,70.85,71.17,70.09,Gaming,Mid Budget,Cocok untuk gaming dan kebutuhan grafis tinggi; Memiliki storage yang mendukung workflow lebih cepat,benchmark,benchmark
Acer Aspire 3 A314-22 NX.HVVSI.007 Laptop,Acer,AMD 3020e,4,0,1000,AMD Radeon AMD,Windows,14.0,1366 x 768,2,2,48,22449,11.19,7.39,30,50,18.12,20.76,29.1,22.7,19.63,Daily Use,Low Budget,"Cocok untuk penggunaan harian seperti browsing, mengetik, meeting online, dan tugas ringan",benchmark,benchmark
Dell Inspiron 3525 Laptop,Dell,AMD Ryzen 3 3250U,8,256,1000,AMD Radeon Radeon Graphics,Windows,15.6,1920 x 1080,2,4,60,47990,17.49,73.06,55,65,55.25,47.89,49.05,50.26,48.79,Gaming,Low Budget,Cocok untuk gaming dan kebutuhan grafis tinggi,benchmark,benchmark
Lenovo ThinkPad T14  20W0S1HW00 Laptop,Lenovo,11th Gen Core i7,16,512,0,2 GB NVIDIA MX450,Windows,14.0,1920 x 1080,4,8,67,153970,86.0,45.0,80,75,65.0,72.6,76.55,72.05,70.85,All-Rounder,High Budget,"Cocok untuk penggunaan serbaguna seperti kerja, kuliah, editing ringan, dan multitasking; Cocok untuk programming dan multitasking; Memiliki storage yang mendukung workflow lebih cepat",fallback,fallback
Lenovo Ideapad Gaming 3 82K201UMIN Laptop,Lenovo,Ryzen 7 5800H,16,512,0,4 GB NVIDIA GeForce RTX 3050,Windows,15.6,1920 x 1080,8,16,67,79990,91.22,100.0,80,75,91.06,88.18,83.62,87.37,89.18,Gaming,Mid Budget,Cocok untuk gaming dan kebutuhan grafis tinggi; Cocok untuk programming dan multitasking; Cocok untuk AI ringan dan image processing; Memiliki storage yang mendukung workflow lebih cepat,benchmark,benchmark
Dell Vostro 5625 laptop,Dell,AMD Ryzen 7-5825U,16,512,0,AMD Radeon,Windows,16.0,1920 x 1200,8,16,61,70990,77.1,7.39,80,75,45.85,60.08,70.12,59.98,56.45,Daily Use,Mid Budget,"Cocok untuk penggunaan harian seperti browsing, mengetik, meeting online, dan tugas ringan; Cocok untuk programming dan multitasking; Memiliki storage yang mendukung workflow lebih cepat",benchmark,benchmark
Asus Vivobook Pro 15 M3500QC-L901WS Gaming Laptop,Asus,Ryzen 9 5900HX,16,1000,0,4 GB NVIDIA GeForce RTX RTX 3050,Windows,15.6,1920 x 1080,8,16,59,90990,98.35,100.0,80,90,95.09,92.92,91.0,92.5,93.92,Gaming,High Budget,Cocok untuk gaming dan kebutuhan grafis tinggi; Cocok untuk programming dan multitasking; Cocok untuk AI ringan dan image processing; Memiliki storage yang mendukung workflow lebih cepat,benchmark,benchmark
Lenovo IdeaPad 3 82RK0064IN Laptop,Lenovo,12th Gen Core i5,8,512,0,Intel UHD Graphics,Windows,15.6,1920 x 1080,10,12,60,58099,99.91,16.42,55,75,51.87,64.07,71.61,62.83,62.14,Daily Use,Mid Budget,"Cocok untuk penggunaan harian seperti browsing, mengetik, meeting online, dan tugas ringan; Memiliki storage yang mendukung workflow lebih cepat",benchmark,benchmark
Lenovo IdeaPad Gaming 3 82K101A4IN Laptop,Lenovo,11th Gen Core i5,8,512,0,4 GB NVIDIA GeForce GTX 1650,Windows,15.6,1920 x 1080,4,8,60,63990,71.0,77.12,55,75,71.95,69.13,69.01,69.33,70.24,Gaming,Mid Budget,Cocok untuk gaming dan kebutuhan grafis tinggi; Memiliki storage yang mendukung workflow lebih cepat,fallback,benchmark
Fujitsu UH-X FPC01319LK Laptop,Fujitsu,11th Gen Core i5,16,512,0,Intel Iris Xe Graphics,Windows,13.3,1920 x 1080,4,8,73,82994,71.0,28.12,80,75,53.65,63.13,70.36,63.33,60.54,Daily Use,Mid Budget,"Cocok untuk penggunaan harian seperti browsing, mengetik, meeting online, dan tugas ringan; Memiliki storage yang mendukung workflow lebih cepat",fallback,benchmark
Fujitsu UH-X FPC02568LK Laptop,Fujitsu,11th Gen Core i5,16,512,0,Intel Iris Xe Graphics,Windows,13.3,1920 x 1080,4,8,65,73494,71.0,28.12,80,75,53.65,63.13,70.36,63.33,60.54,Daily Use,Mid Budget,"Cocok untuk penggunaan harian seperti browsing, mengetik, meeting online, dan tugas ringan; Memiliki storage yang mendukung workflow lebih cepat",fallback,benchmark
Fujitsu CH FPC02548LK Laptop,Fujitsu,11th Gen Core i5,16,512,0,Intel Iris Xe Graphics,Windows,13.3,1920 x 1080,4,8,62,54490,71.0,28.12,80,75,53.65,63.13,70.36,63.33,60.54,Daily Use,Low Budget,"Cocok untuk penggunaan harian seperti browsing, mengetik, meeting online, dan tugas ringan; Memiliki storage yang mendukung workflow lebih cepat",fallback,benchmark
Fujitsu UH-X FPC02569LK Laptop,Fujitsu,11th Gen Core i7,16,512,0,Intel Iris Xe Graphics,Windows,13.3,1920 x 1080,4,8,66,82994,86.0,28.12,80,75,57.4,68.38,74.86,67.83,65.79,Daily Use,Mid Budget,"Cocok untuk penggunaan harian seperti browsing, mengetik, meeting online, dan tugas ringan; Cocok untuk programming dan multitasking; Memiliki storage yang mendukung workflow lebih cepat",fallback,benchmark
Dell Alienware M15 ICC-C780002WIN8 Laptop,Dell, AMD Ryzen 7-5800H,16,512,0,4 GB NVIDIA GeForce RTX 3050Ti,Windows,15.6,1920 x 1080,8,16,67,131699,91.22,100.0,80,75,91.06,88.18,83.62,87.37,89.18,Gaming,High Budget,Cocok untuk gaming dan kebutuhan grafis tinggi; Cocok untuk programming dan multitasking; Cocok untuk AI ringan dan image processing; Memiliki storage yang mendukung workflow lebih cepat,benchmark,benchmark
Lenovo IdeaPad Gaming 3 82K1019AIN Laptop,Lenovo,11th Gen Core i5,8,256,1000,4 GB NVIDIA GeForce RTX 3050,Windows,15.6,1920 x 1080,4,8,72,64990,71.0,100.0,55,65,80.75,73.35,67.8,73.05,75.6,Gaming,Mid Budget,Cocok untuk gaming dan kebutuhan grafis tinggi,fallback,benchmark
HP Spectre X360 16-f1003TU Laptop,HP,12th Gen Core i7,16,512,0,Intel Iris X Graphics,Windows,16.0,3072 x 1920,14,20,76,138999,100.0,14.92,80,75,54.96,69.98,77.74,68.73,66.73,Daily Use,High Budget,"Cocok untuk penggunaan harian seperti browsing, mengetik, meeting online, dan tugas ringan; Cocok untuk programming dan multitasking; Memiliki storage yang mendukung workflow lebih cepat",benchmark,benchmark
HP Pavilion 14-eh0021TU Laptop,HP,12th Gen Core i5,16,512,0,Intel Iris Xe Graphics,Windows,14.0,2240 x 1400,12,16,66,74990,99.91,28.12,80,75,60.88,73.25,79.04,72.0,70.65,Daily Use,Mid Budget,"Cocok untuk penggunaan harian seperti browsing, mengetik, meeting online, dan tugas ringan; Cocok untuk programming dan multitasking; Memiliki storage yang mendukung workflow lebih cepat",benchmark,benchmark
HP Victus 15-fa0073TX Laptop,HP,12th Gen Core i7,8,512,0,4 GB NVIDIA GeForce RTX 3050,Windows,15.6,1920 x 1080,10,16,61,85990,100.0,100.0,55,75,89.5,85.0,80.0,83.75,87.25,Gaming,Mid Budget,Cocok untuk gaming dan kebutuhan grafis tinggi; Cocok untuk AI ringan dan image processing; Memiliki storage yang mendukung workflow lebih cepat,benchmark,benchmark
HP Pavilion 14-eh0025TU Laptop,HP,12th Gen Core i5,16,512,0,Intel Iris Xe Graphics,Windows,14.0,2240 x 1400,12,16,65,73500,99.91,28.12,80,75,60.88,73.25,79.04,72.0,70.65,Daily Use,Mid Budget,"Cocok untuk penggunaan harian seperti browsing, mengetik, meeting online, dan tugas ringan; Cocok untuk programming dan multitasking; Memiliki storage yang mendukung workflow lebih cepat",benchmark,benchmark
Lenovo Yoga 7 Flip 82QE009SIN Laptop,Lenovo,12th Gen Core i7,16,512,0,Intel Iris Xe Graphics,Windows,14.0,2880 x 1800,12,16,71,112990,100.0,28.12,80,75,60.9,73.28,79.06,72.03,70.69,Daily Use,High Budget,"Cocok untuk penggunaan harian seperti browsing, mengetik, meeting online, dan tugas ringan; Cocok untuk programming dan multitasking; Memiliki storage yang mendukung workflow lebih cepat",benchmark,benchmark
Lenovo IdeaPad Gaming 3 15ACH6 82K201UXIN Laptop,Lenovo,Ryzen 7 5800H,16,512,0,6 GB NVIDIA GeForce RTX 3060,Windows,15.6,1920 x 1080,8,16,76,109990,91.22,100.0,80,75,91.06,88.18,83.62,87.37,89.18,Gaming,High Budget,Cocok untuk gaming dan kebutuhan grafis tinggi; Cocok untuk programming dan multitasking; Cocok untuk AI ringan dan image processing; Memiliki storage yang mendukung workflow lebih cepat,benchmark,benchmark
Acer Aspire 5 NX.K6SSI.002 Laptop,Acer,12th Gen Core i3,8,512,0,Intel UHD,Windows,15.6,1920 x 1080,6,8,49,40990,54.52,26.45,55,75,45.03,50.69,59.0,51.72,49.27,Daily Use,Low Budget,"Cocok untuk penggunaan harian seperti browsing, mengetik, meeting online, dan tugas ringan; Memiliki storage yang mendukung workflow lebih cepat",benchmark,benchmark
Asus TUF Gaming F15 FX506HC-HN362WS Gaming Laptop,Asus,11th Gen Core i5,16,512,0,4 GB NVIDIA GeForce RTX 3050,Windows,15.6,1920 x 1080,6,12,73,76990,71.0,100.0,80,75,86.0,81.1,77.55,81.3,82.1,Gaming,Mid Budget,Cocok untuk gaming dan kebutuhan grafis tinggi; Memiliki storage yang mendukung workflow lebih cepat,fallback,benchmark
Acer Aspire 7 A715-5G UN.QGBSI.002 Gaming Laptop,Acer,12th Gen Core i5,16,512,0,4 GB NVIDIA GeForce GTX 1650,Windows,15.6,1920 x 1080,12,16,65,61990,99.91,77.12,80,75,82.93,85.5,83.94,84.25,85.35,Gaming,Mid Budget,Cocok untuk gaming dan kebutuhan grafis tinggi; Cocok untuk programming dan multitasking; Cocok untuk AI ringan dan image processing; Memiliki storage yang mendukung workflow lebih cepat,benchmark,benchmark
Dell Vostro 3525 Laptop,Dell,AMD Ryzen7 5825U,8,512,0,AMD Radeon Radeon Graphics,Windows,15.6,1920 x 1080,8,16,67,57990,77.1,73.06,55,75,71.65,70.25,70.44,70.14,71.15,Gaming,Mid Budget,Cocok untuk gaming dan kebutuhan grafis tinggi; Memiliki storage yang mendukung workflow lebih cepat,benchmark,benchmark
LG Gram 16Z90Q-G.AJ54A2 Laptop,LG,12th Gen Core i5,8,512,0,Intel Iris Xe Graphics,Windows,16.0,1600 x 2560,12,16,67,96490,99.91,28.12,55,75,57.13,67.0,72.78,65.75,65.65,Daily Use,High Budget,"Cocok untuk penggunaan harian seperti browsing, mengetik, meeting online, dan tugas ringan; Memiliki storage yang mendukung workflow lebih cepat",benchmark,benchmark
Dell Vostro 3425 Laptop,Dell,AMD Ryzen 5 5625U,8,512,0,AMD Radeon Graphics,Windows,14.0,1920 x 1080,6,12,67,52499,64.35,73.06,55,75,68.46,65.79,66.61,66.32,66.69,Gaming,Low Budget,Cocok untuk gaming dan kebutuhan grafis tinggi; Memiliki storage yang mendukung workflow lebih cepat,benchmark,benchmark
Asus TUF Gaming F15 FX506LHB-HN357W Gaming Laptop,Asus,10th Gen Core i5,8,1000,0,4 GB NVIDIA GeForce GTX GTX-1650,Windows,15.6,1920 x 1080,4,8,61,67461,99.91,77.12,55,90,81.43,81.5,82.94,81.0,82.6,Gaming,Mid Budget,Cocok untuk gaming dan kebutuhan grafis tinggi; Cocok untuk AI ringan dan image processing; Memiliki storage yang mendukung workflow lebih cepat,benchmark,benchmark
Asus ROG Flow X13 GV301RC-LJ022WS Gaming Laptop,Asus,AMD Ryzen 7 6800HS ,16,1000,0,AMD Radeon AMD,Windows,13.4,1920 x 1200,8,16,75,144990,100.0,7.39,80,90,53.83,70.35,82.24,69.85,66.72,Daily Use,High Budget,"Cocok untuk penggunaan harian seperti browsing, mengetik, meeting online, dan tugas ringan; Cocok untuk programming dan multitasking; Memiliki storage yang mendukung workflow lebih cepat",benchmark,benchmark
Asus ROG Zephyrus G14 2022 GA402RK-L8148WS Gaming Laptop,Asus,AMD Ryzen 9 6900HS,32,1000,0,8 GB AMD Radeon RX 6800S,Windows,14.0,2560 x 1600,8,16,87,199990,100.0,95.24,95,90,95.61,96.06,94.77,95.56,96.07,Gaming,High Budget,Cocok untuk gaming dan kebutuhan grafis tinggi; Cocok untuk programming dan multitasking; Cocok untuk AI ringan dan image processing; Memiliki storage yang mendukung workflow lebih cepat,benchmark,benchmark
Asus ROG Flow X13 GV301RE-LJ199WS Gaming Laptop,Asus,AMD Ryzen 7 6800HS ,32,1000,0,4 GB NVIDIA GeForce RTX 3050 Ti,Windows,13.4,1920 x 1200,8,16,82,164104,100.0,100.0,95,90,97.75,97.25,95.25,96.75,97.5,Gaming,High Budget,Cocok untuk gaming dan kebutuhan grafis tinggi; Cocok untuk programming dan multitasking; Cocok untuk AI ringan dan image processing; Memiliki storage yang mendukung workflow lebih cepat,benchmark,benchmark
Asus ROG Flow X13 GV301RE-LI201WS Gaming Laptop,Asus,AMD Ryzen 7 6800HS ,32,1000,0,4 GB NVIDIA GeForce RTX 3050 Ti,Windows,13.4,3840 x 2400,8,16,84,175990,100.0,100.0,95,90,97.75,97.25,95.25,96.75,97.5,Gaming,High Budget,Cocok untuk gaming dan kebutuhan grafis tinggi; Cocok untuk programming dan multitasking; Cocok untuk AI ringan dan image processing; Memiliki storage yang mendukung workflow lebih cepat,benchmark,benchmark
Asus ROG Zephyrus G15 2022 GA503RM-LN143WS Gaming Laptop,Asus,AMD Ryzen 7 6800HS,16,1000,0,6 GB NVIDIA GeForce RTX 3060,Windows,15.6,2560 x 1440,8,16,84,144990,100.0,100.0,80,90,95.5,93.5,91.5,93.0,94.5,Gaming,High Budget,Cocok untuk gaming dan kebutuhan grafis tinggi; Cocok untuk programming dan multitasking; Cocok untuk AI ringan dan image processing; Memiliki storage yang mendukung workflow lebih cepat,benchmark,benchmark
Asus ROG Zephyrus G15 2022 GA503RM-HQ142WS Gaming Laptop,Asus,AMD Ryzen 7 6800HS,16,1000,0,6 GB NVIDIA GeForce RTX 3060,Windows,15.6,2560 x 1440,8,16,84,156990,100.0,100.0,80,90,95.5,93.5,91.5,93.0,94.5,Gaming,High Budget,Cocok untuk gaming dan kebutuhan grafis tinggi; Cocok untuk programming dan multitasking; Cocok untuk AI ringan dan image processing; Memiliki storage yang mendukung workflow lebih cepat,benchmark,benchmark
Asus ROG Zephyrus Duo 16 2022 GX650RXZ-LB226WS Gaming Laptop,Asus, AMD 9 6900HX,32,2000,0,16 GB NVIDIA GeForce RTX 3080 Ti,Windows,16.0,3840 x 2400,8,16,93,396990,6.54,100.0,95,100,75.88,66.04,70.71,70.71,66.29,Gaming,High Budget,Cocok untuk gaming dan kebutuhan grafis tinggi; Memiliki storage yang mendukung workflow lebih cepat,benchmark,benchmark
Asus ROG Zephyrus G15 2022 GA503RS-HQ027WS Gaming Laptop,Asus,AMD Ryzen 9 6900HS,16,1000,0,8 GB NVIDIA GeForce RTX 3080,Windows,15.6,2560 x 1440,8,16,84,199086,100.0,100.0,80,90,95.5,93.5,91.5,93.0,94.5,Gaming,High Budget,Cocok untuk gaming dan kebutuhan grafis tinggi; Cocok untuk programming dan multitasking; Cocok untuk AI ringan dan image processing; Memiliki storage yang mendukung workflow lebih cepat,benchmark,benchmark
Asus ROG Zephyrus Duo 16 2022 GX650RXZ-LS228WS Gaming Laptop,Asus, AMD 9 6900HX,32,2000,0,16 GB NVIDIA GeForce RTX 3080 Ti,Windows,16.0,1920 x 1200,8,16,91,361990,6.54,100.0,95,100,75.88,66.04,70.71,70.71,66.29,Gaming,High Budget,Cocok untuk gaming dan kebutuhan grafis tinggi; Memiliki storage yang mendukung workflow lebih cepat,benchmark,benchmark
Asus ROG Zephyrus G14 GA402RJ-L8182WS Gaming Laptop,Asus,AMD Ryzen 7 6800HS,16,1000,0,8 GB AMD Radeon RX 6700S,Windows,14.0,2560 x 1600,8,16,80,159399,100.0,100.0,80,90,95.5,93.5,91.5,93.0,94.5,Gaming,High Budget,Cocok untuk gaming dan kebutuhan grafis tinggi; Cocok untuk programming dan multitasking; Cocok untuk AI ringan dan image processing; Memiliki storage yang mendukung workflow lebih cepat,benchmark,benchmark
Asus ROG Zephyrus G15 2022 GA503RM-HQ111WS Gaming Laptop,Asus,AMD Ryzen 7 6800HS,16,1000,0,6 GB NVIDIA GeForce RTX 3060,Windows,15.6,2560 x 1440,8,16,84,148990,100.0,100.0,80,90,95.5,93.5,91.5,93.0,94.5,Gaming,High Budget,Cocok untuk gaming dan kebutuhan grafis tinggi; Cocok untuk programming dan multitasking; Cocok untuk AI ringan dan image processing; Memiliki storage yang mendukung workflow lebih cepat,benchmark,benchmark
Asus ROG Flow X16 2022 GV601RE-M6012WS Gaming Laptop,Asus,Ryzen 7 6800HS,16,1000,0,4 GB NVIDIA GeForce RTX 3050 Ti,Windows,16.0,2560 x 1600,8,16,82,151990,100.0,100.0,80,90,95.5,93.5,91.5,93.0,94.5,Gaming,High Budget,Cocok untuk gaming dan kebutuhan grafis tinggi; Cocok untuk programming dan multitasking; Cocok untuk AI ringan dan image processing; Memiliki storage yang mendukung workflow lebih cepat,benchmark,benchmark
Asus ROG Zephyrus Duo 16 GX650RMZ-LS019WS Gaming Laptop,Asus, AMD Ryzen 7 6800H,32,2000,0,6 GB NVIDIA GeForce RTX 3060,Windows,16.0,1920 x 1200,8,16,86,224990,99.56,100.0,95,100,99.14,98.6,98.62,98.62,98.85,Gaming,High Budget,Cocok untuk gaming dan kebutuhan grafis tinggi; Cocok untuk programming dan multitasking; Cocok untuk AI ringan dan image processing; Memiliki storage yang mendukung workflow lebih cepat,benchmark,benchmark
Asus ROG Zephyrus G15 2022 GA503RW-LN067WS Gaming Laptop,Asus,AMD Ryzen 9 6900HS,16,1000,0,8 GB NVIDIA GeForce RTX 3070,Windows,15.6,2560 x 1440,8,16,86,189990,100.0,100.0,80,90,95.5,93.5,91.5,93.0,94.5,Gaming,High Budget,Cocok untuk gaming dan kebutuhan grafis tinggi; Cocok untuk programming dan multitasking; Cocok untuk AI ringan dan image processing; Memiliki storage yang mendukung workflow lebih cepat,benchmark,benchmark
Asus ROG Flow X16 2022 GV601RM-M6054WS Gaming Laptop,Asus,Ryzen 7 6800HS,16,1000,0,6 GB NVIDIA GeForce RTX 3060,Windows,16.0,2560 x 1600,8,16,82,171990,100.0,100.0,80,90,95.5,93.5,91.5,93.0,94.5,Gaming,High Budget,Cocok untuk gaming dan kebutuhan grafis tinggi; Cocok untuk programming dan multitasking; Cocok untuk AI ringan dan image processing; Memiliki storage yang mendukung workflow lebih cepat,benchmark,benchmark
Asus ROG Zephyrus Duo 16 2022 GX650RXZ-LO227WS Gaming Laptop,Asus, AMD 9 6900HX,32,2000,0,16 GB NVIDIA GeForce RTX 3080 Ti,Windows,16.0,2560 x 1600,8,16,91,391990,6.54,100.0,95,100,75.88,66.04,70.71,70.71,66.29,Gaming,High Budget,Cocok untuk gaming dan kebutuhan grafis tinggi; Memiliki storage yang mendukung workflow lebih cepat,benchmark,benchmark
Asus ROG Flow X13 GV301RA-LJ031WS Gaming Laptop,Asus,AMD Ryzen 7 6800HS ,16,1000,0,AMD Radeon AMD,Windows,13.4,1920 x 1200,8,16,73,111399,100.0,7.39,80,90,53.83,70.35,82.24,69.85,66.72,Daily Use,High Budget,"Cocok untuk penggunaan harian seperti browsing, mengetik, meeting online, dan tugas ringan; Cocok untuk programming dan multitasking; Memiliki storage yang mendukung workflow lebih cepat",benchmark,benchmark
Asus ROG Zephyrus G15 GA503RW-LN066WS Gaming Laptop,Asus,AMD Ryzen 9 6900HS,16,1000,0,8 GB NVIDIA GeForce RTX 3070Ti,Windows,15.6,2560 x 1440,8,16,86,188000,100.0,100.0,80,90,95.5,93.5,91.5,93.0,94.5,Gaming,High Budget,Cocok untuk gaming dan kebutuhan grafis tinggi; Cocok untuk programming dan multitasking; Cocok untuk AI ringan dan image processing; Memiliki storage yang mendukung workflow lebih cepat,benchmark,benchmark
HP Pavilion x360 14-ek0092TU Laptop,HP,12th Gen Core i7,16,512,0,Intel Iris Xe Graphics,Windows,14.0,1920 x 1080,10,12,61,89990,100.0,28.12,80,75,60.9,73.28,79.06,72.03,70.69,Daily Use,High Budget,"Cocok untuk penggunaan harian seperti browsing, mengetik, meeting online, dan tugas ringan; Cocok untuk programming dan multitasking; Memiliki storage yang mendukung workflow lebih cepat",benchmark,benchmark
Dell Inspiron 7620 Laptop,Dell,12th Gen Core i5,8,512,0,Intel Iris Xe Graphics,Windows,16.0,1920 x 1200,10,12,59,87500,99.91,28.12,55,75,57.13,67.0,72.78,65.75,65.65,Daily Use,High Budget,"Cocok untuk penggunaan harian seperti browsing, mengetik, meeting online, dan tugas ringan; Memiliki storage yang mendukung workflow lebih cepat",benchmark,benchmark
HP Pavilion x360 14-ek0078TU Laptop,HP,12th Gen Core i5,16,512,0,Intel Iris Xe Graphics,Windows,14.0,1920 x 1080,10,12,60,71990,99.91,28.12,80,75,60.88,73.25,79.04,72.0,70.65,Daily Use,Mid Budget,"Cocok untuk penggunaan harian seperti browsing, mengetik, meeting online, dan tugas ringan; Cocok untuk programming dan multitasking; Memiliki storage yang mendukung workflow lebih cepat",benchmark,benchmark
Asus Zenbook Flip 14 OLED UP5401ZA-KN701WS Laptop,Asus,12th Gen Core i7,16,512,0,Intel Integrated Iris Xe,Windows,14.0,2880 x 1800,14,20,75,134990,100.0,28.12,80,75,60.9,73.28,79.06,72.03,70.69,Daily Use,High Budget,"Cocok untuk penggunaan harian seperti browsing, mengetik, meeting online, dan tugas ringan; Cocok untuk programming dan multitasking; Memiliki storage yang mendukung workflow lebih cepat",benchmark,benchmark
Asus Vivobook Flip 14 TP3402ZA-LZ511WS Laptop,Asus,12th Gen Core i5,16,512,0,Intel Integrated Iris Xe Graphics,Windows,14.0,1920 x 1200,12,16,71,76990,99.91,28.12,80,75,60.88,73.25,79.04,72.0,70.65,Daily Use,Mid Budget,"Cocok untuk penggunaan harian seperti browsing, mengetik, meeting online, dan tugas ringan; Cocok untuk programming dan multitasking; Memiliki storage yang mendukung workflow lebih cepat",benchmark,benchmark
HP 15s-fq2672TU Laptop,HP,11th Gen Core i3,8,512,0,Intel Integrated UHD,Windows,15.6,1920 x 1080,2,4,61,43500,54.52,16.42,55,75,40.52,48.19,58.0,49.21,46.26,Daily Use,Low Budget,"Cocok untuk penggunaan harian seperti browsing, mengetik, meeting online, dan tugas ringan; Memiliki storage yang mendukung workflow lebih cepat",benchmark,benchmark
Asus Vivobook Flip 14 TP3402ZA-LZ501WS Laptop,Asus,12th Gen Core i5,8,512,0,Intel Integrated Iris Xe,Windows,14.0,1920 x 1200,12,16,62,94500,99.91,28.12,55,75,57.13,67.0,72.78,65.75,65.65,Daily Use,High Budget,"Cocok untuk penggunaan harian seperti browsing, mengetik, meeting online, dan tugas ringan; Memiliki storage yang mendukung workflow lebih cepat",benchmark,benchmark
HP 15s-fq2674TU Laptop,HP,11th Gen Core i3,8,512,0,Intel Integrated UHD,Windows,15.6,1920 x 1080,2,4,57,43990,54.52,16.42,55,75,40.52,48.19,58.0,49.21,46.26,Daily Use,Low Budget,"Cocok untuk penggunaan harian seperti browsing, mengetik, meeting online, dan tugas ringan; Memiliki storage yang mendukung workflow lebih cepat",benchmark,benchmark
Asus TUF Gaming A17 FA706IC-HX036W Laptop,Asus,Ryzen 7 4800H,8,512,0,4 GB NVIDIA GeForce RTX RTX 3050,Windows,17.3,1920 x 1080,8,16,68,67990,81.04,100.0,55,75,84.76,78.36,74.31,78.06,80.61,Gaming,Mid Budget,Cocok untuk gaming dan kebutuhan grafis tinggi; Cocok untuk AI ringan dan image processing; Memiliki storage yang mendukung workflow lebih cepat,benchmark,benchmark
Lenovo Legion 5 Pro 82JD005LIN Gaming Laptop,Lenovo,11th Gen Core i7,32,1000,0,8 GB NVIDIA GeForce RTX 3070,Windows,16.0,2560 x 1440,8,16,75,179790,86.0,100.0,95,90,94.25,92.35,91.05,92.55,92.6,Gaming,High Budget,Cocok untuk gaming dan kebutuhan grafis tinggi; Cocok untuk programming dan multitasking; Cocok untuk AI ringan dan image processing; Memiliki storage yang mendukung workflow lebih cepat,fallback,benchmark
Asus VivoBook Ultra 14,Asus,2022) X413EA-EB322WS Laptop ,8,512,0,Intel Integrated UHD,Windows,14.0,1920 x 1080,2,4,55,41790,35.0,16.42,55,75,35.64,41.36,52.14,43.36,39.43,Daily Use,Low Budget,"Cocok untuk penggunaan harian seperti browsing, mengetik, meeting online, dan tugas ringan; Memiliki storage yang mendukung workflow lebih cepat",fallback,benchmark
MSI GF75 Thin 10SC-611IN Laptop,MSI,10th Gen Core i5,8,256,1000,4 GB Nvidia GTX1650 MaxQ,Windows,15.6,1920 x 1080,6,12,66,58900,99.91,35.0,55,65,58.73,67.22,69.97,65.47,66.22,Daily Use,Mid Budget,"Cocok untuk penggunaan harian seperti browsing, mengetik, meeting online, dan tugas ringan",benchmark,fallback
Dell Inspiron 3511 D560803WIN9B Laptop,Dell,11th Gen Core i5,8,256,1000,Intel Integrated UHD,Windows,15.6,1920 x 1080,4,8,56,62500,71.0,16.42,55,65,43.14,52.46,59.44,52.16,50.53,Daily Use,Mid Budget,"Cocok untuk penggunaan harian seperti browsing, mengetik, meeting online, dan tugas ringan",fallback,benchmark
Asus VivoBook 14 X415JA-EB521WS Laptop,Asus,10th Gen Core i5,8,512,0,Intel UHD Graphics,Windows,14.0,1920 x 1080,4,8,55,42990,99.91,16.42,55,75,51.87,64.07,71.61,62.83,62.14,Daily Use,Low Budget,"Cocok untuk penggunaan harian seperti browsing, mengetik, meeting online, dan tugas ringan; Memiliki storage yang mendukung workflow lebih cepat",benchmark,benchmark
Lenovo IdeaPad Gaming 3 82K101EEIN Laptop,Lenovo,11th Gen Core i5,8,512,0,4 GB NVIDIA GeForce RTX 3050,Windows,15.6,1920 x 1080,4,8,63,64990,71.0,100.0,55,75,82.25,74.85,71.3,75.05,77.1,Gaming,Mid Budget,Cocok untuk gaming dan kebutuhan grafis tinggi; Memiliki storage yang mendukung workflow lebih cepat,fallback,benchmark
Lenovo ThinkBook 15 20VEA0YNIH Laptop,Lenovo,11th Gen Core i5,8,512,0,Intel Integrated Iris Xe,Windows,15.6,1920 x 1080,4,8,63,55990,71.0,28.12,55,75,49.9,56.88,64.11,57.08,55.54,Daily Use,Mid Budget,"Cocok untuk penggunaan harian seperti browsing, mengetik, meeting online, dan tugas ringan; Memiliki storage yang mendukung workflow lebih cepat",fallback,benchmark
Dell Latitude 5420 Business Laptop,Dell,11th Gen Core i3,8,512,0,Intel UHD Graphics,Windows,14.0,1920 x 1080,4,8,51,68500,54.52,16.42,55,75,40.52,48.19,58.0,49.21,46.26,Daily Use,Mid Budget,"Cocok untuk penggunaan harian seperti browsing, mengetik, meeting online, dan tugas ringan; Memiliki storage yang mendukung workflow lebih cepat",benchmark,benchmark
Lenovo Thinkbook 14 20VDA0KNIH Laptop,Lenovo,11th Gen Core i5,8,512,0,Intel Integrated Graphics,Windows,14.0,1920 x 1080,4,8,53,71999,71.0,9.99,55,75,41.75,52.35,62.3,52.55,50.1,Daily Use,Mid Budget,"Cocok untuk penggunaan harian seperti browsing, mengetik, meeting online, dan tugas ringan; Memiliki storage yang mendukung workflow lebih cepat",fallback,benchmark
MSI Alpha 15 B5EEK-029IN Laptop,MSI,Ryzen 5 5600H ,16,512,0,8 GB AMD Radeon RX6600M,Windows,15.6,1920 x 1080,6,12,68,85290,73.2,7.39,80,75,44.88,58.72,68.95,58.81,55.09,Daily Use,Mid Budget,"Cocok untuk penggunaan harian seperti browsing, mengetik, meeting online, dan tugas ringan; Memiliki storage yang mendukung workflow lebih cepat",benchmark,benchmark
HP Victus 15-fb0051AX Gaming Laptop,HP,Ryzen 5-5600H,8,512,0,4 GB NVIDIA GeForce RTX 3050 Ti,Windows,15.6,1920 x 1080,6,12,74,74990,73.2,100.0,55,75,82.8,75.62,71.96,75.71,77.87,Gaming,Mid Budget,Cocok untuk gaming dan kebutuhan grafis tinggi; Memiliki storage yang mendukung workflow lebih cepat,benchmark,benchmark
HP Pavilion 14s- fy1003AU Laptop,HP,Ryzen 5 5500U,16,512,0,AMD Radeon Graphics,Windows,14.0,1920 x 1080,6,12,61,50499,56.3,73.06,80,75,70.2,69.22,70.45,70.16,68.87,Gaming,Low Budget,Cocok untuk gaming dan kebutuhan grafis tinggi; Memiliki storage yang mendukung workflow lebih cepat,benchmark,benchmark
Asus VivoBook Ultra X415JA-EB531WS Laptop,Asus,10th Gen Core i5,16,512,0,Intel Integrated Intel UHD,Windows,14.0,1920 x 1080,4,8,61,47990,99.91,16.42,80,75,55.62,70.32,77.86,69.08,67.14,Daily Use,Low Budget,"Cocok untuk penggunaan harian seperti browsing, mengetik, meeting online, dan tugas ringan; Cocok untuk programming dan multitasking; Memiliki storage yang mendukung workflow lebih cepat",benchmark,benchmark
Dell Vostro 3420 D552299WIN9BE Laptop,Dell,11th Gen Core i3,8,256,0,Intel UHD Graphics,Windows,14.0,1366 x 768,2,4,47,42300,54.52,16.42,55,60,38.27,45.94,52.75,46.21,44.01,Daily Use,Low Budget,"Cocok untuk penggunaan harian seperti browsing, mengetik, meeting online, dan tugas ringan",benchmark,benchmark
Dell XPS 15 9520 Laptop,Dell,12th Gen Core i7 ,16,512,0,4 GB NVIDIA Geforce RTX 3050 Ti,Windows,15.6,3840 x 2160,14,20,85,255000,100.0,100.0,80,75,93.25,91.25,86.25,90.0,92.25,Gaming,High Budget,Cocok untuk gaming dan kebutuhan grafis tinggi; Cocok untuk programming dan multitasking; Cocok untuk AI ringan dan image processing; Memiliki storage yang mendukung workflow lebih cepat,benchmark,benchmark
HP Pavilion 14s-fy1005AU Laptop,HP,Ryzen 7 5700U,16,512,0,AMD Radeon Graphics,Windows,14.0,1920 x 1080,8,16,62,57990,68.59,73.06,80,75,73.27,73.52,74.13,73.84,73.17,Gaming,Mid Budget,Cocok untuk gaming dan kebutuhan grafis tinggi; Memiliki storage yang mendukung workflow lebih cepat,benchmark,benchmark
Asus TUF Gaming A17 FA706IC-HX055W Laptop,Asus,Ryzen 7 4800H,8,1000,0,4 GB NVIDIA GeForce RTX 3050,Windows,17.3,1920 x 1080,8,16,74,86990,81.04,100.0,55,90,87.01,80.61,79.56,81.06,82.86,Gaming,High Budget,Cocok untuk gaming dan kebutuhan grafis tinggi; Cocok untuk AI ringan dan image processing; Memiliki storage yang mendukung workflow lebih cepat,benchmark,benchmark
Dell Vostro 5620 Laptop,Dell,12th Gen Core i5,16,512,0,Intel Iris Xe,Windows,16.0,1920 x 1080,12,16,60,76990,99.91,28.12,80,75,60.88,73.25,79.04,72.0,70.65,Daily Use,Mid Budget,"Cocok untuk penggunaan harian seperti browsing, mengetik, meeting online, dan tugas ringan; Cocok untuk programming dan multitasking; Memiliki storage yang mendukung workflow lebih cepat",benchmark,benchmark
Lenovo Yoga 6 82UD0088IN 2-in-1 Laptop,Lenovo,Ryzen 7 5700U,16,512,0,AMD Radeon,Windows,13.3,1920 x 1080,8,16,62,84500,68.59,7.39,80,75,43.72,57.1,67.57,57.42,53.47,Daily Use,Mid Budget,"Cocok untuk penggunaan harian seperti browsing, mengetik, meeting online, dan tugas ringan; Memiliki storage yang mendukung workflow lebih cepat",benchmark,benchmark
Dell Vostro 5620 Laptop,Dell,12th Gen Core i5,8,512,0,Intel Iris Xe,Windows,16.0,1920 x 1080,12,16,57,69800,99.91,28.12,55,75,57.13,67.0,72.78,65.75,65.65,Daily Use,Mid Budget,"Cocok untuk penggunaan harian seperti browsing, mengetik, meeting online, dan tugas ringan; Memiliki storage yang mendukung workflow lebih cepat",benchmark,benchmark
Asus EeeBook 14 E410KA-BV121WS Laptop,Asus,Pentium Silver N6000,4,256,0,Intel HD Graphics,Windows,14.0,1366 x 768,4,4,41,25490,13.24,9.99,30,60,21.31,23.63,33.47,25.97,22.63,Daily Use,Low Budget,"Cocok untuk penggunaan harian seperti browsing, mengetik, meeting online, dan tugas ringan",benchmark,benchmark
Dell Vostro 3420 D552276WIN9BE Laptop,Dell,11th Gen Core i3,8,512,0,Intel UHD Graphics,Windows,14.0,1366 x 768,2,4,48,43490,54.52,16.42,55,75,40.52,48.19,58.0,49.21,46.26,Daily Use,Low Budget,"Cocok untuk penggunaan harian seperti browsing, mengetik, meeting online, dan tugas ringan; Memiliki storage yang mendukung workflow lebih cepat",benchmark,benchmark
Dell XPS 13 9320 Laptop,Dell,12th Gen Core i5,16,512,0,Intel Iris Xe Graphics,Windows,13.4,3840 x 2400,12,16,66,140900,99.91,28.12,80,75,60.88,73.25,79.04,72.0,70.65,Daily Use,High Budget,"Cocok untuk penggunaan harian seperti browsing, mengetik, meeting online, dan tugas ringan; Cocok untuk programming dan multitasking; Memiliki storage yang mendukung workflow lebih cepat",benchmark,benchmark
HP Victus 16-E0301Ax Gaming Laptop,HP,Ryzen 5 5600H,8,512,0,4 GB NVIDIA GeForce GTX 1650,Windows,16.1,1920 x 1080,6,12,72,66490,73.2,77.12,55,75,72.5,69.9,69.67,69.99,71.01,Gaming,Mid Budget,Cocok untuk gaming dan kebutuhan grafis tinggi; Memiliki storage yang mendukung workflow lebih cepat,benchmark,benchmark
HP 15s-fq2673TU Laptop,HP,11th Gen Core i3,8,512,0,Intel Integrated UHD,Windows,15.6,1920 x 1080,2,4,59,44490,54.52,16.42,55,75,40.52,48.19,58.0,49.21,46.26,Daily Use,Low Budget,"Cocok untuk penggunaan harian seperti browsing, mengetik, meeting online, dan tugas ringan; Memiliki storage yang mendukung workflow lebih cepat",benchmark,benchmark
LG Gram 17Z90Q-G.AH75A2 Laptop,LG,12th Gen Core i7,16,512,0,Intel Iris Xe Graphics,Windows,17.0,1600 x 2560,12,16,73,102990,100.0,28.12,80,75,60.9,73.28,79.06,72.03,70.69,Daily Use,High Budget,"Cocok untuk penggunaan harian seperti browsing, mengetik, meeting online, dan tugas ringan; Cocok untuk programming dan multitasking; Memiliki storage yang mendukung workflow lebih cepat",benchmark,benchmark
LG Gram 17 17Z90Q-G.AJ55A2 Laptop,LG,12th Gen Core i5,8,512,0,Intel Iris Xe Graphics,Windows,17.0,1600 x 2560,12,16,69,87990,99.91,28.12,55,75,57.13,67.0,72.78,65.75,65.65,Daily Use,High Budget,"Cocok untuk penggunaan harian seperti browsing, mengetik, meeting online, dan tugas ringan; Memiliki storage yang mendukung workflow lebih cepat",benchmark,benchmark
Asus TUF Gaming F15 FX506HC-HN089WS Gaming Laptop,Asus,11th Gen Core i5,8,512,0,4 GB NVIDIA GeForce RTX 3050,Windows,15.6,1920 x 1080,6,12,72,78990,71.0,100.0,55,75,82.25,74.85,71.3,75.05,77.1,Gaming,Mid Budget,Cocok untuk gaming dan kebutuhan grafis tinggi; Memiliki storage yang mendukung workflow lebih cepat,fallback,benchmark
MSI Stealth 15M B12UE Gaming Laptop,MSI,12th Gen Core i7,16,1000,0,6 GB NVIDIA GeForce RTX 3060,Windows,15.6,1920 x 1080,14,20,73,139990,100.0,100.0,80,90,95.5,93.5,91.5,93.0,94.5,Gaming,High Budget,Cocok untuk gaming dan kebutuhan grafis tinggi; Cocok untuk programming dan multitasking; Cocok untuk AI ringan dan image processing; Memiliki storage yang mendukung workflow lebih cepat,benchmark,benchmark
HP Pavilion x360 14-ek0086TU Laptop,HP,12th Gen Core i5,8,512,0,Intel Iris Xe Graphics,Windows,14.0,1920 x 1080,10,12,59,69950,99.91,28.12,55,75,57.13,67.0,72.78,65.75,65.65,Daily Use,Mid Budget,"Cocok untuk penggunaan harian seperti browsing, mengetik, meeting online, dan tugas ringan; Memiliki storage yang mendukung workflow lebih cepat",benchmark,benchmark
HP Envy x360 13-ay1062AU Laptop,HP,Ryzen 5 5600U,8,512,0,AMD Raedon Graphics,Windows,13.3,1920 x 1080,6,12,66,79990,64.95,35.0,55,75,51.49,56.48,62.98,56.98,55.48,Daily Use,Mid Budget,"Cocok untuk penggunaan harian seperti browsing, mengetik, meeting online, dan tugas ringan; Memiliki storage yang mendukung workflow lebih cepat",benchmark,fallback
LG Gram 14 14Z90Q-G.AH75A2 Laptop,LG,12th Gen Core i7,16,512,0,Intel Iris Xe Graphics,Windows,14.0,1200 x 1920,12,16,71,93490,100.0,28.12,80,75,60.9,73.28,79.06,72.03,70.69,Daily Use,High Budget,"Cocok untuk penggunaan harian seperti browsing, mengetik, meeting online, dan tugas ringan; Cocok untuk programming dan multitasking; Memiliki storage yang mendukung workflow lebih cepat",benchmark,benchmark
Asus ROG Strix G17 2022 G713RW-LL133WS Gaming Laptop,Asus,AMD Ryzen 9 6900HX,16,1000,0,4 GB NVIDIA GeForce RTX 3050,Windows,17.3,2560 x 1440,8,16,79,181589,100.0,100.0,80,90,95.5,93.5,91.5,93.0,94.5,Gaming,High Budget,Cocok untuk gaming dan kebutuhan grafis tinggi; Cocok untuk programming dan multitasking; Cocok untuk AI ringan dan image processing; Memiliki storage yang mendukung workflow lebih cepat,benchmark,benchmark
LG Gram 16Z90Q-G.AH75A2 Laptop,LG,12th Gen Core i7,16,512,0,Intel Iris Xe Graphics,Windows,16.0,1600 x 2560,12,16,72,104590,100.0,28.12,80,75,60.9,73.28,79.06,72.03,70.69,Daily Use,High Budget,"Cocok untuk penggunaan harian seperti browsing, mengetik, meeting online, dan tugas ringan; Cocok untuk programming dan multitasking; Memiliki storage yang mendukung workflow lebih cepat",benchmark,benchmark
Asus TUF Gaming A15 FA506ICB-HN075W Laptop,Asus,Ryzen 7 4800H,16,512,0,4 GB NVIDIA GeForce RTX3050,Windows,15.6,1080 x 1920,8,16,68,78500,81.04,13.04,80,75,49.38,62.87,71.87,62.57,59.53,Daily Use,Mid Budget,"Cocok untuk penggunaan harian seperti browsing, mengetik, meeting online, dan tugas ringan; Cocok untuk programming dan multitasking; Memiliki storage yang mendukung workflow lebih cepat",benchmark,benchmark
LG Gram 17Z90Q-G.AH78A2 Laptop,LG,12th Gen Core i7,16,1000,0,Intel Iris Xe Graphics,Windows,17.0,1600 x 2560,12,16,74,119990,100.0,28.12,80,90,63.15,75.53,84.31,75.03,72.94,Daily Use,High Budget,"Cocok untuk penggunaan harian seperti browsing, mengetik, meeting online, dan tugas ringan; Cocok untuk programming dan multitasking; Memiliki storage yang mendukung workflow lebih cepat",benchmark,benchmark
Dell G15-5525 Gaming Laptop,Dell,Ryzen 7 6800H,16,512,0,6 GB NVIDIA GeForce RTX 3060,Windows,15.6,1920 x 1080,8,16,78,124990,99.56,100.0,80,75,93.14,91.1,86.12,89.87,92.1,Gaming,High Budget,Cocok untuk gaming dan kebutuhan grafis tinggi; Cocok untuk programming dan multitasking; Cocok untuk AI ringan dan image processing; Memiliki storage yang mendukung workflow lebih cepat,benchmark,benchmark
Dell G15-5525 Gaming Laptop,Dell,Ryzen 5 6600H,8,512,0,4 GB NVIDIA GeForce RTX 3050,Windows,15.6,1920 x 1080,6,12,67,81990,73.2,100.0,55,75,82.8,75.62,71.96,75.71,77.87,Gaming,Mid Budget,Cocok untuk gaming dan kebutuhan grafis tinggi; Memiliki storage yang mendukung workflow lebih cepat,benchmark,benchmark
Lenovo IdeaPad Slim 3 82RK0085IN Laptop,Lenovo,12th Gen Core i5,16,512,0,‎Intel Iris Xe Graphics,Windows,15.6,1920 x 1080,10,12,57,61490,99.91,28.12,80,75,60.88,73.25,79.04,72.0,70.65,Daily Use,Mid Budget,"Cocok untuk penggunaan harian seperti browsing, mengetik, meeting online, dan tugas ringan; Cocok untuk programming dan multitasking; Memiliki storage yang mendukung workflow lebih cepat",benchmark,benchmark
MSI Crosshair 15 B12UEZ-037IN Gaming Laptop,MSI,12th Gen Core i7,16,1000,0,6 GB NVIDIA GeForce RTX 3060,Windows,15.6,2560 x 1440,14,20,76,122000,100.0,100.0,80,90,95.5,93.5,91.5,93.0,94.5,Gaming,High Budget,Cocok untuk gaming dan kebutuhan grafis tinggi; Cocok untuk programming dan multitasking; Cocok untuk AI ringan dan image processing; Memiliki storage yang mendukung workflow lebih cepat,benchmark,benchmark
MSI Gaming Raider GE66 12UHS-218IN Gaming Laptop,MSI,12th Gen Core i7,32,2000,0,16 GB NVIDIA GeForce RTX RTX 3080 Ti,Windows,17.3,3840 x 2160,14,20,94,409066,100.0,100.0,95,100,99.25,98.75,98.75,98.75,99.0,Gaming,High Budget,Cocok untuk gaming dan kebutuhan grafis tinggi; Cocok untuk programming dan multitasking; Cocok untuk AI ringan dan image processing; Memiliki storage yang mendukung workflow lebih cepat,benchmark,benchmark
Dell  G15-5525 Laptop,Dell,Ryzen 7 6800H,16,512,0,4 GB NVIDIA GeForce RTX 3050 Ti,Windows,15.6,1920 x 1080,8,16,78,105990,99.56,100.0,80,75,93.14,91.1,86.12,89.87,92.1,Gaming,High Budget,Cocok untuk gaming dan kebutuhan grafis tinggi; Cocok untuk programming dan multitasking; Cocok untuk AI ringan dan image processing; Memiliki storage yang mendukung workflow lebih cepat,benchmark,benchmark
Dell G15-5525 Gaming Laptop,Dell,Ryzen 5 6600H,16,512,0,4 GB NVIDIA GeForce RTX 3050,Windows,15.6,1920 x 1080,6,12,65,74990,73.2,100.0,80,75,86.55,81.87,78.21,81.96,82.87,Gaming,Mid Budget,Cocok untuk gaming dan kebutuhan grafis tinggi; Memiliki storage yang mendukung workflow lebih cepat,benchmark,benchmark
Dell G15-5525 Gaming Laptop,Dell,Ryzen 7 6800H,16,512,0,4 GB NVIDIA GeForce RTX 3050,Windows,15.6,1920 x 1080,8,16,78,98900,99.56,100.0,80,75,93.14,91.1,86.12,89.87,92.1,Gaming,High Budget,Cocok untuk gaming dan kebutuhan grafis tinggi; Cocok untuk programming dan multitasking; Cocok untuk AI ringan dan image processing; Memiliki storage yang mendukung workflow lebih cepat,benchmark,benchmark
Lenovo ThinkPad P14s 20VXS0G800 Laptop,Lenovo,11th Gen Core i7,16,512,0,Intel Integrated Graphics,Windows,14.0,1920 x 1080,4,8,54,103990,86.0,9.99,80,75,49.25,63.85,73.05,63.3,60.35,Daily Use,High Budget,"Cocok untuk penggunaan harian seperti browsing, mengetik, meeting online, dan tugas ringan; Cocok untuk programming dan multitasking; Memiliki storage yang mendukung workflow lebih cepat",fallback,benchmark
MSI GP66 Leopard 11UG-693IN Gaming Laptop,MSI,11th Gen Core i7,16,1000,0,8 GB NVIDIA GeForce RTX 3070,Windows,15.6,2560 x 1440,8,16,79,129990,86.0,100.0,80,90,92.0,88.6,87.3,88.8,89.6,Gaming,High Budget,Cocok untuk gaming dan kebutuhan grafis tinggi; Cocok untuk programming dan multitasking; Cocok untuk AI ringan dan image processing; Memiliki storage yang mendukung workflow lebih cepat,fallback,benchmark
HP Spectre x360 13-ef0053TU Laptop,HP,12th Gen Core i7,16,512,0,Intel Iris X Graphics,Windows,13.5,3000 x 2000,10,12,74,124999,100.0,14.92,80,75,54.96,69.98,77.74,68.73,66.73,Daily Use,High Budget,"Cocok untuk penggunaan harian seperti browsing, mengetik, meeting online, dan tugas ringan; Cocok untuk programming dan multitasking; Memiliki storage yang mendukung workflow lebih cepat",benchmark,benchmark
MSI Sword 15 A12UD-471IN  Gaming Laptop,MSI,12th Gen Core i5,16,512,0,4 GB NVIDIA GeForce RTX 3050 Ti,Windows,15.6,1920 x 1080,12,16,69,85990,99.91,100.0,80,75,93.23,91.22,86.22,89.97,92.22,Gaming,Mid Budget,Cocok untuk gaming dan kebutuhan grafis tinggi; Cocok untuk programming dan multitasking; Cocok untuk AI ringan dan image processing; Memiliki storage yang mendukung workflow lebih cepat,benchmark,benchmark
MSI Katana GF66 12UD-472IN Gaming Laptop,MSI,12th Gen Core i5,16,512,0,4 GB NVIDIA GeForce RTX 3050 Ti,Windows,15.6,1920 x 1080,12,16,69,76990,99.91,100.0,80,75,93.23,91.22,86.22,89.97,92.22,Gaming,Mid Budget,Cocok untuk gaming dan kebutuhan grafis tinggi; Cocok untuk programming dan multitasking; Cocok untuk AI ringan dan image processing; Memiliki storage yang mendukung workflow lebih cepat,benchmark,benchmark
Lenovo Thinkpad P15v 21AAS0R500 Laptop,Lenovo,11th Gen Core i9,32,1000,0,4 GB Nvidia RTX A2000,Windows,15.6,1920 x 1080,8,16,88,259500,100.0,100.0,95,90,97.75,97.25,95.25,96.75,97.5,Gaming,High Budget,Cocok untuk gaming dan kebutuhan grafis tinggi; Cocok untuk programming dan multitasking; Cocok untuk AI ringan dan image processing; Memiliki storage yang mendukung workflow lebih cepat,fallback,benchmark
Asus ROG Strix G17 2022 G713RW-LL111WS Gaming Laptop,Asus,AMD Ryzen 9 6900HX,16,1000,0,8 GB NVIDIA GeForce RTX 3070 Ti,Windows,17.3,2560 x 1440,8,16,79,188990,100.0,100.0,80,90,95.5,93.5,91.5,93.0,94.5,Gaming,High Budget,Cocok untuk gaming dan kebutuhan grafis tinggi; Cocok untuk programming dan multitasking; Cocok untuk AI ringan dan image processing; Memiliki storage yang mendukung workflow lebih cepat,benchmark,benchmark
Microsoft Surface GO 2 8QF-00046 Laptop,Microsoft,11th Gen Core i5,8,256,0,Intel Iris Xe Graphics,Windows,12.4,1536 x 1024,4,8,56,77324,71.0,28.12,55,60,47.65,54.63,58.86,54.08,53.29,Daily Use,Mid Budget,"Cocok untuk penggunaan harian seperti browsing, mengetik, meeting online, dan tugas ringan",fallback,benchmark
Dell Inspiron 7420 2-in-1 Touch Laptop,Dell,12th Gen Core i3,8,512,0,Intel Iris Xe Graphics,Windows,14.0,1920 x 1200,6,8,65,62490,54.52,28.12,55,75,45.78,51.11,59.17,52.14,49.77,Daily Use,Mid Budget,"Cocok untuk penggunaan harian seperti browsing, mengetik, meeting online, dan tugas ringan; Memiliki storage yang mendukung workflow lebih cepat",benchmark,benchmark
Lenovo V14  82KAA01SIH Laptop,Lenovo,11th Gen Core i3,4,256,0,Intel Integrated UHD,Windows,15.0,1920 x 1080,2,4,50,31999,54.52,16.42,30,60,34.52,39.69,46.5,39.96,39.01,Daily Use,Low Budget,"Cocok untuk penggunaan harian seperti browsing, mengetik, meeting online, dan tugas ringan",benchmark,benchmark
HP Victus 16-e1062AX Gaming Laptop,HP,AMD Ryzen 5 6600H,8,512,0,4 GB NVIDIA GeForce RTX 3050,Windows,16.1,1920 x 1080,6,12,67,84190,73.2,100.0,55,75,82.8,75.62,71.96,75.71,77.87,Gaming,Mid Budget,Cocok untuk gaming dan kebutuhan grafis tinggi; Memiliki storage yang mendukung workflow lebih cepat,benchmark,benchmark
HP Victus 16-e1060AX Gaming Laptop,HP,AMD Ryzen 7 6800H,16,512,0,4 GB NVIDIA GeForce RTX 3050 Ti,Windows,16.1,1920 x 1080,8,16,78,111500,99.56,100.0,80,75,93.14,91.1,86.12,89.87,92.1,Gaming,High Budget,Cocok untuk gaming dan kebutuhan grafis tinggi; Cocok untuk programming dan multitasking; Cocok untuk AI ringan dan image processing; Memiliki storage yang mendukung workflow lebih cepat,benchmark,benchmark
HP Victus 16-e0305ax Gaming Laptop,HP,AMD Ryzen 7 5800H,8,512,0,4 GB NVIDIA GeForce RTX 3050,Windows,16.1,1920 x 1080,8,16,74,78950,91.22,100.0,55,75,87.3,81.93,77.37,81.12,84.18,Gaming,Mid Budget,Cocok untuk gaming dan kebutuhan grafis tinggi; Cocok untuk AI ringan dan image processing; Memiliki storage yang mendukung workflow lebih cepat,benchmark,benchmark
Microsoft Surface GO 2 8QC-00021 Laptop,Microsoft,11th Gen Core i5,8,128,0,Intel Iris Xe Graphics,Windows,12.4,1536 x 1024,4,8,55,71990,71.0,28.12,55,50,46.15,53.13,55.36,52.08,51.79,Daily Use,Mid Budget,"Cocok untuk penggunaan harian seperti browsing, mengetik, meeting online, dan tugas ringan",fallback,benchmark
Acer TravelMate TMP214-53 Laptop,Acer,11th Gen Core i3,8,256,0,Intel Integrated Iris Xe,Windows,14.0,1920 x 1080,2,4,54,41490,54.52,28.12,55,60,43.53,48.86,53.92,49.14,47.52,Daily Use,Low Budget,"Cocok untuk penggunaan harian seperti browsing, mengetik, meeting online, dan tugas ringan",benchmark,benchmark
Acer TravelMate TMP214-53 Laptop,Acer,11th Gen Core i5,8,512,0,Intel Integrated Iris Xe,Windows,14.0,1920 x 1080,4,8,63,51990,71.0,28.12,55,75,49.9,56.88,64.11,57.08,55.54,Daily Use,Low Budget,"Cocok untuk penggunaan harian seperti browsing, mengetik, meeting online, dan tugas ringan; Memiliki storage yang mendukung workflow lebih cepat",fallback,benchmark
Acer TravelMate TMP214-53 Laptop,Acer,11th Gen Core i3,8,512,0,Intel Integrated Iris Xe,Windows,14.0,1920 x 1080,2,4,56,45990,54.52,28.12,55,75,45.78,51.11,59.17,52.14,49.77,Daily Use,Low Budget,"Cocok untuk penggunaan harian seperti browsing, mengetik, meeting online, dan tugas ringan; Memiliki storage yang mendukung workflow lebih cepat",benchmark,benchmark
Acer Aspire 3 A315-58 Laptop,Acer,11th Gen Core i3,8,256,0,Intel Integrated UHD,Windows,15.6,1920 x 1080,2,4,54,32800,54.52,16.42,55,60,38.27,45.94,52.75,46.21,44.01,Daily Use,Low Budget,"Cocok untuk penggunaan harian seperti browsing, mengetik, meeting online, dan tugas ringan",benchmark,benchmark
Acer Nitro 5 AN515-57 UN.QEHSI.004 Laptop,Acer,11th Gen Core i5,8,256,1000,4 GB NVIDIA GeForce GTX 1650,Windows,15.6,1920 x 1080,6,12,74,62999,71.0,77.12,55,65,70.45,67.63,65.51,67.33,68.74,Gaming,Mid Budget,Cocok untuk gaming dan kebutuhan grafis tinggi,fallback,benchmark
Acer TravelMate TMP214-53 Business Laptop,Acer,11th Gen Core i5,16,512,0,Intel Integrated Iris Xe,Windows,14.0,1920 x 1080,4,8,65,57990,71.0,28.12,80,75,53.65,63.13,70.36,63.33,60.54,Daily Use,Mid Budget,"Cocok untuk penggunaan harian seperti browsing, mengetik, meeting online, dan tugas ringan; Memiliki storage yang mendukung workflow lebih cepat",fallback,benchmark
Lenovo Legion 5 82JK00BEIN Laptop,Lenovo,11th Gen Core i7,16,512,0,4 GB NVIDIA GeForce RTX 3050,Windows,15.6,1920 x 1080,8,16,73,119990,86.0,100.0,80,75,89.75,86.35,82.05,85.8,87.35,Gaming,High Budget,Cocok untuk gaming dan kebutuhan grafis tinggi; Cocok untuk programming dan multitasking; Cocok untuk AI ringan dan image processing; Memiliki storage yang mendukung workflow lebih cepat,fallback,benchmark
Lenovo IdeaPad Slim 3 81X800LGIN Laptop,Lenovo,11th Gen Core i3,8,512,0,Intel UHD Graphics,Windows,15.6,1920 x 1080,0,0,0,36999,54.52,16.42,55,75,40.52,48.19,58.0,49.21,46.26,Daily Use,Low Budget,"Cocok untuk penggunaan harian seperti browsing, mengetik, meeting online, dan tugas ringan; Memiliki storage yang mendukung workflow lebih cepat",benchmark,benchmark
Acer Aspire 3 A315-59 Laptop,Acer,12th Gen Core i5,8,512,0,Intel Iris Xe Graphics,Windows,15.6,1920 x 1080,10,12,56,56699,99.91,28.12,55,75,57.13,67.0,72.78,65.75,65.65,Daily Use,Mid Budget,"Cocok untuk penggunaan harian seperti browsing, mengetik, meeting online, dan tugas ringan; Memiliki storage yang mendukung workflow lebih cepat",benchmark,benchmark
Dell Inspiron 3525 Laptop,Dell,AMD Ryzen7 5825U,8,512,0,AMD Radeon Radeon Graphics,Windows,15.6,1920 x 1080,8,16,67,58750,77.1,73.06,55,75,71.65,70.25,70.44,70.14,71.15,Gaming,Mid Budget,Cocok untuk gaming dan kebutuhan grafis tinggi; Memiliki storage yang mendukung workflow lebih cepat,benchmark,benchmark
Asus TUF Gaming F17 FX777ZE-HX052WS Laptop,Asus,12th Gen Core i7,16,1000,0,4 GB NVIDIA GeForce RTX 3050,Windows,17.3,1920 x 1080,14,20,80,114990,100.0,100.0,80,90,95.5,93.5,91.5,93.0,94.5,Gaming,High Budget,Cocok untuk gaming dan kebutuhan grafis tinggi; Cocok untuk programming dan multitasking; Cocok untuk AI ringan dan image processing; Memiliki storage yang mendukung workflow lebih cepat,benchmark,benchmark
Acer Nitro 5 AN515-45 NH.QBCSI.00F Gaming Laptop,Acer,AMD Ryzen 5 5600H,16,512,1000,6 GB NVIDIA GeForce RTX 3060,Windows,15.6,2560 x 1440,6,12,79,129999,73.2,100.0,80,80,87.3,82.62,79.96,82.96,83.62,Gaming,High Budget,Cocok untuk gaming dan kebutuhan grafis tinggi; Memiliki storage yang mendukung workflow lebih cepat,benchmark,benchmark
Dell Inspiron 7420 Laptop,Dell,12th Gen Core i5,8,512,0,2 GB NVIDIA GeForce MX550,Windows,14.0,1920 x 1200,10,12,57,86990,99.91,50.62,55,75,67.26,72.62,75.04,71.38,72.4,Daily Use,High Budget,"Cocok untuk penggunaan harian seperti browsing, mengetik, meeting online, dan tugas ringan; Memiliki storage yang mendukung workflow lebih cepat",benchmark,benchmark
Asus Vivobook S15 OLED S3502ZA-L702WS Laptop,Asus,12th Gen Core i7,16,512,0,Intel Iris XE Graphics,Windows,15.6,1920 x 1080,14,20,63,84900,100.0,28.12,80,75,60.9,73.28,79.06,72.03,70.69,Daily Use,Mid Budget,"Cocok untuk penggunaan harian seperti browsing, mengetik, meeting online, dan tugas ringan; Cocok untuk programming dan multitasking; Memiliki storage yang mendukung workflow lebih cepat",benchmark,benchmark
Lenovo Thinkpad E14 Gen 2 20TAS14C00 Laptop,Lenovo,11th Gen Core i3,8,512,0,Intel UHD,DOS,14.0,1920 x 1080,2,4,49,48000,54.52,26.45,55,75,45.03,50.69,59.0,51.72,49.27,Daily Use,Low Budget,"Cocok untuk penggunaan harian seperti browsing, mengetik, meeting online, dan tugas ringan; Memiliki storage yang mendukung workflow lebih cepat",benchmark,benchmark
Asus ZenBook S13 UM5302TA-LX701WS Laptop,Asus,AMD Ryzen 7 6800U,16,1000,0,AMD Radeon AMD,Windows,13.3,2880 x 1800,8,16,73,119990,99.56,7.39,80,90,53.72,70.19,82.11,69.72,66.56,Daily Use,High Budget,"Cocok untuk penggunaan harian seperti browsing, mengetik, meeting online, dan tugas ringan; Cocok untuk programming dan multitasking; Memiliki storage yang mendukung workflow lebih cepat",benchmark,benchmark
Asus ZenBook S13 UM5302TA-LX501WS Laptop,Asus,AMD Ryzen 5 6600U,16,512,0,AMD Radeon AMD,Windows,13.3,2880 x 1800,6,12,71,99800,64.95,7.39,80,75,42.81,55.83,66.47,56.33,52.2,Daily Use,High Budget,"Cocok untuk penggunaan harian seperti browsing, mengetik, meeting online, dan tugas ringan; Memiliki storage yang mendukung workflow lebih cepat",benchmark,benchmark
Asus TUF Dash F15 2022 FX517ZE-HN036WS Gaming Laptop,Asus,12th Gen Core i7,16,512,0,4 GB NVIDIA GeForce RTX 3050-Ti,Windows,15.6,1920 x 1080,10,16,68,98990,100.0,100.0,80,75,93.25,91.25,86.25,90.0,92.25,Gaming,High Budget,Cocok untuk gaming dan kebutuhan grafis tinggi; Cocok untuk programming dan multitasking; Cocok untuk AI ringan dan image processing; Memiliki storage yang mendukung workflow lebih cepat,benchmark,benchmark
Lenovo IdeaPad Gaming 3 81Y401BHIN Gaming Laptop,Lenovo,10th Gen Core i7,8,512,0,4 GB NVIDIA GeForce GTX 1650,Windows,15.6,1920 x 1080,6,12,72,74829,100.0,77.12,55,75,79.2,79.28,77.71,78.03,80.39,Gaming,Mid Budget,Cocok untuk gaming dan kebutuhan grafis tinggi; Cocok untuk AI ringan dan image processing; Memiliki storage yang mendukung workflow lebih cepat,benchmark,benchmark
Lenovo ThinkBook 15 21A4A09SIH Laptop,Lenovo,AMD Ryzen 3 5300U,8,256,0,AMD Radeon,Windows,15.6,1920 x 1080,4,8,56,39500,43.04,7.39,55,60,31.34,39.66,48.4,40.51,37.28,Daily Use,Low Budget,"Cocok untuk penggunaan harian seperti browsing, mengetik, meeting online, dan tugas ringan",benchmark,benchmark
Asus VivoBook 14 2022 X1402ZA-EB512WS Laptop,Asus,12th Gen Core i5,16,512,0,Intel Integrated Iris Xe,Windows,14.0,1920 x 1080,12,16,63,62990,99.91,28.12,80,75,60.88,73.25,79.04,72.0,70.65,Daily Use,Mid Budget,"Cocok untuk penggunaan harian seperti browsing, mengetik, meeting online, dan tugas ringan; Cocok untuk programming dan multitasking; Memiliki storage yang mendukung workflow lebih cepat",benchmark,benchmark
Asus VivoBook 14 2022 X1402ZA-EB311WS Laptop,Asus,12th Gen Core i3,8,512,0,Intel Integrated Iris Xe,Windows,14.0,1920 x 1080,10,12,60,47990,54.52,28.12,55,75,45.78,51.11,59.17,52.14,49.77,Daily Use,Low Budget,"Cocok untuk penggunaan harian seperti browsing, mengetik, meeting online, dan tugas ringan; Memiliki storage yang mendukung workflow lebih cepat",benchmark,benchmark
Asus ROG Flow Z13 2022 GZ301ZE-LC193WS Gaming Laptop,Asus,12th Gen Core i9,16,1000,0,4 GB NVIDIA GeForce RTX 3050 Ti,Windows,13.4,3840 x 2400,14,20,74,304980,100.0,100.0,80,90,95.5,93.5,91.5,93.0,94.5,Gaming,High Budget,Cocok untuk gaming dan kebutuhan grafis tinggi; Cocok untuk programming dan multitasking; Cocok untuk AI ringan dan image processing; Memiliki storage yang mendukung workflow lebih cepat,benchmark,benchmark
Asus ROG Flow Z13 2022 GZ301ZE-LD064WS Gaming Laptop,Asus,12th Gen Core i9,16,1000,0,4 GB NVIDIA GeForce RTX 3050 Ti,Windows,13.4,1920 x 1200,14,20,68,181990,100.0,100.0,80,90,95.5,93.5,91.5,93.0,94.5,Gaming,High Budget,Cocok untuk gaming dan kebutuhan grafis tinggi; Cocok untuk programming dan multitasking; Cocok untuk AI ringan dan image processing; Memiliki storage yang mendukung workflow lebih cepat,benchmark,benchmark
Asus ROG Flow Z13 2022 GZ301ZC-LD123WS Gaming Laptop,Asus,12th Gen Core i7,16,512,0,4 GB NVIDIA GeForce RTX 3050,Windows,13.4,1920 x 1200,14,20,73,150790,100.0,100.0,80,75,93.25,91.25,86.25,90.0,92.25,Gaming,High Budget,Cocok untuk gaming dan kebutuhan grafis tinggi; Cocok untuk programming dan multitasking; Cocok untuk AI ringan dan image processing; Memiliki storage yang mendukung workflow lebih cepat,benchmark,benchmark
Asus ROG Flow Z13 2022 GZ301ZA-LD049WS Gaming Laptop,Asus,12th Gen Core i5,16,512,0,Intel Iris X Graphics,Windows,13.4,1920 x 1200,12,16,74,115390,99.91,14.92,80,75,54.94,69.95,77.72,68.7,66.69,Daily Use,High Budget,"Cocok untuk penggunaan harian seperti browsing, mengetik, meeting online, dan tugas ringan; Cocok untuk programming dan multitasking; Memiliki storage yang mendukung workflow lebih cepat",benchmark,benchmark
Asus TUF Dash F15 2022 FX517ZR-HQ030WS Gaming Laptop,Asus,12th Gen Core i7,16,1000,0,8 GB NVIDIA GeForce RTX 3070,Windows,15.6,2560 x 1440,10,16,74,149990,100.0,100.0,80,90,95.5,93.5,91.5,93.0,94.5,Gaming,High Budget,Cocok untuk gaming dan kebutuhan grafis tinggi; Cocok untuk programming dan multitasking; Cocok untuk AI ringan dan image processing; Memiliki storage yang mendukung workflow lebih cepat,benchmark,benchmark
Asus ROG Flow Z13 2022 GZ301ZE-LC192WS Gaming Laptop,Asus,12th Gen Core i9,16,1000,0,4 GB NVIDIA GeForce RTX 3050 Ti,Windows,13.4,3840 x 2400,14,20,72,191990,100.0,100.0,80,90,95.5,93.5,91.5,93.0,94.5,Gaming,High Budget,Cocok untuk gaming dan kebutuhan grafis tinggi; Cocok untuk programming dan multitasking; Cocok untuk AI ringan dan image processing; Memiliki storage yang mendukung workflow lebih cepat,benchmark,benchmark
Asus TUF Dash F15 2022 FX517ZC-HN107WS Gaming Laptop,Asus,12th Gen Core i7,16,512,0,4 GB NVIDIA GeForce RTX 3050,Windows,15.6,1920 x 1080,10,16,68,87990,100.0,100.0,80,75,93.25,91.25,86.25,90.0,92.25,Gaming,High Budget,Cocok untuk gaming dan kebutuhan grafis tinggi; Cocok untuk programming dan multitasking; Cocok untuk AI ringan dan image processing; Memiliki storage yang mendukung workflow lebih cepat,benchmark,benchmark
Acer Aspire 5 A515-56 UN.A1ESI.022,Acer,11th Gen Core i5,8,512,0,Intel Integrated,Windows,15.6,1920 x 1080,4,8,53,49994,71.0,1.06,55,75,37.73,50.11,61.41,50.32,47.42,Daily Use,Low Budget,"Cocok untuk penggunaan harian seperti browsing, mengetik, meeting online, dan tugas ringan; Memiliki storage yang mendukung workflow lebih cepat",fallback,benchmark
MSI GS76 Stealth 11UE-631IN 9S7-17M111-631 Gaming Laptop,MSI,11th Gen Core i7,16,1000,0,6 GB Nvidia GeForce RTX 3060,Windows,15.6,1920 x 1080,8,16,81,162000,86.0,100.0,80,90,92.0,88.6,87.3,88.8,89.6,Gaming,High Budget,Cocok untuk gaming dan kebutuhan grafis tinggi; Cocok untuk programming dan multitasking; Cocok untuk AI ringan dan image processing; Memiliki storage yang mendukung workflow lebih cepat,fallback,benchmark
Infinix INBook X1 Slim XL21 Laptop,Infinix,10th Gen Core i5,8,512,0,Intel Integrated UHD Graphics,Windows,14.0,1920 x 1080,4,8,49,42990,99.91,16.42,55,75,51.87,64.07,71.61,62.83,62.14,Daily Use,Low Budget,"Cocok untuk penggunaan harian seperti browsing, mengetik, meeting online, dan tugas ringan; Memiliki storage yang mendukung workflow lebih cepat",benchmark,benchmark
Acer Predator Helios 300 PH315-55 NH.QGPS.003 Gaming Laptop,Acer,12th Gen Core i7,16,1000,0,6 GB NVIDIA GeForce RTX 3060,Windows,15.6,2560 x 1440,14,20,78,155490,100.0,100.0,80,90,95.5,93.5,91.5,93.0,94.5,Gaming,High Budget,Cocok untuk gaming dan kebutuhan grafis tinggi; Cocok untuk programming dan multitasking; Cocok untuk AI ringan dan image processing; Memiliki storage yang mendukung workflow lebih cepat,benchmark,benchmark
Lenovo ThinkBook 15 21A4A09UIH Laptop,Lenovo,AMD Ryzen 5 5500U,8,512,0,AMD Radeon,Windows,15.6,1920 x 1080,6,12,66,49990,56.3,7.39,55,75,36.9,46.55,57.63,47.49,44.17,Daily Use,Low Budget,"Cocok untuk penggunaan harian seperti browsing, mengetik, meeting online, dan tugas ringan; Memiliki storage yang mendukung workflow lebih cepat",benchmark,benchmark
Lenovo ThinkPad E14 20TAS16F00 Laptop,Lenovo,11th Gen Core i3,4,256,0,Intel UHD,DOS,14.0,1920 x 1080,2,4,44,42300,54.52,26.45,30,60,39.03,42.19,47.5,42.47,42.02,Daily Use,Low Budget,"Cocok untuk penggunaan harian seperti browsing, mengetik, meeting online, dan tugas ringan",benchmark,benchmark
Lenovo Legion 5 15IMH6 82NL00APIN Gaming Laptop,Lenovo,10th Gen Core i5,8,512,0,4 GB NVIDIA GeForce RTX 3050,Windows,15.6,1920 x 1080,6,12,69,73847,99.91,100.0,55,75,89.48,84.97,79.97,83.72,87.22,Gaming,Mid Budget,Cocok untuk gaming dan kebutuhan grafis tinggi; Cocok untuk AI ringan dan image processing; Memiliki storage yang mendukung workflow lebih cepat,benchmark,benchmark
Asus ROG Strix G15 Advantage Edition G513QY-HQ032WS Gaming Laptop,Asus,Ryzen 9 5900HX,16,1000,0,12 GB AMD Radeon RX 6800M,Windows,15.6,2560 x 1440,8,16,78,139990,98.35,88.87,80,90,90.08,90.14,89.89,89.72,90.58,Gaming,High Budget,Cocok untuk gaming dan kebutuhan grafis tinggi; Cocok untuk programming dan multitasking; Cocok untuk AI ringan dan image processing; Memiliki storage yang mendukung workflow lebih cepat,benchmark,benchmark
Asus TUF Gaming F15 FX507ZM-HF068WS Laptop,Asus,12th Gen Core i7,16,1000,0,6 GB NVIDIA GeForce RTX 3060,Windows,15.6,1920 x 1080,14,20,76,118990,100.0,100.0,80,90,95.5,93.5,91.5,93.0,94.5,Gaming,High Budget,Cocok untuk gaming dan kebutuhan grafis tinggi; Cocok untuk programming dan multitasking; Cocok untuk AI ringan dan image processing; Memiliki storage yang mendukung workflow lebih cepat,benchmark,benchmark
Infinix INBook X1 Slim Series XL21 Laptop,Infinix,10th Gen Core i3,8,256,0,Intel Integrated UHD Graphics,Windows,14.0,1920 x 1080,2,4,45,32990,54.52,16.42,55,60,38.27,45.94,52.75,46.21,44.01,Daily Use,Low Budget,"Cocok untuk penggunaan harian seperti browsing, mengetik, meeting online, dan tugas ringan",benchmark,benchmark
Infinix INBook X1 Slim Series XL21 Laptop,Infinix,10th Gen Core i7,16,512,0,Intel Integrated UHD,Windows,14.0,1920 x 1080,4,8,49,51990,100.0,16.42,80,75,55.64,70.36,77.89,69.1,67.18,Daily Use,Low Budget,"Cocok untuk penggunaan harian seperti browsing, mengetik, meeting online, dan tugas ringan; Cocok untuk programming dan multitasking; Memiliki storage yang mendukung workflow lebih cepat",benchmark,benchmark
Asus ZenBook Pro Duo 15 OLED 2021 UX582HM-H701WS Laptop,Asus,11th Gen Core i7,16,1000,0,6 GB NVIDIA GeForce RTX 3060,Windows,15.6,3840 x 2160,8,16,86,200000,86.0,100.0,80,90,92.0,88.6,87.3,88.8,89.6,Gaming,High Budget,Cocok untuk gaming dan kebutuhan grafis tinggi; Cocok untuk programming dan multitasking; Cocok untuk AI ringan dan image processing; Memiliki storage yang mendukung workflow lebih cepat,fallback,benchmark
Dell XPS 15 9520 Laptop,Dell,12th Gen Core i7 ,32,1000,0,4 GB NVIDIA Geforce RTX 3050 Ti,Windows,15.6,3840 x 2160,14,20,91,245000,100.0,100.0,95,90,97.75,97.25,95.25,96.75,97.5,Gaming,High Budget,Cocok untuk gaming dan kebutuhan grafis tinggi; Cocok untuk programming dan multitasking; Cocok untuk AI ringan dan image processing; Memiliki storage yang mendukung workflow lebih cepat,benchmark,benchmark
Dell Vostro 3515 Laptop,Dell,Athlon 3050U,8,256,0,AMD Radeon Graphics,Windows,15.6,1366 x 768,2,2,47,35300,13.61,73.06,55,60,53.53,45.78,46.14,48.1,46.68,Gaming,Low Budget,Cocok untuk gaming dan kebutuhan grafis tinggi,benchmark,benchmark
Lenovo ThinkBook 15 20VEA0YQIH Laptop,Lenovo,11th Gen Core i3,8,256,0,Intel UHD Graphics,Windows,15.6,1920 x 1080,2,4,54,37990,54.52,16.42,55,60,38.27,45.94,52.75,46.21,44.01,Daily Use,Low Budget,"Cocok untuk penggunaan harian seperti browsing, mengetik, meeting online, dan tugas ringan",benchmark,benchmark
HP Omen 16-B1371TX Gaming Laptop,HP,12th Gen Core i7,16,1000,0,8 GB NVIDIA GeForce RTX 3070Ti,Windows,16.1,2560 x 1440,14,20,84,176490,100.0,100.0,80,90,95.5,93.5,91.5,93.0,94.5,Gaming,High Budget,Cocok untuk gaming dan kebutuhan grafis tinggi; Cocok untuk programming dan multitasking; Cocok untuk AI ringan dan image processing; Memiliki storage yang mendukung workflow lebih cepat,benchmark,benchmark
Asus VivoBook 15 X512DA-BQ303WS Laptop,Asus,Ryzen 3 3250U,8,256,0,AMD Radeon AMD Radeon,Windows,15.6,1920 x 1080,2,4,48,33990,17.49,7.39,55,60,24.95,30.72,40.74,32.84,28.34,Daily Use,Low Budget,"Cocok untuk penggunaan harian seperti browsing, mengetik, meeting online, dan tugas ringan",benchmark,benchmark
Dell Vostro 3515 Laptop,Dell,Ryzen 3 3250U,8,256,0,AMD Radeon Graphics,Windows,15.6,1920 x 1080,2,4,54,38890,17.49,73.06,55,60,54.5,47.14,47.3,49.26,48.04,Gaming,Low Budget,Cocok untuk gaming dan kebutuhan grafis tinggi,benchmark,benchmark
Asus Strix G15 G513RM-HF274WS Gaming Laptop,Asus,Ryzen 7 6800H,16,1000,0,6 GB NVIDIA GeForce RTX 3060,Windows,15.6,1920 x 1080,8,16,75,135960,99.56,100.0,80,90,95.39,93.35,91.37,92.87,94.35,Gaming,High Budget,Cocok untuk gaming dan kebutuhan grafis tinggi; Cocok untuk programming dan multitasking; Cocok untuk AI ringan dan image processing; Memiliki storage yang mendukung workflow lebih cepat,benchmark,benchmark
HP Omen 16-b1350TX Laptop,HP,12th Gen Core i7,16,1000,0,4 GB NVIDIA GeForce RTX 3050,Windows,16.1,1920 x 1080,14,20,74,128999,100.0,100.0,80,90,95.5,93.5,91.5,93.0,94.5,Gaming,High Budget,Cocok untuk gaming dan kebutuhan grafis tinggi; Cocok untuk programming dan multitasking; Cocok untuk AI ringan dan image processing; Memiliki storage yang mendukung workflow lebih cepat,benchmark,benchmark
Asus TUF Gaming A17 FA777RC-HX027WS Laptop,Asus,Ryzen 7 6800H,16,512,0,4 GB NVIDIA GeForce RTX 3050,Windows,17.3,1920 x 1080,8,16,67,88990,99.56,100.0,80,75,93.14,91.1,86.12,89.87,92.1,Gaming,High Budget,Cocok untuk gaming dan kebutuhan grafis tinggi; Cocok untuk programming dan multitasking; Cocok untuk AI ringan dan image processing; Memiliki storage yang mendukung workflow lebih cepat,benchmark,benchmark
Lenovo ThinkBook 14 G2 20VDA0QMIH Laptop,Lenovo,11th Gen Core i3,8,512,0,Intel UHD Graphics,DOS,14.0,1920 x 1080,2,4,47,44799,54.52,16.42,55,75,40.52,48.19,58.0,49.21,46.26,Daily Use,Low Budget,"Cocok untuk penggunaan harian seperti browsing, mengetik, meeting online, dan tugas ringan; Memiliki storage yang mendukung workflow lebih cepat",benchmark,benchmark
Asus Vivobook 15 Touch X515EA-EZ311WS Laptop,Asus,11th Gen Core i3,8,512,0,Intel Integrated UHD Graphics,Windows,15.6,1920 x 1080,2,4,57,39990,54.52,16.42,55,75,40.52,48.19,58.0,49.21,46.26,Daily Use,Low Budget,"Cocok untuk penggunaan harian seperti browsing, mengetik, meeting online, dan tugas ringan; Memiliki storage yang mendukung workflow lebih cepat",benchmark,benchmark
Asus Vivobook 15 Touch X515EA-EZ501WS Laptop,Asus,11th Gen Core i5,8,512,0,Intel Integrated Iris Xe,Windows,15.6,1920 x 1080,4,8,62,51990,71.0,28.12,55,75,49.9,56.88,64.11,57.08,55.54,Daily Use,Low Budget,"Cocok untuk penggunaan harian seperti browsing, mengetik, meeting online, dan tugas ringan; Memiliki storage yang mendukung workflow lebih cepat",fallback,benchmark
Asus TUF Gaming F17 FX777ZC-HX069W Gaming Laptop,Asus,12th Gen Core i5,16,512,0,4 GB NVIDIA GeForce RTX 3050,Windows,17.3,1920 x 1080,12,16,68,94990,99.91,100.0,80,75,93.23,91.22,86.22,89.97,92.22,Gaming,High Budget,Cocok untuk gaming dan kebutuhan grafis tinggi; Cocok untuk programming dan multitasking; Cocok untuk AI ringan dan image processing; Memiliki storage yang mendukung workflow lebih cepat,benchmark,benchmark
Lenovo ThinkBook 15 21A4A09RIH Laptop,Lenovo,AMD Ryzen 5 5500U,16,512,0,AMD Radeon,Windows,15.6,1920 x 1080,6,12,66,48790,56.3,7.39,80,75,40.65,52.8,63.88,53.74,49.17,Daily Use,Low Budget,"Cocok untuk penggunaan harian seperti browsing, mengetik, meeting online, dan tugas ringan; Memiliki storage yang mendukung workflow lebih cepat",benchmark,benchmark
Asus TUF A17 FA766IC-HX005W Gaming Laptop,Asus,Ryzen 7 4800H,16,512,0,4 GB NVIDIA GeForce RTX 3050,Windows,17.3,1920 x 1080,8,16,69,84990,81.04,100.0,80,75,88.51,84.61,80.56,84.31,85.61,Gaming,Mid Budget,Cocok untuk gaming dan kebutuhan grafis tinggi; Cocok untuk programming dan multitasking; Cocok untuk AI ringan dan image processing; Memiliki storage yang mendukung workflow lebih cepat,benchmark,benchmark
MSI Thin GF63 11UC-850IN Gaming Laptop,MSI,11th Gen Core i7,8,512,0,4 GB NVIDIA Geforce RTX 3050,Windows,15.6,1920 x 1080,8,16,72,72985,86.0,100.0,55,75,86.0,80.1,75.8,79.55,82.35,Gaming,Mid Budget,Cocok untuk gaming dan kebutuhan grafis tinggi; Cocok untuk AI ringan dan image processing; Memiliki storage yang mendukung workflow lebih cepat,fallback,benchmark
MSI Sword 15 A12UC-467IN Gaming Laptop,MSI,12th Gen Core i5,16,1000,0,4 GB NVIDIA GeForce RTX RTX3050,Windows,15.6,1920 x 1080,12,16,67,89544,99.91,100.0,80,90,95.48,93.47,91.47,92.97,94.47,Gaming,High Budget,Cocok untuk gaming dan kebutuhan grafis tinggi; Cocok untuk programming dan multitasking; Cocok untuk AI ringan dan image processing; Memiliki storage yang mendukung workflow lebih cepat,benchmark,benchmark
MSI Thin GF63 11UC-851IN Gaming Laptop,MSI,11th Gen Core i5,8,512,0,4 GB NVIDIA Geforce RTX 3050,Windows,15.6,1920 x 1080,6,12,71,63800,71.0,100.0,55,75,82.25,74.85,71.3,75.05,77.1,Gaming,Mid Budget,Cocok untuk gaming dan kebutuhan grafis tinggi; Memiliki storage yang mendukung workflow lebih cepat,fallback,benchmark
Apple MacBook Pro 2022 Laptop,Apple,Apple M2,8,256,0,10 Core GPU,Mac,13.3,2560 x 1600,8,0,43,121990,100.0,35.0,55,60,58.0,66.5,68.25,64.5,65.5,Daily Use,High Budget,"Cocok untuk penggunaan harian seperti browsing, mengetik, meeting online, dan tugas ringan",benchmark,fallback
HP Pavilion 15s-fy5001TU Laptop,HP,12th Gen Core i5,8,512,0,Intel Integrated Iris Xe Graphics,Windows,15.6,1920 x 1080,12,16,59,61000,99.91,28.12,55,75,57.13,67.0,72.78,65.75,65.65,Daily Use,Mid Budget,"Cocok untuk penggunaan harian seperti browsing, mengetik, meeting online, dan tugas ringan; Memiliki storage yang mendukung workflow lebih cepat",benchmark,benchmark
Lenovo IdeaPad Gaming 3 15IHU6 82K101A3IN Laptop,Lenovo,11th Gen Core i5,16,512,0,4 GB NVIDIA GeForce RTX 3050 Graphics,Windows,15.6,1920 x 1080,4,8,71,68990,71.0,100.0,80,75,86.0,81.1,77.55,81.3,82.1,Gaming,Mid Budget,Cocok untuk gaming dan kebutuhan grafis tinggi; Memiliki storage yang mendukung workflow lebih cepat,fallback,benchmark
HP Victus 16-d0354TX Laptop,HP,11th Gen Core i5,8,512,0,4 GB NVIDIA GeForce RTX 3050,Windows,16.1,1920 x 1080,6,12,71,67990,71.0,100.0,55,75,82.25,74.85,71.3,75.05,77.1,Gaming,Mid Budget,Cocok untuk gaming dan kebutuhan grafis tinggi; Memiliki storage yang mendukung workflow lebih cepat,fallback,benchmark
Asus TUF Gaming A15 FA506IC-HN100W Laptop,Asus,Ryzen 7 4800H,8,1000,0,4 GB NVIDIA GeForce RTX3050,Windows,15.6,1080 x 1920,8,16,62,85990,81.04,13.04,55,90,47.88,58.87,70.87,59.32,56.78,Daily Use,Mid Budget,"Cocok untuk penggunaan harian seperti browsing, mengetik, meeting online, dan tugas ringan; Memiliki storage yang mendukung workflow lebih cepat",benchmark,benchmark
Lenovo ThinkBook 15 20VEA0YPIH Laptop,Lenovo,11th Gen Core i3,8,512,0,Intel Integrated Graphics,Windows,15.6,1920 x 1080,2,4,53,41999,54.52,9.99,55,75,37.63,46.58,57.36,47.6,44.33,Daily Use,Low Budget,"Cocok untuk penggunaan harian seperti browsing, mengetik, meeting online, dan tugas ringan; Memiliki storage yang mendukung workflow lebih cepat",benchmark,benchmark
Asus TUF Gaming F15 FX577ZE-HN072WS Laptop,Asus,12th Gen Core i7,16,1000,0,4 GB ‎NVIDIA GeForce RTX 3050 Ti,Windows,15.6,1920 x 1080,0,20,62,107498,100.0,100.0,80,90,95.5,93.5,91.5,93.0,94.5,Gaming,High Budget,Cocok untuk gaming dan kebutuhan grafis tinggi; Cocok untuk programming dan multitasking; Cocok untuk AI ringan dan image processing; Memiliki storage yang mendukung workflow lebih cepat,benchmark,benchmark
HP Victus 16-d0361TX Laptop,HP,11th Gen Core i7,16,512,0,6 GB NVIDIA GeForce RTX RTX 3060,Windows,16.1,1920 x 1080,8,16,73,104000,86.0,100.0,80,75,89.75,86.35,82.05,85.8,87.35,Gaming,High Budget,Cocok untuk gaming dan kebutuhan grafis tinggi; Cocok untuk programming dan multitasking; Cocok untuk AI ringan dan image processing; Memiliki storage yang mendukung workflow lebih cepat,fallback,benchmark
Dell Inspiron 7425 Laptop,Dell,AMD Ryzen 5 5625U,8,512,0,AMD Radeon,Windows,14.0,1920 x 1200,6,12,72,78203,64.35,7.39,55,75,38.91,49.37,60.04,49.9,46.99,Daily Use,Mid Budget,"Cocok untuk penggunaan harian seperti browsing, mengetik, meeting online, dan tugas ringan; Memiliki storage yang mendukung workflow lebih cepat",benchmark,benchmark
Acer Predator Helios 300 NH.QC2SI.00B Laptop,Acer,11th Gen Core i9,16,1000,0,6 GB NVIDIA GeForce RTX 3060,Windows,15.6,2560 x 1440,8,16,78,119990,100.0,100.0,80,90,95.5,93.5,91.5,93.0,94.5,Gaming,High Budget,Cocok untuk gaming dan kebutuhan grafis tinggi; Cocok untuk programming dan multitasking; Cocok untuk AI ringan dan image processing; Memiliki storage yang mendukung workflow lebih cepat,fallback,benchmark
Dell Inspiron 7425 Laptop,Dell,AMD Ryzen 7 5825U,16,512,0,AMD Radeon,Windows,14.0,1920 x 1200,8,16,73,89990,77.1,7.39,80,75,45.85,60.08,70.12,59.98,56.45,Daily Use,High Budget,"Cocok untuk penggunaan harian seperti browsing, mengetik, meeting online, dan tugas ringan; Cocok untuk programming dan multitasking; Memiliki storage yang mendukung workflow lebih cepat",benchmark,benchmark
Asus ROG Strix G17 G713RM-LL167WS Gaming Laptop,Asus,AMD Ryzen 7 6800H,16,1000,0,6 GB NVIDIA GeForce RTX 3060,Windows,17.3,2560 x 1440,8,16,69,134990,99.56,100.0,80,90,95.39,93.35,91.37,92.87,94.35,Gaming,High Budget,Cocok untuk gaming dan kebutuhan grafis tinggi; Cocok untuk programming dan multitasking; Cocok untuk AI ringan dan image processing; Memiliki storage yang mendukung workflow lebih cepat,benchmark,benchmark
Samsung Galaxy Book2 15 Laptop,Samsung,12th Gen Core i5,8,256,0,Intel Iris Xe Graphics,Windows,15.6,1920 x 1080,10,12,57,59990,99.91,28.12,55,60,54.88,64.75,67.54,62.75,63.4,Daily Use,Mid Budget,"Cocok untuk penggunaan harian seperti browsing, mengetik, meeting online, dan tugas ringan",benchmark,benchmark
HP Pavilion 14-dv2016TU Laptop,HP,12th Gen Core i5,16,512,0,Intel Iris Xᵉ Graphics,Windows,14.0,1920 x 1080,10,12,62,69900,99.91,14.92,80,75,54.94,69.95,77.72,68.7,66.69,Daily Use,Mid Budget,"Cocok untuk penggunaan harian seperti browsing, mengetik, meeting online, dan tugas ringan; Cocok untuk programming dan multitasking; Memiliki storage yang mendukung workflow lebih cepat",benchmark,benchmark
HP Envy x360 13-ay1059AU Laptop,HP,Ryzen 5 5600U,8,512,0,AMD Raedon Graphics,Windows,13.3,1920 x 1080,6,12,65,77990,64.95,35.0,55,75,51.49,56.48,62.98,56.98,55.48,Daily Use,Mid Budget,"Cocok untuk penggunaan harian seperti browsing, mengetik, meeting online, dan tugas ringan; Memiliki storage yang mendukung workflow lebih cepat",benchmark,fallback
HP Pavilion Gaming 15-DK1520TX Laptop,HP,10th Gen Core i5,8,512,0,4 GB NVIDIA GeForce GTX 1650,Windows,15.6,1920 x 1080,4,8,71,60990,99.91,77.12,55,75,79.18,79.25,77.68,78.0,80.35,Gaming,Mid Budget,Cocok untuk gaming dan kebutuhan grafis tinggi; Cocok untuk AI ringan dan image processing; Memiliki storage yang mendukung workflow lebih cepat,benchmark,benchmark
Lenovo IdeaPad Gaming 3 82K10199IN Laptop,Lenovo,11th Gen Core i5,8,512,0,4 GB NVIDIA GeForce RTX 3050,Windows,15.6,1920 x 1080,4,8,68,67000,71.0,100.0,55,75,82.25,74.85,71.3,75.05,77.1,Gaming,Mid Budget,Cocok untuk gaming dan kebutuhan grafis tinggi; Memiliki storage yang mendukung workflow lebih cepat,fallback,benchmark
HP Pavilion 14-dv2019TU Laptop,HP,12th Gen Core i5,8,512,0,Intel Integrated Intel Iris Xe Graphics,Windows,14.0,1920 x 1080,10,12,55,62999,99.91,28.12,55,75,57.13,67.0,72.78,65.75,65.65,Daily Use,Mid Budget,"Cocok untuk penggunaan harian seperti browsing, mengetik, meeting online, dan tugas ringan; Memiliki storage yang mendukung workflow lebih cepat",benchmark,benchmark
Asus VivoBook 15 M515DA-BQ332WS Laptop,Asus,Ryzen 3 3250U,8,512,0,AMD Radeon AMD Radeon,Windows,15.6,1920 x 1080,2,4,55,34990,17.49,7.39,55,75,27.2,32.97,45.99,35.84,30.59,Daily Use,Low Budget,"Cocok untuk penggunaan harian seperti browsing, mengetik, meeting online, dan tugas ringan; Memiliki storage yang mendukung workflow lebih cepat",benchmark,benchmark
Dell Inspiron 15 3511 Laptop,Dell,11th Gen Core i5,8,512,0,Intel Integrated UHD Graphics,Windows,15.6,1920 x 1080,4,8,54,52890,71.0,16.42,55,75,44.64,53.96,62.94,54.16,52.03,Daily Use,Low Budget,"Cocok untuk penggunaan harian seperti browsing, mengetik, meeting online, dan tugas ringan; Memiliki storage yang mendukung workflow lebih cepat",fallback,benchmark
Samsung Galaxy Book2 15 Laptop,Samsung,12th Gen Core i5,16,512,0,Intel Integrated Iris Xe,Windows,15.6,1920 x 1080,10,12,54,69990,99.91,28.12,80,75,60.88,73.25,79.04,72.0,70.65,Daily Use,Mid Budget,"Cocok untuk penggunaan harian seperti browsing, mengetik, meeting online, dan tugas ringan; Cocok untuk programming dan multitasking; Memiliki storage yang mendukung workflow lebih cepat",benchmark,benchmark
Asus Strix G15 G513RM-HF272WS Gaming Laptop,Asus,Ryzen 7 6800H,16,1000,0,6 GB NVIDIA GeForce RTX 3060,Windows,15.6,1920 x 1080,8,16,81,129990,99.56,100.0,80,90,95.39,93.35,91.37,92.87,94.35,Gaming,High Budget,Cocok untuk gaming dan kebutuhan grafis tinggi; Cocok untuk programming dan multitasking; Cocok untuk AI ringan dan image processing; Memiliki storage yang mendukung workflow lebih cepat,benchmark,benchmark
Asus X515EA-BQ522WS Laptop,Asus,11th Gen Core i5,8,512,0,Intel Integrated Iris Xe,Windows,15.6,1920 x 1080,4,8,61,53500,71.0,28.12,55,75,49.9,56.88,64.11,57.08,55.54,Daily Use,Low Budget,"Cocok untuk penggunaan harian seperti browsing, mengetik, meeting online, dan tugas ringan; Memiliki storage yang mendukung workflow lebih cepat",fallback,benchmark
Dell G15-5520 D560737WIN9B Laptop,Dell,12th Gen Core i7,16,512,0,6 GB NVIDIA GeForce RTX 3060,Windows,15.6,1920 x 1080,14,20,79,125990,100.0,100.0,80,75,93.25,91.25,86.25,90.0,92.25,Gaming,High Budget,Cocok untuk gaming dan kebutuhan grafis tinggi; Cocok untuk programming dan multitasking; Cocok untuk AI ringan dan image processing; Memiliki storage yang mendukung workflow lebih cepat,benchmark,benchmark
Lenovo IdeaPad Gaming 3 81Y401ARIN Gaming Laptop,Lenovo,10th Gen Core i5,8,512,0,4 GB NVIDIA GeForce GTX 1650,Windows,15.6,1920 x 1080,4,8,67,63990,99.91,77.12,55,75,79.18,79.25,77.68,78.0,80.35,Gaming,Mid Budget,Cocok untuk gaming dan kebutuhan grafis tinggi; Cocok untuk AI ringan dan image processing; Memiliki storage yang mendukung workflow lebih cepat,benchmark,benchmark
Lenovo IdeaPad Flex 5 82HU00PPIN Laptop,Lenovo,Ryzen 5 5500U,8,512,0,AMD Radeon,Windows,14.0,1920 x 1080,6,12,62,57990,56.3,7.39,55,75,36.9,46.55,57.63,47.49,44.17,Daily Use,Mid Budget,"Cocok untuk penggunaan harian seperti browsing, mengetik, meeting online, dan tugas ringan; Memiliki storage yang mendukung workflow lebih cepat",benchmark,benchmark
Dell Inspiron G15 D560826WIN9G Laptop,Dell,11th Gen Core i5,16,512,0,4 GB NVIDIA GeForce RTX 3050,Windows,15.6,1920 x 1080,6,12,69,101639,71.0,100.0,80,75,86.0,81.1,77.55,81.3,82.1,Gaming,High Budget,Cocok untuk gaming dan kebutuhan grafis tinggi; Memiliki storage yang mendukung workflow lebih cepat,fallback,benchmark
Dell Vostro 3405 Laptop,Dell,Ryzen 3-3250U,8,512,0,AMD Radeon,Windows,14.0,1920 x 1080,2,4,53,38990,17.49,7.39,55,75,27.2,32.97,45.99,35.84,30.59,Daily Use,Low Budget,"Cocok untuk penggunaan harian seperti browsing, mengetik, meeting online, dan tugas ringan; Memiliki storage yang mendukung workflow lebih cepat",benchmark,benchmark
Dell Inspiron 5518 Laptop,Dell,11th Gen Core i5,8,512,0,2 GB NVIDIA GeForce MX450,Windows,15.6,1920 x 1080,4,8,67,65490,71.0,37.49,55,75,54.12,59.22,65.05,59.42,58.35,Daily Use,Mid Budget,"Cocok untuk penggunaan harian seperti browsing, mengetik, meeting online, dan tugas ringan; Memiliki storage yang mendukung workflow lebih cepat",fallback,benchmark
Lenovo IdeaPad 5 Pro 14ITL6 82L300CAIN Laptop,Lenovo,11th Gen Core i7,16,512,0,Intel Integrated,Windows,14.0,2304 x 1400,4,8,63,77490,86.0,1.06,80,75,45.23,61.61,72.16,61.06,57.67,Daily Use,Mid Budget,"Cocok untuk penggunaan harian seperti browsing, mengetik, meeting online, dan tugas ringan; Cocok untuk programming dan multitasking; Memiliki storage yang mendukung workflow lebih cepat",fallback,benchmark
Dell Inspiron G15 D560827WIN9G Laptop,Dell,11th Gen Core i5,8,512,0,4 GB NVIDIA GeForce RTX 3050,Windows,15.6,1920 x 1080,6,12,67,66599,71.0,100.0,55,75,82.25,74.85,71.3,75.05,77.1,Gaming,Mid Budget,Cocok untuk gaming dan kebutuhan grafis tinggi; Memiliki storage yang mendukung workflow lebih cepat,fallback,benchmark
Asus Vivobook S15 OLED K3502ZA-L701WS Laptop,Asus,12th Gen Core i7,16,512,0,Intel Iris XE Graphics,Windows,15.6,1920 x 1080,14,20,71,84700,100.0,28.12,80,75,60.9,73.28,79.06,72.03,70.69,Daily Use,Mid Budget,"Cocok untuk penggunaan harian seperti browsing, mengetik, meeting online, dan tugas ringan; Cocok untuk programming dan multitasking; Memiliki storage yang mendukung workflow lebih cepat",benchmark,benchmark
Lenovo IdeaPad 3 15IML05 81WB01EBIN Laptop,Lenovo,10th Gen Core i3,8,512,0,Intel Integrated,Windows,15.6,1920 x 1080,2,4,53,37990,54.52,1.06,55,75,33.61,44.35,56.46,45.37,41.65,Daily Use,Low Budget,"Cocok untuk penggunaan harian seperti browsing, mengetik, meeting online, dan tugas ringan; Memiliki storage yang mendukung workflow lebih cepat",benchmark,benchmark
Acer Aspire 3 A314-35 UN.K0SSI.011 Laptop,Acer,Celeron N4500,4,256,0,Intel UHD,Windows,14.0,1366 x 768,2,0,48,26600,8.71,26.45,30,60,27.58,26.16,33.76,28.73,25.98,Daily Use,Low Budget,"Cocok untuk penggunaan harian seperti browsing, mengetik, meeting online, dan tugas ringan",benchmark,benchmark
Lenovo IdeaPad 3 15IGL05 81WQ00MQIN Laptop,Lenovo,Celeron N4020,8,256,0,Intel Integrated UHD 600,Windows,15.6,1366 x 768,2,2,53,27000,7.3,16.42,55,60,26.46,29.41,38.58,32.04,27.48,Daily Use,Low Budget,"Cocok untuk penggunaan harian seperti browsing, mengetik, meeting online, dan tugas ringan",benchmark,benchmark
Lenovo IdeaPad 3 15ITL05 81X800K9IN Laptop,Lenovo,11th Gen Core i5,8,512,0,Intel Iris Xe Graphics,Windows,15.6,1920 x 1080,4,8,60,60494,71.0,28.12,55,75,49.9,56.88,64.11,57.08,55.54,Daily Use,Mid Budget,"Cocok untuk penggunaan harian seperti browsing, mengetik, meeting online, dan tugas ringan; Memiliki storage yang mendukung workflow lebih cepat",fallback,benchmark
Lenovo IdeaPad 3 15ITL6 82H802L0IN Laptop,Lenovo,11th Gen Core i3,8,512,0,Intel Integrated UHD,Windows,15.6,1920 x 1080,2,4,59,39994,54.52,16.42,55,75,40.52,48.19,58.0,49.21,46.26,Daily Use,Low Budget,"Cocok untuk penggunaan harian seperti browsing, mengetik, meeting online, dan tugas ringan; Memiliki storage yang mendukung workflow lebih cepat",benchmark,benchmark
Dell Inspiron 5310 Laptop,Dell,11th Gen Core i5,16,512,0,2 GB NVIDIA GeForce MX450,Windows,13.3,2560 x 1600,4,8,66,72620,71.0,37.49,80,75,57.87,65.47,71.3,65.67,63.35,Daily Use,Mid Budget,"Cocok untuk penggunaan harian seperti browsing, mengetik, meeting online, dan tugas ringan; Memiliki storage yang mendukung workflow lebih cepat",fallback,benchmark
Asus Vivobook S14 OLED S3402ZA-KM701WS Laptop,Asus,12th Gen Core i7,16,512,0,Intel Iris Xe Graphics,Windows,14.0,2880 x 1800,14,20,72,81990,100.0,28.12,80,75,60.9,73.28,79.06,72.03,70.69,Daily Use,Mid Budget,"Cocok untuk penggunaan harian seperti browsing, mengetik, meeting online, dan tugas ringan; Cocok untuk programming dan multitasking; Memiliki storage yang mendukung workflow lebih cepat",benchmark,benchmark
Asus Zenbook 14X OLED Space Edition UX5401ZAS-KN711WS Laptop,Asus,12th Gen Core i7,16,1000,0,Intel Iris Xe,Windows,14.0,2880 x 1800,14,20,75,116990,100.0,28.12,80,90,63.15,75.53,84.31,75.03,72.94,Daily Use,High Budget,"Cocok untuk penggunaan harian seperti browsing, mengetik, meeting online, dan tugas ringan; Cocok untuk programming dan multitasking; Memiliki storage yang mendukung workflow lebih cepat",benchmark,benchmark
Asus Vivobook 14 OLED UX3402ZA-KM531WS Laptop,Asus,12th Gen Core i5,16,512,0,Intel Iris Xe,Windows,14.0,2880 x 1800,12,16,61,85990,99.91,28.12,80,75,60.88,73.25,79.04,72.0,70.65,Daily Use,Mid Budget,"Cocok untuk penggunaan harian seperti browsing, mengetik, meeting online, dan tugas ringan; Cocok untuk programming dan multitasking; Memiliki storage yang mendukung workflow lebih cepat",benchmark,benchmark
Lenovo IdeaPad Slim 3 81X800J1IN Laptop,Lenovo,11th Gen Core i5,8,512,0,Intel Integrated,Windows,15.6,1920 x 1080,4,8,60,53100,71.0,1.06,55,75,37.73,50.11,61.41,50.32,47.42,Daily Use,Low Budget,"Cocok untuk penggunaan harian seperti browsing, mengetik, meeting online, dan tugas ringan; Memiliki storage yang mendukung workflow lebih cepat",fallback,benchmark
Asus Zenbook Space Edition UX5401ZAS-KN521WS Laptop,Asus,12th Gen Core i5,16,512,0,Intel Integrated Iris Xe,Windows,14.0,2880 x 1800,12,16,67,104390,99.91,28.12,80,75,60.88,73.25,79.04,72.0,70.65,Daily Use,High Budget,"Cocok untuk penggunaan harian seperti browsing, mengetik, meeting online, dan tugas ringan; Cocok untuk programming dan multitasking; Memiliki storage yang mendukung workflow lebih cepat",benchmark,benchmark
Asus Zenbook 14X OLED Space Edition UX5401ZAS-KN901WS Laptop,Asus,12th Gen Core i9,32,1000,0,Intel Iris X Graphics,Windows,14.0,2880 x 1800,14,20,78,159990,100.0,14.92,95,90,59.46,75.98,86.74,75.48,71.98,Daily Use,High Budget,"Cocok untuk penggunaan harian seperti browsing, mengetik, meeting online, dan tugas ringan; Cocok untuk programming dan multitasking; Memiliki storage yang mendukung workflow lebih cepat",benchmark,benchmark
Lenovo ThinkBook 14 20VDA0TLIH Laptop,Lenovo,11th Gen Core i5,16,512,0,Intel Iris Xe Graphics,Windows,14.0,1920 x 1080,4,8,65,69490,71.0,28.12,80,75,53.65,63.13,70.36,63.33,60.54,Daily Use,Mid Budget,"Cocok untuk penggunaan harian seperti browsing, mengetik, meeting online, dan tugas ringan; Memiliki storage yang mendukung workflow lebih cepat",fallback,benchmark
Acer Aspire 3 A315-58 Laptop,Acer,11th Gen Core i5,8,0,1000,Intel Integrated UHD,Windows,15.6,1920 x 1080,4,8,56,62999,71.0,16.42,55,50,40.89,50.2,54.19,49.16,48.28,Daily Use,Mid Budget,"Cocok untuk penggunaan harian seperti browsing, mengetik, meeting online, dan tugas ringan",fallback,benchmark
Asus TUF Gaming A15 FA506IC-HN075W Laptop,Asus,Ryzen 7 4800H,16,512,0,4 GB NVIDIA GeForce RTX3050,Windows,15.6,1080 x 1920,8,16,55,80990,81.04,13.04,80,75,49.38,62.87,71.87,62.57,59.53,Daily Use,Mid Budget,"Cocok untuk penggunaan harian seperti browsing, mengetik, meeting online, dan tugas ringan; Cocok untuk programming dan multitasking; Memiliki storage yang mendukung workflow lebih cepat",benchmark,benchmark
Acer Extensa EX215-31 Laptop,Acer,Intel Pentium N5030,4,256,0,Intel Integrated UHD 605,Windows,15.6,1366 x 768,4,0,49,23899,12.04,16.42,30,60,23.9,24.82,33.75,27.22,24.14,Daily Use,Low Budget,"Cocok untuk penggunaan harian seperti browsing, mengetik, meeting online, dan tugas ringan",benchmark,benchmark
Fujitsu CH 4ZR1H03553 Laptop,Fujitsu,11th Gen Core i5,16,512,0,Intel Iris Xe Graphics,Windows,13.3,1920 x 1080,4,8,63,54990,71.0,28.12,80,75,53.65,63.13,70.36,63.33,60.54,Daily Use,Low Budget,"Cocok untuk penggunaan harian seperti browsing, mengetik, meeting online, dan tugas ringan; Memiliki storage yang mendukung workflow lebih cepat",fallback,benchmark
Lenovo V15 82KB0003GE Laptop,Lenovo,11th Gen Core i3,8,256,0,Missing,Windows,,,0,0,0,32499,54.52,35.0,55,60,46.63,50.58,54.61,50.86,49.58,Daily Use,Low Budget,"Cocok untuk penggunaan harian seperti browsing, mengetik, meeting online, dan tugas ringan",benchmark,fallback
Lenovo Thinkpad P15v 21AAS0R100 Laptop,Lenovo,11th Gen Core i7,16,1000,0,4 GB Nvidia Quadro T600,Windows,15.6,1920 x 1080,8,16,76,146500,86.0,64.46,80,90,76.01,79.72,83.75,79.91,78.94,All-Rounder,High Budget,"Cocok untuk penggunaan serbaguna seperti kerja, kuliah, editing ringan, dan multitasking; Cocok untuk programming dan multitasking; Memiliki storage yang mendukung workflow lebih cepat",fallback,benchmark
Asus VivoBook 15 X515JA-BQ521WS Laptop,Asus,10th Gen Core i5,8,512,0,Intel Integrated UHD,Windows,15.6,1920 x 1080,4,8,55,42990,99.91,16.42,55,75,51.87,64.07,71.61,62.83,62.14,Daily Use,Low Budget,"Cocok untuk penggunaan harian seperti browsing, mengetik, meeting online, dan tugas ringan; Memiliki storage yang mendukung workflow lebih cepat",benchmark,benchmark
Fujitsu UH-X 4ZR1F38027 Laptop,Fujitsu,11th Gen Core i7,16,1000,0,Intel Iris Xe Graphics,Windows,13.3,1920 x 1080,4,8,69,99990,86.0,28.12,80,90,59.65,70.63,80.11,70.83,68.04,Daily Use,High Budget,"Cocok untuk penggunaan harian seperti browsing, mengetik, meeting online, dan tugas ringan; Cocok untuk programming dan multitasking; Memiliki storage yang mendukung workflow lebih cepat",fallback,benchmark
Lenovo IdeaPad Slim 3 81WE01QLIN Laptop,Lenovo,10th Gen Core i3,8,512,0,Intel UHD Graphics,Windows,14.0,1920 x 1080,2,4,53,37490,54.52,16.42,55,75,40.52,48.19,58.0,49.21,46.26,Daily Use,Low Budget,"Cocok untuk penggunaan harian seperti browsing, mengetik, meeting online, dan tugas ringan; Memiliki storage yang mendukung workflow lebih cepat",benchmark,benchmark
Asus K413EA-EB522WS Laptop,Asus,11th Gen Core i5,16,512,0,Intel Integrated Iris Xe,Windows,14.0,1920 x 1080,4,8,63,56990,71.0,28.12,80,75,53.65,63.13,70.36,63.33,60.54,Daily Use,Mid Budget,"Cocok untuk penggunaan harian seperti browsing, mengetik, meeting online, dan tugas ringan; Memiliki storage yang mendukung workflow lebih cepat",fallback,benchmark
HP Victus 16-e0361ax Gaming Laptop,HP,Ryzen 7 5800H,16,512,0,6 GB NVIDIA GeForce RTX 3060,Windows,16.1,1920 x 1080,8,16,76,104490,91.22,100.0,80,75,91.06,88.18,83.62,87.37,89.18,Gaming,High Budget,Cocok untuk gaming dan kebutuhan grafis tinggi; Cocok untuk programming dan multitasking; Cocok untuk AI ringan dan image processing; Memiliki storage yang mendukung workflow lebih cepat,benchmark,benchmark
Asus Vivobook Pro 14 OLED 2021 M3401QC-KM045WS Laptop,Asus,Ryzen 7-5800H,16,512,0,4 GB NVIDIA GeForce RTX RTX 3050,Windows,14.0,2880 x 1800,8,16,67,87500,91.22,100.0,80,75,91.06,88.18,83.62,87.37,89.18,Gaming,High Budget,Cocok untuk gaming dan kebutuhan grafis tinggi; Cocok untuk programming dan multitasking; Cocok untuk AI ringan dan image processing; Memiliki storage yang mendukung workflow lebih cepat,benchmark,benchmark
HP Pavilion 14-EC1019AU Laptop,HP,Ryzen 5 5625U,16,512,0,AMD Radeon AMD,Windows,14.0,1920 x 1080,6,12,60,61990,64.35,7.39,80,75,42.66,55.62,66.29,56.15,51.99,Daily Use,Mid Budget,"Cocok untuk penggunaan harian seperti browsing, mengetik, meeting online, dan tugas ringan; Memiliki storage yang mendukung workflow lebih cepat",benchmark,benchmark
Asus TUF A15 OLED FA507RM-HF030WS Laptop,Asus,Ryzen 7 6800H,16,1000,0,6 GB NVIDIA GeForce RTX 3060,Windows,15.6,1920 x 1080,8,16,69,114600,99.56,100.0,80,90,95.39,93.35,91.37,92.87,94.35,Gaming,High Budget,Cocok untuk gaming dan kebutuhan grafis tinggi; Cocok untuk programming dan multitasking; Cocok untuk AI ringan dan image processing; Memiliki storage yang mendukung workflow lebih cepat,benchmark,benchmark
Asus VivoBook 14 X415JA-EB501WS Laptop,Asus,10th Gen Core i5,8,0,1000,Intel UHD Graphics,Windows,14.0,1920 x 1080,4,8,54,41990,99.91,16.42,55,50,48.12,60.32,62.86,57.83,58.39,Daily Use,Low Budget,"Cocok untuk penggunaan harian seperti browsing, mengetik, meeting online, dan tugas ringan",benchmark,benchmark
Asus VivoBook 14 2021 X415MA-BV011W Laptop,Asus,Celeron N4020,4,256,0,Missing,Windows,14.0,1366 x 768,0,0,0,23990,7.3,35.0,30,60,31.08,27.8,34.19,30.44,28.06,Daily Use,Low Budget,"Cocok untuk penggunaan harian seperti browsing, mengetik, meeting online, dan tugas ringan",benchmark,fallback
HP Pavilion 14-EC1008AU Laptop,HP,Ryzen 7 5825U,16,512,0,AMD Radeon AMD,Windows,14.0,1920 x 1080,8,16,59,78889,77.1,7.39,80,75,45.85,60.08,70.12,59.98,56.45,Daily Use,Mid Budget,"Cocok untuk penggunaan harian seperti browsing, mengetik, meeting online, dan tugas ringan; Cocok untuk programming dan multitasking; Memiliki storage yang mendukung workflow lebih cepat",benchmark,benchmark
HP 15s-du3519TX Laptop,HP,11th Gen Core i5,8,512,0,2 GB NVIDIA GeForce MX450,Windows,15.6,1920 x 1080,4,8,62,58990,71.0,37.49,55,75,54.12,59.22,65.05,59.42,58.35,Daily Use,Mid Budget,"Cocok untuk penggunaan harian seperti browsing, mengetik, meeting online, dan tugas ringan; Memiliki storage yang mendukung workflow lebih cepat",fallback,benchmark
Asus Strix G15 G513RM-HQ273WS Gaming Laptop,Asus,Ryzen 7 6800H,16,1000,0,6 GB NVIDIA GeForce RTX 3060,Windows,15.6,1920 x 1080,8,16,79,134490,99.56,100.0,80,90,95.39,93.35,91.37,92.87,94.35,Gaming,High Budget,Cocok untuk gaming dan kebutuhan grafis tinggi; Cocok untuk programming dan multitasking; Cocok untuk AI ringan dan image processing; Memiliki storage yang mendukung workflow lebih cepat,benchmark,benchmark
Asus BR1100CKA-GJ0722W Notebook,Asus,Celeron N4500,4,128,0,Missing,Windows,11.6,1366 x 768,2,0,44,22990,8.71,35.0,30,50,29.93,26.8,31.11,28.86,27.05,Gaming,Low Budget,Cocok untuk gaming dan kebutuhan grafis tinggi,benchmark,fallback
Fujitsu UH-X 4ZR1F38024 Laptop,Fujitsu,11th Gen Core i7,16,512,0,Intel Iris Xe Graphics,Windows,13.3,1920 x 1080,4,8,63,84990,86.0,28.12,80,75,57.4,68.38,74.86,67.83,65.79,Daily Use,Mid Budget,"Cocok untuk penggunaan harian seperti browsing, mengetik, meeting online, dan tugas ringan; Cocok untuk programming dan multitasking; Memiliki storage yang mendukung workflow lebih cepat",fallback,benchmark
Asus BR1100CKA-GJ0722W Laptop,Asus,Celeron N4500,4,128,0,Intel UHD Graphics,Windows,11.6,1366 x 768,2,0,45,22990,8.71,16.42,30,50,21.57,22.15,29.26,24.22,21.47,Daily Use,Low Budget,"Cocok untuk penggunaan harian seperti browsing, mengetik, meeting online, dan tugas ringan",benchmark,benchmark
Lenovo Yoga 6 13ALC6 82ND00DPIN Laptop,Lenovo,Ryzen 7 5700U,16,1000,0,AMD Radeon AMD,Windows,13.3,1920 x 1080,8,16,68,92999,68.59,7.39,80,90,45.97,59.35,72.82,60.42,55.72,Daily Use,High Budget,"Cocok untuk penggunaan harian seperti browsing, mengetik, meeting online, dan tugas ringan; Memiliki storage yang mendukung workflow lebih cepat",benchmark,benchmark
Asus BR1100FKA-BP1104W Laptop,Asus,Celeron N4500,4,128,0,Intel Integrated UHD Graphics,Windows,11.6,1366 x 768,2,0,49,29990,8.71,16.42,30,50,21.57,22.15,29.26,24.22,21.47,Daily Use,Low Budget,"Cocok untuk penggunaan harian seperti browsing, mengetik, meeting online, dan tugas ringan",benchmark,benchmark
Asus ROG Strix Scar 17 G733ZW-LL139WS Gaming Laptop,Asus,12th Gen Core i9,32,1000,0,8 GB NVIDIA GeForce RTX 3070 Ti,Windows,17.3,2560 x 1440,14,20,79,249990,100.0,100.0,95,90,97.75,97.25,95.25,96.75,97.5,Gaming,High Budget,Cocok untuk gaming dan kebutuhan grafis tinggi; Cocok untuk programming dan multitasking; Cocok untuk AI ringan dan image processing; Memiliki storage yang mendukung workflow lebih cepat,benchmark,benchmark
