model_name,brand,processor_name,ram(GB),ssd(GB),Hard Disk(GB),storage_size,storage_type,graphics,Operating System,screen_size(inches),resolution (pixels),price,cpu_score,gpu_score,ram_score,storage_score,gaming_score,editing_score,daily_score,all_rounder_score,performance_score,usage_category,budget_category,recommendation_note
Lenovo V15 ITL G2 82KBA033IH Laptop,Lenovo,11th Gen Core i3,8,512,0,512,SSD,Intel Integrated UHD,Windows,15.6,1920 x 1080,33921,51,25,55,80,44.25,49.85,59.55,51.3,48.35,Daily Use,Low Budget,"Cocok untuk penggunaan harian seperti browsing, mengetik, meeting online, dan tugas ringan; Memiliki storage yang mendukung workflow lebih cepat"
HP Pavilion 15-ec2004AX Gaming Laptop,HP,AMD Ryzen 5 5600H,8,512,0,512,SSD,4 GB NVIDIA GeForce GTX 1650,Windows,15.6,1920 x 1080,56150,72,58,55,80,64.35,65.45,69.15,65.85,65.6,Gaming,Mid Budget,Cocok untuk gaming karena memiliki GPU yang cukup kuat; Memiliki storage yang mendukung workflow lebih cepat
Lenovo V15 82KBA03HIH Laptop,Lenovo,11th Gen Core i3,8,256,1000,256,SSD,Intel Integrated UHD,Windows,15.6,1920 x 1080,35499,51,25,55,65,42.0,47.6,54.3,48.3,46.1,Daily Use,Low Budget,"Cocok untuk penggunaan harian seperti browsing, mengetik, meeting online, dan tugas ringan"
Asus Vivobook 16X 2022 M1603QA-MB502WS Laptop,Asus,Ryzen 5-5600H,8,512,0,512,SSD,AMD Radeon Vega 7,Windows,16.0,1200 x 1920,48990,72,31,55,80,52.2,58.7,66.45,59.1,57.5,Daily Use,Low Budget,"Cocok untuk penggunaan harian seperti browsing, mengetik, meeting online, dan tugas ringan; Memiliki storage yang mendukung workflow lebih cepat"
HP 15s-fr4000TU Laptop,HP,11th Gen Core i5,8,512,0,512,SSD,Intel Integrated Iris Xe,Windows,15.6,1920 x 1080,52990,68,42,55,80,56.15,60.05,66.35,60.65,59.4,Daily Use,Low Budget,"Cocok untuk penggunaan harian seperti browsing, mengetik, meeting online, dan tugas ringan; Memiliki storage yang mendukung workflow lebih cepat"
Lenovo IdeaPad Gaming 3 82K101ECIN Laptop,Lenovo,11th Gen Core i5,8,256,1000,256,SSD,4 GB NVIDIA GeForce GTX 1650,Windows,15.6,1920 x 1080,56700,68,58,55,65,61.1,61.8,62.7,61.65,61.95,Gaming,Mid Budget,Cocok untuk gaming karena memiliki GPU yang cukup kuat
Infinix Zero Book Ultra Laptop,Infinix,12th Gen Core i9,16,512,0,512,SSD,Missing,Windows,15.6,1920 x 1080,87620,95,35,80,80,63.5,74.0,80.0,73.25,71.75,Editing,High Budget,"Cocok untuk editing karena memiliki CPU, RAM, dan storage yang mendukung; Cocok untuk programming dan multitasking; Memiliki storage yang mendukung workflow lebih cepat"
HP 15s-eq1559AU Laptop,HP,AMD Athlon Silver 3050U,8,512,0,512,SSD,AMD Radeon Graphics,Windows,15.6,1366 x 768,29212,22,30,55,80,39.25,40.95,51.35,43.85,39.7,Daily Use,Low Budget,"Cocok untuk penggunaan harian seperti browsing, mengetik, meeting online, dan tugas ringan; Memiliki storage yang mendukung workflow lebih cepat"
Dell Inspiron 3520 Laptop,Dell,12th Gen Core i3,8,512,0,512,SSD,Intel UHD Graphics,Windows,15.6,1920 x 1080,44087,54,25,55,80,45.0,50.9,60.45,52.2,49.4,Daily Use,Low Budget,"Cocok untuk penggunaan harian seperti browsing, mengetik, meeting online, dan tugas ringan; Memiliki storage yang mendukung workflow lebih cepat"
Dell Inspiron 3511 Laptop,Dell,11th Gen Core i3,8,512,0,512,SSD,Intel UHD Graphics,Windows,15.56,1920 x 1080,38800,51,25,55,80,44.25,49.85,59.55,51.3,48.35,Daily Use,Low Budget,"Cocok untuk penggunaan harian seperti browsing, mengetik, meeting online, dan tugas ringan; Memiliki storage yang mendukung workflow lebih cepat"
Asus Vivobook Pro 15 OLED M6500QH-HN701WS Laptop,Asus,Ryzen 7 5800H,16,512,0,512,SSD,4 GB NVIDIA GeForce GTX 1650,Windows,15.6,1920 x 1080,65990,78,58,80,80,69.6,73.8,77.2,73.9,72.7,Editing,Mid Budget,"Cocok untuk editing karena memiliki CPU, RAM, dan storage yang mendukung; Cocok untuk programming dan multitasking; Memiliki storage yang mendukung workflow lebih cepat"
Apple MacBook Air 2020 MGND3HN Laptop,Apple,Apple M1,8,256,0,256,SSD,Apple M1 Integrated Graphics,Mac,13.3,2560 x 1600,83900,75,58,55,65,62.85,64.25,64.8,63.75,64.4,Gaming,Mid Budget,Cocok untuk gaming karena memiliki GPU yang cukup kuat
HP 15s-fq5007TU Laptop,HP,12th Gen Core i3,8,512,0,512,SSD,Intel UHD Graphics,Windows,15.6,1920 x 1080,46790,54,25,55,80,45.0,50.9,60.45,52.2,49.4,Daily Use,Low Budget,"Cocok untuk penggunaan harian seperti browsing, mengetik, meeting online, dan tugas ringan; Memiliki storage yang mendukung workflow lebih cepat"
HP 15s-fq5111TU Laptop,HP,12th Gen Core i5,8,512,0,512,SSD,Intel Iris Xe,Windows,15.6,1920 x 1080,58530,71,42,55,80,56.9,61.1,67.25,61.55,60.45,Daily Use,Mid Budget,"Cocok untuk penggunaan harian seperti browsing, mengetik, meeting online, dan tugas ringan; Memiliki storage yang mendukung workflow lebih cepat"
Dell Inspiron 3520 D560871WIN9B Laptop,Dell,12th Gen Core i5,8,512,0,512,SSD,Intel UHD Graphics,Windows,15.6,1920 x 1080,57223,71,25,55,80,49.25,56.85,65.55,57.3,55.35,Daily Use,Mid Budget,"Cocok untuk penggunaan harian seperti browsing, mengetik, meeting online, dan tugas ringan; Memiliki storage yang mendukung workflow lebih cepat"
Asus TUF Gaming A15 FA506IHRZ-HN111W Laptop,Asus,AMD Ryzen 5 4600H,8,512,0,512,SSD,4 GB NVIDIA GeForce GTX 1650,Windows,15.6,1920 x 1080,49990,65,58,55,80,62.6,63.0,67.05,63.75,63.15,Gaming,Low Budget,Cocok untuk gaming karena memiliki GPU yang cukup kuat; Memiliki storage yang mendukung workflow lebih cepat
HP 15s-er1501AU Laptop,HP,AMD Ryzen 3 3250U,8,256,0,256,SSD,AMD Radeon,Windows,15.6,1920 x 1080,28490,32,30,55,65,39.5,42.2,49.1,43.85,40.95,Daily Use,Low Budget,"Cocok untuk penggunaan harian seperti browsing, mengetik, meeting online, dan tugas ringan"
HP Victus 15-fb0040AX Gaming Laptop,HP,AMD Ryzen 5 5600H,8,512,0,512,SSD,4 GB NVIDIA GeForce GTX 1650,Windows,15.6,1920 x 1080,59800,72,58,55,80,64.35,65.45,69.15,65.85,65.6,Gaming,Mid Budget,Cocok untuk gaming karena memiliki GPU yang cukup kuat; Memiliki storage yang mendukung workflow lebih cepat
Realme Book Slim Laptop,Realme,11th Gen Core i5,8,512,0,512,SSD,Intel Iris Xe Graphics,Windows,14.0,1440 x 2160,49990,68,42,55,80,56.15,60.05,66.35,60.65,59.4,Daily Use,Low Budget,"Cocok untuk penggunaan harian seperti browsing, mengetik, meeting online, dan tugas ringan; Memiliki storage yang mendukung workflow lebih cepat"
Asus Vivobook 16X 2022 M1603QA-MB511WS Laptop,Asus,Ryzen 5-5600H,16,512,0,512,SSD,AMD Radeon Vega 7 Graphics,Windows,16.0,1920 x 1200,53990,72,31,80,80,55.95,64.95,72.7,65.35,62.5,Daily Use,Low Budget,"Cocok untuk penggunaan harian seperti browsing, mengetik, meeting online, dan tugas ringan; Memiliki storage yang mendukung workflow lebih cepat"
Apple MacBook Air 2022 Laptop,Apple,Apple M2,8,256,0,256,SSD,8-Core GPU,Mac,13.6,2560 x 1664,107990,85,35,55,65,55.0,62.0,65.5,61.0,61.0,Daily Use,High Budget,"Cocok untuk penggunaan harian seperti browsing, mengetik, meeting online, dan tugas ringan"
Asus VivoBook 14 X415JA-BV301WS Laptop,Asus,10th Gen Core i3,8,0,1000,1000,HDD,Intel UHD Graphics,Windows,14.0,1920 x 1080,29890,48,25,55,70,42.0,47.3,55.15,48.4,45.8,Daily Use,Low Budget,"Cocok untuk penggunaan harian seperti browsing, mengetik, meeting online, dan tugas ringan"
HP 15s-fq2717TU Laptop,HP,11th Gen Core i3,8,512,0,512,SSD,Intel Integrated UHD,Windows,15.6,1920 x 1080,41900,51,25,55,80,44.25,49.85,59.55,51.3,48.35,Daily Use,Low Budget,"Cocok untuk penggunaan harian seperti browsing, mengetik, meeting online, dan tugas ringan; Memiliki storage yang mendukung workflow lebih cepat"
Lenovo V15 ‎82C70005UK Laptop,Lenovo,AMD Ryzen 5 5500U,8,512,0,512,SSD,AMD Radeon Graphics,Windows,15.6,1920 x 1080,38480,62,30,55,80,49.25,54.95,63.35,55.85,53.7,Daily Use,Low Budget,"Cocok untuk penggunaan harian seperti browsing, mengetik, meeting online, dan tugas ringan; Memiliki storage yang mendukung workflow lebih cepat"
Lenovo V15 82KDA00XIH Laptop,Lenovo,AMD Ryzen 5 5500U,8,512,0,512,SSD,AMD Radeon Graphics,Windows,15.6,1920 x 1080,38489,62,30,55,80,49.25,54.95,63.35,55.85,53.7,Daily Use,Low Budget,"Cocok untuk penggunaan harian seperti browsing, mengetik, meeting online, dan tugas ringan; Memiliki storage yang mendukung workflow lebih cepat"
Lenovo E41-55 82FJ00AGIH Laptop,Lenovo,Athlon Gold 3150U,4,256,0,256,SSD,AMD Radeon RADEON,Windows,14.0,1920 x 1080,18990,26,30,30,65,34.25,33.85,41.05,35.8,33.85,Daily Use,Low Budget,"Cocok untuk penggunaan harian seperti browsing, mengetik, meeting online, dan tugas ringan"
Asus VivoBook 15 X1500EA-EJ322WS Laptop,Asus,11th Gen Core i3,8,512,0,512,SSD,Intel UHD Graphics,Windows,15.6,1920 x 1080,35978,51,25,55,80,44.25,49.85,59.55,51.3,48.35,Daily Use,Low Budget,"Cocok untuk penggunaan harian seperti browsing, mengetik, meeting online, dan tugas ringan; Memiliki storage yang mendukung workflow lebih cepat"
HP Victus 15-fa0165TX Laptop,HP,12th Gen Core i5,8,512,0,512,SSD,4 GB NVIDIA GeForce GTX 1650,Windows,15.6,1920 x 1080,69990,71,58,55,80,64.1,65.1,68.85,65.55,65.25,Gaming,Mid Budget,Cocok untuk gaming karena memiliki GPU yang cukup kuat; Memiliki storage yang mendukung workflow lebih cepat
HP 15s-FR2511TU Laptop,HP,11th Gen Core i3,8,512,0,512,SSD,Intel UHD Graphics,Windows,15.6,1920 x 1080,40880,51,25,55,80,44.25,49.85,59.55,51.3,48.35,Daily Use,Low Budget,"Cocok untuk penggunaan harian seperti browsing, mengetik, meeting online, dan tugas ringan; Memiliki storage yang mendukung workflow lebih cepat"
Asus TUF Gaming A17 FA706IHRB-HX041W Gaming Laptop,Asus,AMD Ryzen 5 4600H,8,512,0,512,SSD,4 GB NVIDIA GeForce GTX 1650,Windows,17.3,1920 x 1080,52990,65,58,55,80,62.6,63.0,67.05,63.75,63.15,Gaming,Low Budget,Cocok untuk gaming karena memiliki GPU yang cukup kuat; Memiliki storage yang mendukung workflow lebih cepat
HP Pavilion 15-eg2009TU Laptop,HP,12th Gen Core i5,8,512,0,512,SSD,Intel Iris Xe,Windows,15.6,1920 x 1080,62990,71,42,55,80,56.9,61.1,67.25,61.55,60.45,Daily Use,Mid Budget,"Cocok untuk penggunaan harian seperti browsing, mengetik, meeting online, dan tugas ringan; Memiliki storage yang mendukung workflow lebih cepat"
HP 15s- eq2212AU Laptop,HP,AMD Ryzen 3 5300U,8,512,0,512,SSD,AMD Radeon Graphics,Windows,15.6,1920 x 1080,37990,45,30,55,80,45.0,49.0,58.25,50.75,47.75,Daily Use,Low Budget,"Cocok untuk penggunaan harian seperti browsing, mengetik, meeting online, dan tugas ringan; Memiliki storage yang mendukung workflow lebih cepat"
Dell Inspiron 3520 Laptop,Dell,12th Gen Core i5,8,256,1000,256,SSD,Intel Iris Xe Graphics,Windows,15.6,1920 x 1080,57990,71,42,55,65,54.65,58.85,62.0,58.55,58.2,Daily Use,Mid Budget,"Cocok untuk penggunaan harian seperti browsing, mengetik, meeting online, dan tugas ringan"
HP 245 G8 62G68PA Laptop,HP,AMD Ryzen 3  3250U,8,0,1000,1000,HDD,AMD Radeon Graphics,Windows,14.0,1920 x 1080,27890,32,30,55,70,40.25,42.95,50.85,44.85,41.7,Daily Use,Low Budget,"Cocok untuk penggunaan harian seperti browsing, mengetik, meeting online, dan tugas ringan"
Acer One 14 Z2-493 Laptop,Acer,AMD Ryzen 3 3250U,4,256,0,256,SSD,AMD Radeon Radeon Graphics,Windows,14.0,1366 x 768,20990,32,30,30,65,35.75,35.95,42.85,37.6,35.95,Daily Use,Low Budget,"Cocok untuk penggunaan harian seperti browsing, mengetik, meeting online, dan tugas ringan"
Acer Aspire 7 A715-51G NH.QGCSI.001 Gaming Laptop,Acer,12th Gen Core i5,8,512,0,512,SSD,4 GB NVIDIA GeForce RTX 3050,Windows,15.6,1920 x 1080,64990,71,70,55,80,69.5,68.1,70.05,68.55,68.85,Gaming,Mid Budget,Cocok untuk gaming karena memiliki GPU yang cukup kuat; Memiliki storage yang mendukung workflow lebih cepat
Dell Inspiron 5320 Laptop,Dell,12th Gen Core i7,16,512,0,512,SSD,Intel Integrated UHD,Windows,13.3,1920 x 1080,84918,81,25,80,80,55.5,66.6,74.8,66.55,63.85,Daily Use,Mid Budget,"Cocok untuk penggunaan harian seperti browsing, mengetik, meeting online, dan tugas ringan; Cocok untuk programming dan multitasking; Memiliki storage yang mendukung workflow lebih cepat"
MSI Bravo 15 B5DD-410IN Gaming Laptop,MSI,Ryzen 5 5600H,8,512,0,512,SSD,4 GB AMD Radeon RX 5500M,Windows,15.6,1920 x 1080,47990,72,52,55,80,61.65,63.95,68.55,64.35,63.8,Daily Use,Low Budget,"Cocok untuk penggunaan harian seperti browsing, mengetik, meeting online, dan tugas ringan; Memiliki storage yang mendukung workflow lebih cepat"
Lenovo IdeaPad Flex 5 82R9008GIN Laptop,Lenovo,AMD Ryzen 5 5500U,16,512,0,512,SSD,AMD Radeon,Windows,14.0,1920 x 1200,61100,62,30,80,80,53.0,61.2,69.6,62.1,58.7,Daily Use,Mid Budget,"Cocok untuk penggunaan harian seperti browsing, mengetik, meeting online, dan tugas ringan; Memiliki storage yang mendukung workflow lebih cepat"
HP Victus 15-fa0070TX Laptop,HP,12th Gen Core i5,8,512,0,512,SSD,4 GB NVIDIA GeForce GTX 1650,Windows,15.6,1920 x 1080,67990,71,58,55,80,64.1,65.1,68.85,65.55,65.25,Gaming,Mid Budget,Cocok untuk gaming karena memiliki GPU yang cukup kuat; Memiliki storage yang mendukung workflow lebih cepat
Lenovo IdeaPad Slim 1 82R10049IN Laptop,Lenovo,AMD Ryzen 3 3250U,8,512,0,512,SSD,AMD Radeon Graphics,Windows,15.6,1920 x 1080,34300,32,30,55,80,41.75,44.45,54.35,46.85,43.2,Daily Use,Low Budget,"Cocok untuk penggunaan harian seperti browsing, mengetik, meeting online, dan tugas ringan; Memiliki storage yang mendukung workflow lebih cepat"
Asus Vivobook S15 OLED K3502ZA-L501WS Laptop,Asus,12th Gen Core i5,16,512,0,512,SSD,Intel Iris XE Graphics,Windows,15.6,1920 x 1080,73000,71,42,80,80,60.65,67.35,73.5,67.8,65.45,Editing,Mid Budget,"Cocok untuk editing karena memiliki CPU, RAM, dan storage yang mendukung; Memiliki storage yang mendukung workflow lebih cepat"
Lenovo IdeaPad D330 82H0001YIN Laptop,Lenovo,Celeron N4020,4,0,128,128,HDD,Intel UHD Graphics 600,Windows,10.1,1200 x 800,22999,22,25,30,25,25.0,25.2,25.35,25.35,24.95,Daily Use,Low Budget,"Cocok untuk penggunaan harian seperti browsing, mengetik, meeting online, dan tugas ringan"
Infinix INBook X1 XL11 Laptop,Infinix,10th Gen Core i3,8,256,0,256,SSD,Intel Integrated UHD,Windows,14.0,1920 x 1080,37999,48,25,55,65,41.25,46.55,53.4,47.4,45.05,Daily Use,Low Budget,"Cocok untuk penggunaan harian seperti browsing, mengetik, meeting online, dan tugas ringan"
Realme Book Slim Laptop,Realme,11th Gen Core i5,8,512,0,512,SSD,Intel Iris Xe Graphics,Windows,14.0,1440 x 2160,39990,68,42,55,80,56.15,60.05,66.35,60.65,59.4,Daily Use,Low Budget,"Cocok untuk penggunaan harian seperti browsing, mengetik, meeting online, dan tugas ringan; Memiliki storage yang mendukung workflow lebih cepat"
Infinix Zero Book Series ZL12 Laptop,Infinix,12th Gen Core i7,16,512,0,512,SSD,Intel Integrated Iris Xe,Windows,15.6,1920 x 1080,64990,81,42,80,80,63.15,70.85,76.5,70.8,68.95,Editing,Mid Budget,"Cocok untuk editing karena memiliki CPU, RAM, dan storage yang mendukung; Cocok untuk programming dan multitasking; Memiliki storage yang mendukung workflow lebih cepat"
Asus VivoBook 15 X1500EA-EJ701W Laptop,Asus,11th Gen Core i7,16,512,0,512,SSD,Intel Iris Xe Graphics,Windows,15.6,1920 x 1080,56799,78,42,80,80,62.4,69.8,75.6,69.9,67.9,Editing,Mid Budget,"Cocok untuk editing karena memiliki CPU, RAM, dan storage yang mendukung; Cocok untuk programming dan multitasking; Memiliki storage yang mendukung workflow lebih cepat"
Lenovo IdeaPad Gaming 3 82K201YAIN Laptop,Lenovo,AMD Ryzen 5 5600H,8,512,0,512,SSD,4 GB NVIDIA GeForce GTX 1650,Windows,15.6,1920 x 1080,55990,72,58,55,80,64.35,65.45,69.15,65.85,65.6,Gaming,Mid Budget,Cocok untuk gaming karena memiliki GPU yang cukup kuat; Memiliki storage yang mendukung workflow lebih cepat
Asus Vivobook Pro 14 OLED M3400QA-KM502WS Gaming Laptop,Asus,Ryzen 5 5600H,8,512,0,512,SSD,AMD Radeon Graphics,Windows,14.0,2880 x 1800,53000,72,30,55,80,51.75,58.45,66.35,58.85,57.2,Daily Use,Low Budget,"Cocok untuk penggunaan harian seperti browsing, mengetik, meeting online, dan tugas ringan; Memiliki storage yang mendukung workflow lebih cepat"
HP Pavilion x360 14-ek0074TU Laptop,HP,12th Gen Core i5,16,512,0,512,SSD,Intel Integrated Iris Xe,Windows,14.0,1920 x 1080,73490,71,42,80,80,60.65,67.35,73.5,67.8,65.45,Editing,Mid Budget,"Cocok untuk editing karena memiliki CPU, RAM, dan storage yang mendukung; Memiliki storage yang mendukung workflow lebih cepat"
Lenovo IdeaPad Gaming 3 82K201UEIN Laptop,Lenovo,AMD Ryzen 5-5600H,8,512,0,512,SSD,4 GB NVIDIA GeForce GTX 1650,Windows,15.6,1920 x 1080,58490,72,58,55,80,64.35,65.45,69.15,65.85,65.6,Gaming,Mid Budget,Cocok untuk gaming karena memiliki GPU yang cukup kuat; Memiliki storage yang mendukung workflow lebih cepat
Asus Vivobook Pro 15 OLED M6500IH-HN701WS Laptop,Asus,Ryzen 7-4800H,16,512,0,512,SSD,4 GB NVIDIA GeForce GTX 1650 Max Q,Windows,15.6,1920 x 1080,58990,72,55,80,80,66.75,70.95,75.1,71.35,69.7,Editing,Mid Budget,"Cocok untuk editing karena memiliki CPU, RAM, dan storage yang mendukung; Memiliki storage yang mendukung workflow lebih cepat"
Asus TUF Gaming A15 FA506IHRZ-HN111W Laptop,Asus,AMD Ryzen 5 4600H,8,512,0,512,SSD,4 GB NVIDIA GeForce GTX 1650,Windows,15.6,1920 x 1080,54990,65,58,55,80,62.6,63.0,67.05,63.75,63.15,Gaming,Low Budget,Cocok untuk gaming karena memiliki GPU yang cukup kuat; Memiliki storage yang mendukung workflow lebih cepat
HP Victus 15-fb0050AX Gaming Laptop,HP,AMD Ryzen 5 5600H,8,512,0,512,SSD,4 GB NVIDIA GeForce RTX 3050,Windows,15.6,1920 x 1080,67600,72,70,55,80,69.75,68.45,70.35,68.85,69.2,Gaming,Mid Budget,Cocok untuk gaming karena memiliki GPU yang cukup kuat; Memiliki storage yang mendukung workflow lebih cepat
Lenovo IdeaPad Slim 5 82SF008YIN Laptop,Lenovo,12th Gen Core i5,16,512,0,512,SSD,Intel Iris Xe Graphics,Windows,15.6,1920 x 1080,72490,71,42,80,80,60.65,67.35,73.5,67.8,65.45,Editing,Mid Budget,"Cocok untuk editing karena memiliki CPU, RAM, dan storage yang mendukung; Memiliki storage yang mendukung workflow lebih cepat"
Acer Aspire 5 A515-57G UN.K9TSI.002 Gaming Laptop,Acer,12th Gen Core i5,16,512,0,512,SSD,4 GB NVIDIA GeForce RTX 2050,Windows,15.6,1920 x 1080,62990,71,60,80,80,68.75,71.85,75.3,72.3,70.85,Editing,Mid Budget,"Cocok untuk editing karena memiliki CPU, RAM, dan storage yang mendukung; Memiliki storage yang mendukung workflow lebih cepat"
Asus VivoBook 15 X1500EA-EJ322WS Laptop,Asus,11th Gen Core i3,8,512,0,512,SSD,Intel UHD Graphics,Windows,15.6,1920 x 1080,35325,51,25,55,80,44.25,49.85,59.55,51.3,48.35,Daily Use,Low Budget,"Cocok untuk penggunaan harian seperti browsing, mengetik, meeting online, dan tugas ringan; Memiliki storage yang mendukung workflow lebih cepat"
HP 14s-dy5005TU Laptop,HP,12th Gen Core i5,16,512,0,512,SSD,Intel Integrated Intel Iris Xe Graphics,Windows,14.0,1920 x 1080,63990,71,42,80,80,60.65,67.35,73.5,67.8,65.45,Editing,Mid Budget,"Cocok untuk editing karena memiliki CPU, RAM, dan storage yang mendukung; Memiliki storage yang mendukung workflow lebih cepat"
Asus Vivobook 15 2022 X1502ZA-EJ312WS Laptop,Asus,12th Gen Core i3,8,512,0,512,SSD,Intel Iris Xe,Windows,15.6,1920 x 1080,42300,54,42,55,80,52.65,55.15,62.15,56.45,54.5,Daily Use,Low Budget,"Cocok untuk penggunaan harian seperti browsing, mengetik, meeting online, dan tugas ringan; Memiliki storage yang mendukung workflow lebih cepat"
Lenovo IdeaPad Slim 3 82RK0062IN Laptop,Lenovo,12th Gen Core i5,8,512,0,512,SSD,‎Intel Iris Xe Graphics,Windows,15.6,1920 x 1080,58490,71,42,55,80,56.9,61.1,67.25,61.55,60.45,Daily Use,Mid Budget,"Cocok untuk penggunaan harian seperti browsing, mengetik, meeting online, dan tugas ringan; Memiliki storage yang mendukung workflow lebih cepat"
MSI Thin GF63 11SC-852IN Gaming Laptop,MSI,11th Gen Core i7,8,512,0,512,SSD,4 GB NVIDIA GeForce GTX 1650 MAX Q,Windows,15.6,1920 x 1080,64000,78,55,55,80,64.5,66.8,70.65,66.9,66.8,Daily Use,Mid Budget,"Cocok untuk penggunaan harian seperti browsing, mengetik, meeting online, dan tugas ringan; Memiliki storage yang mendukung workflow lebih cepat"
Asus Zenbook 17 Fold UX9702AA-MD023WS Laptop,Asus,12th Gen Core i7,16,1000,0,1000,SSD,Intel Iris Xe Graphics,Windows,17.3,2560 x 1920,329990,81,42,80,95,65.4,73.1,81.75,73.8,71.2,Editing,High Budget,"Cocok untuk editing karena memiliki CPU, RAM, dan storage yang mendukung; Cocok untuk programming dan multitasking; Memiliki storage yang mendukung workflow lebih cepat"
Nokia PureBook S14 NKi511TL165S Laptop,Nokia,11th Gen Core i5,16,512,0,512,SSD,Intel Integrated Iris Xe,Windows,14.1,1920 x 1080,40990,68,42,80,80,59.9,66.3,72.6,66.9,64.4,Editing,Low Budget,"Cocok untuk editing karena memiliki CPU, RAM, dan storage yang mendukung; Memiliki storage yang mendukung workflow lebih cepat"
Dell Latitude 3420 Laptop,Dell,11th Gen Core i5,8,512,0,512,SSD,Intel UHD Graphics,Windows,14.0,1366 x 768,73740,68,25,55,80,48.5,55.8,64.65,56.4,54.3,Daily Use,Mid Budget,"Cocok untuk penggunaan harian seperti browsing, mengetik, meeting online, dan tugas ringan; Memiliki storage yang mendukung workflow lebih cepat"
Acer Aspire 3 A315-24 Laptop,Acer,Ryzen 5 7520U,8,512,0,512,SSD,AMD Radeon Graphiics,Windows,15.6,1920 x 1080,52490,52,30,55,80,46.75,51.45,60.35,52.85,50.2,Daily Use,Low Budget,"Cocok untuk penggunaan harian seperti browsing, mengetik, meeting online, dan tugas ringan; Memiliki storage yang mendukung workflow lebih cepat"
HP 14s-dq2649TU Laptop,HP,11th Gen Core i3,8,512,0,512,SSD,Intel Integrated UHD,Windows,14.0,1920 x 1080,45500,51,25,55,80,44.25,49.85,59.55,51.3,48.35,Daily Use,Low Budget,"Cocok untuk penggunaan harian seperti browsing, mengetik, meeting online, dan tugas ringan; Memiliki storage yang mendukung workflow lebih cepat"
Samsung Galaxy Book2 NP550XED-KA1IN 15 Laptop,Samsung,12th Gen Core i5,8,512,0,512,SSD,Intel Integrated UHD,Windows,15.6,1920 x 1080,67990,71,25,55,80,49.25,56.85,65.55,57.3,55.35,Daily Use,Mid Budget,"Cocok untuk penggunaan harian seperti browsing, mengetik, meeting online, dan tugas ringan; Memiliki storage yang mendukung workflow lebih cepat"
Samsung Galaxy Book 3 Pro NP960XFG-KC1IN Laptop,Samsung,13th Gen Core i7,16,512,0,512,SSD,‎Intel Iris Xe Graphics,Windows,16.0,2880 x 1800,149990,83,42,80,80,63.65,71.55,77.1,71.4,69.65,Editing,High Budget,"Cocok untuk editing karena memiliki CPU, RAM, dan storage yang mendukung; Cocok untuk programming dan multitasking; Memiliki storage yang mendukung workflow lebih cepat"
Samsung Galaxy Book 3 Pro 14 NP940XFG-KC4IN Laptop,Samsung,13th Gen Core i7,16,512,0,512,SSD,‎Intel Iris Xe Graphics,Windows,14.0,2880 x 1800,139990,83,42,80,80,63.65,71.55,77.1,71.4,69.65,Editing,High Budget,"Cocok untuk editing karena memiliki CPU, RAM, dan storage yang mendukung; Cocok untuk programming dan multitasking; Memiliki storage yang mendukung workflow lebih cepat"
Samsung Galaxy Book 3 Pro 14 NP940XFG-KC5IN Laptop,Samsung,13th Gen Core i7,16,1000,0,1000,SSD,‎Intel Iris Xe Graphics,Windows,14.0,2880 x 1800,155990,83,42,80,95,65.9,73.8,82.35,74.4,71.9,Editing,High Budget,"Cocok untuk editing karena memiliki CPU, RAM, dan storage yang mendukung; Cocok untuk programming dan multitasking; Memiliki storage yang mendukung workflow lebih cepat"
Samsung Galaxy Book 3 Pro 14 NP940XFG-KC1IN Laptop,Samsung,13th Gen Core i5,16,512,0,512,SSD,‎Intel Iris Xe Graphics,Windows,14.0,2880 x 1800,131990,73,42,80,80,61.15,68.05,74.1,68.4,66.15,Editing,High Budget,"Cocok untuk editing karena memiliki CPU, RAM, dan storage yang mendukung; Memiliki storage yang mendukung workflow lebih cepat"
Samsung Galaxy Book 3 360 15 NP750QFG-KA2IN Laptop,Samsung,13th Gen Core i5,16,512,0,512,SSD,Intel Iris Xe Graphics,Windows,15.6,1920 x 1080,114990,73,42,80,80,61.15,68.05,74.1,68.4,66.15,Editing,High Budget,"Cocok untuk editing karena memiliki CPU, RAM, dan storage yang mendukung; Memiliki storage yang mendukung workflow lebih cepat"
Lenovo V15 ‎82C70005UK Laptop,Lenovo,AMD Ryzen 5 5500U,8,512,0,512,SSD,AMD Radeon Graphics,Windows,15.6,1920 x 1080,38490,62,30,55,80,49.25,54.95,63.35,55.85,53.7,Daily Use,Low Budget,"Cocok untuk penggunaan harian seperti browsing, mengetik, meeting online, dan tugas ringan; Memiliki storage yang mendukung workflow lebih cepat"
Samsung Galaxy Book 3 360 13 NP730QFG-KA1IN Laptop,Samsung,13th Gen Core i5,16,512,0,512,SSD,Intel Iris Xe Graphics,Windows,13.3,1920 x 1080,109990,73,42,80,80,61.15,68.05,74.1,68.4,66.15,Editing,High Budget,"Cocok untuk editing karena memiliki CPU, RAM, dan storage yang mendukung; Memiliki storage yang mendukung workflow lebih cepat"
Samsung Galaxy Book 3 360 13 NP730QFG-KA3IN Laptop,Samsung,13th Gen Core i7,16,1000,0,1000,SSD,Intel Iris Xe Graphics,Windows,13.3,1920 x 1080,133990,83,42,80,95,65.9,73.8,82.35,74.4,71.9,Editing,High Budget,"Cocok untuk editing karena memiliki CPU, RAM, dan storage yang mendukung; Cocok untuk programming dan multitasking; Memiliki storage yang mendukung workflow lebih cepat"
Samsung Galaxy Book 3 360 13 NP730QFG-KA2IN Laptop,Samsung,13th Gen Core i7,16,512,0,512,SSD,Intel Iris Xe Graphics,Windows,13.3,1920 x 1080,117990,83,42,80,80,63.65,71.55,77.1,71.4,69.65,Editing,High Budget,"Cocok untuk editing karena memiliki CPU, RAM, dan storage yang mendukung; Cocok untuk programming dan multitasking; Memiliki storage yang mendukung workflow lebih cepat"
Samsung Galaxy Book 3 Pro 360 NP960QFG-KA2IN Laptop,Samsung,13th Gen Core i5,16,512,0,512,SSD,Intel Iris Xe Graphics,Windows,16.0,2880 x 1800,155990,73,42,80,80,61.15,68.05,74.1,68.4,66.15,Editing,High Budget,"Cocok untuk editing karena memiliki CPU, RAM, dan storage yang mendukung; Memiliki storage yang mendukung workflow lebih cepat"
Samsung Galaxy Book 3 Pro NP960XFG-KC2IN Laptop,Samsung,13th Gen Core i7,16,1000,0,1000,SSD,‎Intel Iris Xe Graphics,Windows,16.0,2880 x 1800,165990,83,42,80,95,65.9,73.8,82.35,74.4,71.9,Editing,High Budget,"Cocok untuk editing karena memiliki CPU, RAM, dan storage yang mendukung; Cocok untuk programming dan multitasking; Memiliki storage yang mendukung workflow lebih cepat"
Samsung Galaxy Book 3 Pro 360 NP960QFG-KA1IN Laptop,Samsung,13th Gen Core i7,16,512,0,512,SSD,Intel Iris Xe Graphics,Windows,16.0,2880 x 1800,163990,83,42,80,80,63.65,71.55,77.1,71.4,69.65,Editing,High Budget,"Cocok untuk editing karena memiliki CPU, RAM, dan storage yang mendukung; Cocok untuk programming dan multitasking; Memiliki storage yang mendukung workflow lebih cepat"
Samsung Galaxy Book 3 360 NP750QFG-KA1IN Laptop,Samsung,13th Gen Core i7,16,512,0,512,SSD,Intel Iris Xe Graphics,Windows,15.6,1920 x 1080,122990,83,42,80,80,63.65,71.55,77.1,71.4,69.65,Editing,High Budget,"Cocok untuk editing karena memiliki CPU, RAM, dan storage yang mendukung; Cocok untuk programming dan multitasking; Memiliki storage yang mendukung workflow lebih cepat"
Samsung Galaxy Book 3 Pro 360 NP960QFG-KA3IN Laptop,Samsung,13th Gen Core i7,16,1000,0,1000,SSD,Intel Iris Xe Graphics,Windows,16.0,2880 x 1800,179990,83,42,80,95,65.9,73.8,82.35,74.4,71.9,Editing,High Budget,"Cocok untuk editing karena memiliki CPU, RAM, dan storage yang mendukung; Cocok untuk programming dan multitasking; Memiliki storage yang mendukung workflow lebih cepat"
Lenovo IdeaPad Gaming 3 82K1017WIN Laptop,Lenovo,11th Gen Core i5,8,512,0,512,SSD,4 GB NVIDIA GeForce GTX 1650,Windows,15.6,1920 x 1080,52900,68,58,55,80,63.35,64.05,67.95,64.65,64.2,Gaming,Low Budget,Cocok untuk gaming karena memiliki GPU yang cukup kuat; Memiliki storage yang mendukung workflow lebih cepat
Acer One 14 Z2-493 Laptop,Acer,AMD Ryzen 3 3250U,8,256,0,256,SSD,AMD Radeon Graphics,Windows,14.0,1366 x 768,25990,32,30,55,65,39.5,42.2,49.1,43.85,40.95,Daily Use,Low Budget,"Cocok untuk penggunaan harian seperti browsing, mengetik, meeting online, dan tugas ringan"
Dell Inspiron 3525 D560789WIN9S Laptop,Dell,AMD Ryzen 5-5625U,8,512,0,512,SSD,AMD Radeon Radeon Graphics,Windows,15.6,1920 x 1080,49441,66,30,55,80,50.25,56.35,64.55,57.05,55.1,Daily Use,Low Budget,"Cocok untuk penggunaan harian seperti browsing, mengetik, meeting online, dan tugas ringan; Memiliki storage yang mendukung workflow lebih cepat"
Acer Aspire 3 A315-59 Laptop,Acer,12th Gen Core i3,8,512,0,512,SSD,Intel Iris Xe Graphics,Windows,15.6,1920 x 1080,39990,54,42,55,80,52.65,55.15,62.15,56.45,54.5,Daily Use,Low Budget,"Cocok untuk penggunaan harian seperti browsing, mengetik, meeting online, dan tugas ringan; Memiliki storage yang mendukung workflow lebih cepat"
Lenovo IdeaPad Gaming 3 82K201Y9IN Laptop,Lenovo,AMD Ryzen 5-5600H,8,256,1000,256,SSD,4 GB NVIDIA GeForce GTX 1650,Windows,15.6,1920 x 1080,56990,72,58,55,65,62.1,63.2,63.9,62.85,63.35,Gaming,Mid Budget,Cocok untuk gaming karena memiliki GPU yang cukup kuat
Lenovo IdeaPad Flex 5 82R9008GIN Laptop,Lenovo,AMD Ryzen 5 5500U,16,512,0,512,SSD,AMD Radeon,Windows,14.0,1920 x 1200,61590,62,30,80,80,53.0,61.2,69.6,62.1,58.7,Daily Use,Mid Budget,"Cocok untuk penggunaan harian seperti browsing, mengetik, meeting online, dan tugas ringan; Memiliki storage yang mendukung workflow lebih cepat"
HP Pavilion 15s-eq2182AU Laptop,HP,Ryzen 5 5500U,16,512,0,512,SSD,AMD Radeon Graphics,Windows,15.6,1920 x 1080,49123,62,30,80,80,53.0,61.2,69.6,62.1,58.7,Daily Use,Low Budget,"Cocok untuk penggunaan harian seperti browsing, mengetik, meeting online, dan tugas ringan; Memiliki storage yang mendukung workflow lebih cepat"
HP Victus 15-fa0350TX Laptop,HP,12th Gen Core i5,8,512,0,512,SSD,4 GB NVIDIA GeForce RTX 3050,Windows,15.6,1920 x 1080,77990,71,70,55,80,69.5,68.1,70.05,68.55,68.85,Gaming,Mid Budget,Cocok untuk gaming karena memiliki GPU yang cukup kuat; Memiliki storage yang mendukung workflow lebih cepat
Asus TUF Gaming A15 2022 FA577RE-HN055WS Gaming Laptop,Asus,AMD Ryzen 7 6800H,16,512,0,512,SSD,4 GB NVIDIA GeForce RTX 3050 Ti,Windows,15.6,1920 x 1080,96085,82,73,80,80,77.35,78.95,79.9,78.85,78.6,All-Rounder,High Budget,Cocok untuk penggunaan serbaguna karena kuat untuk gaming dan editing sekaligus; Cocok untuk programming dan multitasking; Cocok untuk AI ringan dan image processing; Memiliki storage yang mendukung workflow lebih cepat
HP Victus 16-e0352AX Gaming Laptop,HP,Ryzen 5-5600H,8,512,0,512,SSD,4 GB NVIDIA GeForce RTX 3050,Windows,16.1,1920 x 1080,63990,72,70,55,80,69.75,68.45,70.35,68.85,69.2,Gaming,Mid Budget,Cocok untuk gaming karena memiliki GPU yang cukup kuat; Memiliki storage yang mendukung workflow lebih cepat
Asus TUF Gaming F15 FX506LHB-HN355WS Gaming Laptop,Asus,10th Gen Core i5,8,512,0,512,SSD,4 GB NVIDIA GeForce GTX 1650,Windows,15.6,1920 x 1080,54990,65,58,55,80,62.6,63.0,67.05,63.75,63.15,Gaming,Low Budget,Cocok untuk gaming karena memiliki GPU yang cukup kuat; Memiliki storage yang mendukung workflow lebih cepat
HP Pavilion 15-eg2002TU Laptop,HP,12th Gen Core i5,16,512,0,512,SSD,Intel Iris Xᵉ Graphics,Windows,15.6,1920 x 1080,69990,71,42,80,80,60.65,67.35,73.5,67.8,65.45,Editing,Mid Budget,"Cocok untuk editing karena memiliki CPU, RAM, dan storage yang mendukung; Memiliki storage yang mendukung workflow lebih cepat"
Samsung Galaxy Book2 Pro 360 15 Laptop,Samsung,12th Gen Core i7,16,512,0,512,SSD,Intel Iris Xe Graphics,Windows,15.6,1080 x 1920,129990,81,42,80,80,63.15,70.85,76.5,70.8,68.95,Editing,High Budget,"Cocok untuk editing karena memiliki CPU, RAM, dan storage yang mendukung; Cocok untuk programming dan multitasking; Memiliki storage yang mendukung workflow lebih cepat"
Dell Vostro 3510 Laptop,Dell,11th Gen Core i3,8,256,1000,256,SSD,Intel UHD Graphics,Windows,15.6,1920 x 1080,37990,51,25,55,65,42.0,47.6,54.3,48.3,46.1,Daily Use,Low Budget,"Cocok untuk penggunaan harian seperti browsing, mengetik, meeting online, dan tugas ringan"
Asus VivoBook K15 OLED KM513UA-L503WS Laptop,Asus,Ryzen 5 5500U,8,256,1000,256,SSD,AMD Radeon AMD,Windows,15.6,1920 x 1080,47990,62,30,55,65,47.0,52.7,58.1,52.85,51.45,Daily Use,Low Budget,"Cocok untuk penggunaan harian seperti browsing, mengetik, meeting online, dan tugas ringan"
HP 14s-fq1092au Laptop,HP,Ryzen 5 5500U,8,512,0,512,SSD,AMD Radeon AMD,Windows,14.0,1920 x 1080,46058,62,30,55,80,49.25,54.95,63.35,55.85,53.7,Daily Use,Low Budget,"Cocok untuk penggunaan harian seperti browsing, mengetik, meeting online, dan tugas ringan; Memiliki storage yang mendukung workflow lebih cepat"
Microsoft Surface Laptop Go 1943 THJ-00023 Laptop,Microsoft,10th Gen Core i5,8,256,0,256,SSD,Intel Integrated UHD,Windows,12.4,1536 x 1024,67000,65,25,55,65,45.5,52.5,58.5,52.5,51.0,Daily Use,Mid Budget,"Cocok untuk penggunaan harian seperti browsing, mengetik, meeting online, dan tugas ringan"
HP 245 G8 689T3PA Laptop,HP,AMD Ryzen 3 3250U,8,512,0,512,SSD,AMD Radeon Graphics,Windows,14.0,1366 x 768,27989,32,30,55,80,41.75,44.45,54.35,46.85,43.2,Daily Use,Low Budget,"Cocok untuk penggunaan harian seperti browsing, mengetik, meeting online, dan tugas ringan; Memiliki storage yang mendukung workflow lebih cepat"
Lenovo IdeaPad 3i ‎82RJ005BUS Laptop,Lenovo,12th Gen Core i5,8,256,0,256,SSD,Intel iris Xe Integrated,Windows,14.0,1920 x 1080,49990,71,42,55,65,54.65,58.85,62.0,58.55,58.2,Daily Use,Low Budget,"Cocok untuk penggunaan harian seperti browsing, mengetik, meeting online, dan tugas ringan"
Apple MacBook Pro 16 inch Laptop,Apple,M2 Max 12-core CPU,32,1000,0,1000,SSD,38-core GPU,Mac,16.2,3456 x 2234,349900,94,35,95,95,67.75,79.65,88.7,79.7,76.65,Editing,High Budget,"Cocok untuk editing karena memiliki CPU, RAM, dan storage yang mendukung; Cocok untuk programming dan multitasking; Memiliki storage yang mendukung workflow lebih cepat"
Samsung Galaxy Book 2 NP550XED-KA3IN Laptop,Samsung,12th Gen Core i7,16,512,0,512,SSD,Intel Integrated UHD,Windows,15.6,1920 x 1080,72990,81,25,80,80,55.5,66.6,74.8,66.55,63.85,Daily Use,Mid Budget,"Cocok untuk penggunaan harian seperti browsing, mengetik, meeting online, dan tugas ringan; Cocok untuk programming dan multitasking; Memiliki storage yang mendukung workflow lebih cepat"
Asus VivoBook 15 K513EP-BQ1093T Laptop,Asus,11th Gen Core i5,8,512,0,512,SSD,2 GB NVIDIA GeForce MX330,Windows,15.6,1920 x 1080,45990,68,38,55,80,54.35,59.05,65.95,59.65,58.2,Daily Use,Low Budget,"Cocok untuk penggunaan harian seperti browsing, mengetik, meeting online, dan tugas ringan; Memiliki storage yang mendukung workflow lebih cepat"
Lenovo IdeaPad Gaming 3 15IHU6 82K101GSIN Laptop,Lenovo,11th Gen Core i5,8,512,0,512,SSD,4 GB NVIDIA GeForce GTX 1650,Windows,15.6,1920 x 1080,54990,68,58,55,80,63.35,64.05,67.95,64.65,64.2,Gaming,Low Budget,Cocok untuk gaming karena memiliki GPU yang cukup kuat; Memiliki storage yang mendukung workflow lebih cepat
Asus VivoBook 14 X415EA-EK701WS Laptop,Asus,11th Gen Core i7,16,512,0,512,SSD,Intel Integrated UHD,Windows,14.0,1920 x 1080,56990,78,25,80,80,54.75,65.55,73.9,65.65,62.8,Daily Use,Mid Budget,"Cocok untuk penggunaan harian seperti browsing, mengetik, meeting online, dan tugas ringan; Cocok untuk programming dan multitasking; Memiliki storage yang mendukung workflow lebih cepat"
Asus VivoBook 14 2022 X1402ZA-EK312WS Laptop,Asus,12th Gen Core i3,8,512,0,512,SSD,Intel Integrated Iris Xe Graphics,Windows,14.0,1920 x 1080,40990,54,42,55,80,52.65,55.15,62.15,56.45,54.5,Daily Use,Low Budget,"Cocok untuk penggunaan harian seperti browsing, mengetik, meeting online, dan tugas ringan; Memiliki storage yang mendukung workflow lebih cepat"
HP 247 G8 600A9PA Laptop,HP,AMD Ryzen 3 5300U,8,512,0,512,SSD,AMD Radeon Graphics,Windows,14.0,1366 x 768,32999,45,30,55,80,45.0,49.0,58.25,50.75,47.75,Daily Use,Low Budget,"Cocok untuk penggunaan harian seperti browsing, mengetik, meeting online, dan tugas ringan; Memiliki storage yang mendukung workflow lebih cepat"
Asus Vivobook Pro 16 OLED K6602HC-N1902WS Gaming Laptop,Asus,11th Gen Core i9,16,512,0,512,SSD,4 GB NVIDIA GeForce RTX 3050,Windows,16.0,1200 x 1920,87990,92,70,80,80,78.5,81.7,82.6,81.1,81.2,All-Rounder,High Budget,Cocok untuk penggunaan serbaguna karena kuat untuk gaming dan editing sekaligus; Cocok untuk programming dan multitasking; Cocok untuk AI ringan dan image processing; Memiliki storage yang mendukung workflow lebih cepat
Acer Swift 3 OLED SF314-71 NX.KAVSI.001 Laptop,Acer,12th Gen Core i7,16,1000,0,1000,SSD,Intel Integrated Iris Xe,Windows,14.0,2880 x 1800,115999,81,42,80,95,65.4,73.1,81.75,73.8,71.2,Editing,High Budget,"Cocok untuk editing karena memiliki CPU, RAM, dan storage yang mendukung; Cocok untuk programming dan multitasking; Memiliki storage yang mendukung workflow lebih cepat"
Dell Latitude 3430 Laptop,Dell,12th Gen Core i5,8,512,0,512,SSD,Intel Iris Xe Graphics,Windows,14.0,1366 x 768,108000,71,42,55,80,56.9,61.1,67.25,61.55,60.45,Daily Use,High Budget,"Cocok untuk penggunaan harian seperti browsing, mengetik, meeting online, dan tugas ringan; Memiliki storage yang mendukung workflow lebih cepat"
HP Pavilion 15-eg2018TX Laptop,HP,12th Gen Core i5,16,512,0,512,SSD,2 GB NVIDIA GeForce MX550,Windows,15.6,1920 x 1080,75070,71,46,80,80,62.45,68.35,73.9,68.8,66.65,Editing,Mid Budget,"Cocok untuk editing karena memiliki CPU, RAM, dan storage yang mendukung; Memiliki storage yang mendukung workflow lebih cepat"
Microsoft Surface Pro 9 QEZ-00065 Laptop,Microsoft,12th Gen Core i5,8,256,0,256,SSD,Intel Iris Xe Graphics,Windows,13.0,2880 x 1920,99999,71,42,55,65,54.65,58.85,62.0,58.55,58.2,Daily Use,High Budget,"Cocok untuk penggunaan harian seperti browsing, mengetik, meeting online, dan tugas ringan"
HP 247 G8 ‎6B5R3PA Laptop,HP,AMD Ryzen 3 5300U,8,512,0,512,SSD,AMD Radeon Graphics,DOS,14.0,1366 x 768,30020,45,30,55,80,45.0,49.0,58.25,50.75,47.75,Daily Use,Low Budget,"Cocok untuk penggunaan harian seperti browsing, mengetik, meeting online, dan tugas ringan; Memiliki storage yang mendukung workflow lebih cepat"
HP Omen 16-n0079AX Gaming Laptop,HP,AMD Ryzen 7 6800H,16,512,0,512,SSD,8 GB AMD Radeon RX 6650M,Windows,16.1,1920 x 1080,108290,82,72,80,80,76.9,78.7,79.8,78.6,78.3,All-Rounder,High Budget,Cocok untuk penggunaan serbaguna karena kuat untuk gaming dan editing sekaligus; Cocok untuk programming dan multitasking; Cocok untuk AI ringan dan image processing; Memiliki storage yang mendukung workflow lebih cepat
Asus VivoBook 14 2022 X1402ZA-MW511WS Laptop,Asus,12th Gen Core i5,16,512,0,512,SSD,Intel Integrated Iris Xe,Windows,14.0,1920 x 1080,66990,71,42,80,80,60.65,67.35,73.5,67.8,65.45,Editing,Mid Budget,"Cocok untuk editing karena memiliki CPU, RAM, dan storage yang mendukung; Memiliki storage yang mendukung workflow lebih cepat"
HP 14s-dr3001TU Laptop,HP,Pentium Silver N6000,8,256,0,256,SSD,Intel UHD Graphics,Windows,14.0,1366 x 768,30990,30,25,55,65,36.75,40.25,48.0,42.0,38.75,Daily Use,Low Budget,"Cocok untuk penggunaan harian seperti browsing, mengetik, meeting online, dan tugas ringan"
Asus VivoBook 14 X415JA-EK522WS Laptop,Asus,10th Gen Core i5,8,512,0,512,SSD,Intel UHD,Windows,14.0,1920 x 1080,41990,65,25,55,80,47.75,54.75,63.75,55.5,53.25,Daily Use,Low Budget,"Cocok untuk penggunaan harian seperti browsing, mengetik, meeting online, dan tugas ringan; Memiliki storage yang mendukung workflow lebih cepat"
Asus Chromebook Flip C214MA-BU0704 Laptop,Asus,Celeron N4020,4,0,32,32,HDD,Intel Integrated UHD 600,Chrome,11.6,1366 x 768,15990,22,25,30,25,25.0,25.2,25.35,25.35,24.95,Daily Use,Low Budget,"Cocok untuk penggunaan harian seperti browsing, mengetik, meeting online, dan tugas ringan"
Lenovo IdeaPad Gaming 3 15IAH7 82S900R6IN Laptop,Lenovo,12th Gen Core i5,16,512,0,512,SSD,4 GB NVIDIA GeForce RTX 3050,Windows,15.6,1920 x 1080,80990,71,70,80,80,73.25,74.35,76.3,74.8,73.85,Gaming,Mid Budget,Cocok untuk gaming karena memiliki GPU yang cukup kuat; Memiliki storage yang mendukung workflow lebih cepat
Acer Predator Helios 300 PH315-55 Gaming Laptop,Acer,12th Gen Core i9,16,1000,0,1000,SSD,6 GB NVIDIA GeForce RTX 3060,Windows,15.6,2560 x 1440,158990,95,78,80,95,85.1,87.0,89.55,87.0,86.9,All-Rounder,High Budget,Cocok untuk penggunaan serbaguna karena kuat untuk gaming dan editing sekaligus; Cocok untuk programming dan multitasking; Cocok untuk AI ringan dan image processing; Memiliki storage yang mendukung workflow lebih cepat
Acer Extensa 15 EX215-54 Laptop,Acer,11th Gen Core i3,8,512,0,512,SSD,Intel Integrated UHD,Windows,15.6,1920 x 1080,33990,51,25,55,80,44.25,49.85,59.55,51.3,48.35,Daily Use,Low Budget,"Cocok untuk penggunaan harian seperti browsing, mengetik, meeting online, dan tugas ringan; Memiliki storage yang mendukung workflow lebih cepat"
Asus ProArt StudioBook Pro 16 OLED H7600ZM-L701WS Laptop,Asus,12th Gen Core i7,16,1000,0,1000,SSD,6 GB NVIDIA GeForce RTX 3060,Windows,16.0,3840 x 2400,198490,81,78,80,95,81.6,82.1,85.35,82.8,82.0,All-Rounder,High Budget,Cocok untuk penggunaan serbaguna karena kuat untuk gaming dan editing sekaligus; Cocok untuk programming dan multitasking; Cocok untuk AI ringan dan image processing; Memiliki storage yang mendukung workflow lebih cepat
Asus VivoBook 15 X515JA-EJ382WS Laptop,Asus,10th Gen Core i3,8,512,0,512,SSD,Intel Integrated UHD,Windows,15.6,1920 x 1080,33575,48,25,55,80,43.5,48.8,58.65,50.4,47.3,Daily Use,Low Budget,"Cocok untuk penggunaan harian seperti browsing, mengetik, meeting online, dan tugas ringan; Memiliki storage yang mendukung workflow lebih cepat"
MSI Bravo 15 B5DD-410IN Gaming Laptop,MSI,Ryzen 5 5600H,8,512,0,512,SSD,4 GB AMD Radeon RX 5500M,Windows,15.6,1920 x 1080,48890,72,52,55,80,61.65,63.95,68.55,64.35,63.8,Daily Use,Low Budget,"Cocok untuk penggunaan harian seperti browsing, mengetik, meeting online, dan tugas ringan; Memiliki storage yang mendukung workflow lebih cepat"
Infinix INBook X1 Neo Laptop,Infinix, Celeron N5100,4,128,0,128,SSD,Intel Integrated UHD,Windows,14.0,1920 x 1080,22990,20,25,30,50,28.25,28.25,33.5,29.75,28.0,Daily Use,Low Budget,"Cocok untuk penggunaan harian seperti browsing, mengetik, meeting online, dan tugas ringan"
Asus TUF Dash F15 2022 FX517ZC-HN108WS Gaming Laptop,Asus,12th Gen Core i7,16,1000,0,1000,SSD,4 GB NVIDIA GeForce RTX 3050,Windows,15.6,1920 x 1080,95990,81,70,80,95,78.0,80.1,84.55,80.8,79.6,All-Rounder,High Budget,Cocok untuk penggunaan serbaguna karena kuat untuk gaming dan editing sekaligus; Cocok untuk programming dan multitasking; Cocok untuk AI ringan dan image processing; Memiliki storage yang mendukung workflow lebih cepat
Asus VivoBook 15 X515EA-EJ522WS Laptop,Asus,11th Gen Core i5,8,512,0,512,SSD,Intel Integrated Iris Xe,Windows,15.6,1920 x 1080,46990,68,42,55,80,56.15,60.05,66.35,60.65,59.4,Daily Use,Low Budget,"Cocok untuk penggunaan harian seperti browsing, mengetik, meeting online, dan tugas ringan; Memiliki storage yang mendukung workflow lebih cepat"
Asus Vivobook 15 2022 X1502ZA-EZ311WS Touch Laptop,Asus,12th Gen Core i3,8,512,0,512,SSD,Intel Iris Xe,Windows,15.6,1920 x 1080,43879,54,42,55,80,52.65,55.15,62.15,56.45,54.5,Daily Use,Low Budget,"Cocok untuk penggunaan harian seperti browsing, mengetik, meeting online, dan tugas ringan; Memiliki storage yang mendukung workflow lebih cepat"
HP 14s-dy2507TU Laptop,HP,11th Gen Core i3,8,256,0,256,SSD,Intel Integrated UHD Graphics,Windows,14.0,1920 x 1080,35490,51,25,55,65,42.0,47.6,54.3,48.3,46.1,Daily Use,Low Budget,"Cocok untuk penggunaan harian seperti browsing, mengetik, meeting online, dan tugas ringan"
HP Pavilion 15s-fq5112TU Laptop,HP,12th Gen Core i5,16,512,0,512,SSD,Intel Iris Xe Graphics,Windows,15.6,1920 x 1080,62490,71,42,80,80,60.65,67.35,73.5,67.8,65.45,Editing,Mid Budget,"Cocok untuk editing karena memiliki CPU, RAM, dan storage yang mendukung; Memiliki storage yang mendukung workflow lebih cepat"
Asus TUF Gaming F15,Asus,2022) FX507ZE-HN038W Gaming Laptop ,16,512,0,512,SSD,4 GB NVIDIA GeForce RTX 3050-Ti,Windows,15.6,1920 x 1080,94990,35,73,80,80,65.6,62.5,65.8,64.75,62.15,Gaming,High Budget,Cocok untuk gaming karena memiliki GPU yang cukup kuat; Memiliki storage yang mendukung workflow lebih cepat
Asus ROG Strix G17 2022 G713IE-HX040W Gaming Laptop,Asus,AMD Ryzen 7 4800H,16,1000,0,1000,SSD,4 GB NVIDIA GeForce RTX 3050 Ti,Windows,17.3,1920 x 1080,87990,72,73,80,95,77.1,77.7,82.15,78.85,77.35,Gaming,High Budget,Cocok untuk gaming karena memiliki GPU yang cukup kuat; Memiliki storage yang mendukung workflow lebih cepat
Infinix INBook X1 Neo XL22 Laptop,Infinix, Celeron N5100,8,256,0,256,SSD,Intel Integrated UHD,Windows,14.0,1920 x 1080,29990,20,25,55,65,34.25,36.75,45.0,39.0,35.25,Daily Use,Low Budget,"Cocok untuk penggunaan harian seperti browsing, mengetik, meeting online, dan tugas ringan"
Asus TUF Dash F15 2022 FX517ZC-HN083WS Gaming Laptop,Asus,12th Gen Core i5,16,512,0,512,SSD,4 GB NVIDIA GeForce RTX 3050,Windows,15.6,1080 x 1920,77990,71,70,80,80,73.25,74.35,76.3,74.8,73.85,Gaming,Mid Budget,Cocok untuk gaming karena memiliki GPU yang cukup kuat; Memiliki storage yang mendukung workflow lebih cepat
Acer Nitro 5 AN515-56 Gaming Laptop,Acer,11th Gen Core i5,16,512,0,512,SSD,4 GB NVIDIA GeForce GTX 1650,Windows,15.6,1920 x 1080,62990,68,58,80,80,67.1,70.3,74.2,70.9,69.2,Editing,Mid Budget,"Cocok untuk editing karena memiliki CPU, RAM, dan storage yang mendukung; Memiliki storage yang mendukung workflow lebih cepat"
Acer Aspire 5 A515-57G Gaming Laptop,Acer,12th Gen Core i5,8,512,0,512,SSD,4 GB NVIDIA GeForce RTX 2050,Windows,15.6,1920 x 1080,59999,71,60,55,80,65.0,65.6,69.05,66.05,65.85,Gaming,Mid Budget,Cocok untuk gaming karena memiliki GPU yang cukup kuat; Memiliki storage yang mendukung workflow lebih cepat
Lenovo IdeaPad Slim 1 82R1004AIN Laptop,Lenovo,AMD Ryzen 5 3500U,8,512,0,512,SSD,AMD Radeon Graphics,Windows,15.6,1920 x 1080,40026,45,30,55,80,45.0,49.0,58.25,50.75,47.75,Daily Use,Low Budget,"Cocok untuk penggunaan harian seperti browsing, mengetik, meeting online, dan tugas ringan; Memiliki storage yang mendukung workflow lebih cepat"
Acer Aspire 7 A715-75G NH.QGBSI.001 Gaming Laptop,Acer,12th Gen Core i5,8,512,0,512,SSD,4 GB NVIDIA GeForce GTX 1650,Windows,15.6,1920 x 1080,57990,71,58,55,80,64.1,65.1,68.85,65.55,65.25,Gaming,Mid Budget,Cocok untuk gaming karena memiliki GPU yang cukup kuat; Memiliki storage yang mendukung workflow lebih cepat
Lenovo IdeaPad Gaming 3 82K201ULIN Laptop,Lenovo,Ryzen 5 5600H,16,512,0,512,SSD,4 GB NVIDIA GeForce RTX 3050,Windows,15.6,1920 x 1080,71990,72,70,80,80,73.5,74.7,76.6,75.1,74.2,Gaming,Mid Budget,Cocok untuk gaming karena memiliki GPU yang cukup kuat; Memiliki storage yang mendukung workflow lebih cepat
Asus TUF Dash F15 2022 FX517ZC-HN035WS Gaming Laptop,Asus,12th Gen Core i5,8,512,0,512,SSD,4 GB NVIDIA GeForce RTX 3050,Windows,15.6,1920 x 1080,75990,71,70,55,80,69.5,68.1,70.05,68.55,68.85,Gaming,Mid Budget,Cocok untuk gaming karena memiliki GPU yang cukup kuat; Memiliki storage yang mendukung workflow lebih cepat
Asus Vivobook Pro 14 OLED M3400QA-KM512WS Gaming Laptop,Asus,Ryzen 5 5600H,16,512,0,512,SSD,AMD Radeon Graphics,Windows,14.0,2880 x 1800,59990,72,30,80,80,55.5,64.7,72.6,65.1,62.2,Daily Use,Mid Budget,"Cocok untuk penggunaan harian seperti browsing, mengetik, meeting online, dan tugas ringan; Memiliki storage yang mendukung workflow lebih cepat"
HP Pavilion 15-eg2039TU Laptop,HP,12th Gen Core i7,16,1000,0,1000,SSD,Intel Integrated Iris Xe,Windows,15.6,1920 x 1080,85990,81,42,80,95,65.4,73.1,81.75,73.8,71.2,Editing,Mid Budget,"Cocok untuk editing karena memiliki CPU, RAM, dan storage yang mendukung; Cocok untuk programming dan multitasking; Memiliki storage yang mendukung workflow lebih cepat"
HP Pavilion 14-dv2041TU Laptop,HP,12th Gen Core i5,16,512,0,512,SSD,Intel Iris Xe Graphics,Windows,14.0,1920 x 1080,71990,71,42,80,80,60.65,67.35,73.5,67.8,65.45,Editing,Mid Budget,"Cocok untuk editing karena memiliki CPU, RAM, dan storage yang mendukung; Memiliki storage yang mendukung workflow lebih cepat"
MSI Gaming Crosshair 15 B12UEZ-677IN Laptop,MSI,12th Gen Core i7,16,1000,0,1000,SSD,6 GB NVIDIA GeForce RTX 3060,Windows,15.6,2560 x 1440,111000,81,78,80,95,81.6,82.1,85.35,82.8,82.0,All-Rounder,High Budget,Cocok untuk penggunaan serbaguna karena kuat untuk gaming dan editing sekaligus; Cocok untuk programming dan multitasking; Cocok untuk AI ringan dan image processing; Memiliki storage yang mendukung workflow lebih cepat
Apple MacBook Pro 2022 Laptop,Apple,Apple M2,8,512,0,512,SSD,10 Core GPU,Mac,13.3,2560 x 1600,139990,85,35,55,80,57.25,64.25,70.75,64.0,63.25,Daily Use,High Budget,"Cocok untuk penggunaan harian seperti browsing, mengetik, meeting online, dan tugas ringan; Memiliki storage yang mendukung workflow lebih cepat"
HP Pavilion 14-dv2015TU Laptop,HP,12th Gen Core i7,16,1000,0,1000,SSD,Intel Iris Xe Graphics,Windows,14.0,1920 x 1080,84990,81,42,80,95,65.4,73.1,81.75,73.8,71.2,Editing,Mid Budget,"Cocok untuk editing karena memiliki CPU, RAM, dan storage yang mendukung; Cocok untuk programming dan multitasking; Memiliki storage yang mendukung workflow lebih cepat"
Asus Vivobook 15 2022 X1502ZA-BQ502WS Laptop,Asus,12th Gen Core i5,8,512,0,512,SSD,Intel Integrated Iris Xe,Windows,15.6,1920 x 1080,56825,71,42,55,80,56.9,61.1,67.25,61.55,60.45,Daily Use,Mid Budget,"Cocok untuk penggunaan harian seperti browsing, mengetik, meeting online, dan tugas ringan; Memiliki storage yang mendukung workflow lebih cepat"
Dell G15-5511 Gaming Laptop,Dell,11th Gen Core i5,16,512,0,512,SSD,4 GB NVIDIA GeForce RTX 3050,Windows,15.6,1920 x 1080,68102,68,70,80,80,72.5,73.3,75.4,73.9,72.8,Gaming,Mid Budget,Cocok untuk gaming karena memiliki GPU yang cukup kuat; Memiliki storage yang mendukung workflow lebih cepat
Dell G15-5520 Laptop,Dell,12th Gen Core i7,16,512,0,512,SSD,4 GB NVIDIA GeForce RTX 3050 Ti,Windows,15.6,1920 x 1080,108400,81,73,80,80,77.1,78.6,79.6,78.55,78.25,All-Rounder,High Budget,Cocok untuk penggunaan serbaguna karena kuat untuk gaming dan editing sekaligus; Cocok untuk programming dan multitasking; Cocok untuk AI ringan dan image processing; Memiliki storage yang mendukung workflow lebih cepat
Acer Aspire 3 A315-58 Laptop,Acer,11th Gen Core i5,8,512,0,512,SSD,Intel Iris Xe,Windows,15.6,1920 x 1080,43490,68,42,55,80,56.15,60.05,66.35,60.65,59.4,Daily Use,Low Budget,"Cocok untuk penggunaan harian seperti browsing, mengetik, meeting online, dan tugas ringan; Memiliki storage yang mendukung workflow lebih cepat"
HP Pavilion 15-EC2048AX Gaming Laptop,HP,Ryzen 5 5600H,8,512,0,512,SSD,4 GB NVIDIA GeForce RTX 3050Ti,Windows,15.6,1920 x 1080,69028,72,70,55,80,69.75,68.45,70.35,68.85,69.2,Gaming,Mid Budget,Cocok untuk gaming karena memiliki GPU yang cukup kuat; Memiliki storage yang mendukung workflow lebih cepat
Dell Inspiron 3525 Laptop,Dell,Athlon Silver 3050U,8,256,0,256,SSD,AMD Radeon Graphics,Windows,15.6,1920 x 1080,33000,22,30,55,65,37.0,38.7,46.1,40.85,37.45,Daily Use,Low Budget,"Cocok untuk penggunaan harian seperti browsing, mengetik, meeting online, dan tugas ringan"
Avita Satus Ultimus S111 Laptop,Avita,Celeron N4020,4,128,0,128,SSD,Intel Integrated UHD Graphics,Windows,14.1,1920 x 1080,16990,22,25,30,50,28.75,28.95,34.1,30.35,28.7,Daily Use,Low Budget,"Cocok untuk penggunaan harian seperti browsing, mengetik, meeting online, dan tugas ringan"
Samsung Galaxy Book Go Laptop,Samsung,Snapdragon 7c,4,0,128,128,HDD,Qualcomm Adreno,Windows,14.0,1920 x 1080,32990,35,35,30,25,32.75,32.25,30.25,31.75,32.5,Daily Use,Low Budget,"Cocok untuk penggunaan harian seperti browsing, mengetik, meeting online, dan tugas ringan"
Asus Vivobook 13 Slate OLED T3300KA-LQ122WS Laptop,Asus,Pentium Silver N6000,4,0,128,128,HDD,Intel UHD Graphics,Windows,13.3,1920 x 1080,29990,30,25,30,25,27.0,28.0,27.75,27.75,27.75,Daily Use,Low Budget,"Cocok untuk penggunaan harian seperti browsing, mengetik, meeting online, dan tugas ringan"
Asus VivoBook 15 X515EA-EJ322WS Laptop,Asus,11th Gen Core i3,8,512,0,512,SSD,Intel UHD Graphics,Windows,15.6,1920 x 1080,35990,51,25,55,80,44.25,49.85,59.55,51.3,48.35,Daily Use,Low Budget,"Cocok untuk penggunaan harian seperti browsing, mengetik, meeting online, dan tugas ringan; Memiliki storage yang mendukung workflow lebih cepat"
Lenovo Ideapad 15ALC6 82KU017KIN Laptop,Lenovo,Ryzen 5 5500U,8,512,0,512,SSD,AMD Radeon,Windows,15.6,1920 x 1080,47799,62,30,55,80,49.25,54.95,63.35,55.85,53.7,Daily Use,Low Budget,"Cocok untuk penggunaan harian seperti browsing, mengetik, meeting online, dan tugas ringan; Memiliki storage yang mendukung workflow lebih cepat"
HP Pavilion 15-EC2146AX Gaming Laptop,HP,Ryzen 7 5800H,16,512,0,512,SSD,4 GB NVIDIA GeForce RTX 3050,Windows,15.6,1920 x 1080,73758,78,70,80,80,75.0,76.8,78.4,76.9,76.3,All-Rounder,Mid Budget,Cocok untuk penggunaan serbaguna karena kuat untuk gaming dan editing sekaligus; Cocok untuk programming dan multitasking; Memiliki storage yang mendukung workflow lebih cepat
Infinix INBook X1 XL11 Laptop,Infinix,10th Gen Core i5,8,512,0,512,SSD,Intel Integrated UHD,Windows,14.0,1920 x 1080,37490,65,25,55,80,47.75,54.75,63.75,55.5,53.25,Daily Use,Low Budget,"Cocok untuk penggunaan harian seperti browsing, mengetik, meeting online, dan tugas ringan; Memiliki storage yang mendukung workflow lebih cepat"
Apple MacBook Pro 14 inch MKGP3HN Laptop,Apple,M1 Pro 8-core CPU,16,512,0,512,SSD,14-Core GPU,Mac,14.2,3024 x 1964,171594,86,35,80,80,61.25,70.85,77.3,70.55,68.6,Editing,High Budget,"Cocok untuk editing karena memiliki CPU, RAM, dan storage yang mendukung; Cocok untuk programming dan multitasking; Memiliki storage yang mendukung workflow lebih cepat"
HP Victus 16-e0162AX Gaming Laptop,HP,Ryzen 5 5600H,8,512,0,512,SSD,4 GB AMD Radeon RX 5500M,Windows,16.1,1920 x 1080,61490,72,52,55,80,61.65,63.95,68.55,64.35,63.8,Daily Use,Mid Budget,"Cocok untuk penggunaan harian seperti browsing, mengetik, meeting online, dan tugas ringan; Memiliki storage yang mendukung workflow lebih cepat"
Dell Inspiron 3511 Laptop,Dell,11th Gen Core i5,8,512,0,512,SSD,2 GB NVIDIA GeForce MX350,Windows,15.6,1920 x 1080,59306,68,40,55,80,55.25,59.55,66.15,60.15,58.8,Daily Use,Mid Budget,"Cocok untuk penggunaan harian seperti browsing, mengetik, meeting online, dan tugas ringan; Memiliki storage yang mendukung workflow lebih cepat"
Dell Latitude 5420 Laptop,Dell,11th Gen Core i5,8,256,0,256,SSD,Intel Iris Xe Graphics,Windows,14.0,1920 x 1080,74500,68,42,55,65,53.9,57.8,61.1,57.65,57.15,Daily Use,Mid Budget,"Cocok untuk penggunaan harian seperti browsing, mengetik, meeting online, dan tugas ringan"
HP Pavilion 15-DK2100TX Gaming Laptop,HP,11th Gen Core i5,8,256,1000,256,SSD,4 GB NVIDIA GeForce GTX 1650,Windows,15.6,1920 x 1080,66990,68,58,55,65,61.1,61.8,62.7,61.65,61.95,Gaming,Mid Budget,Cocok untuk gaming karena memiliki GPU yang cukup kuat
Dell Inspiron 5518 Laptop,Dell,11th Gen Core i5,16,512,0,512,SSD,Intel Iris Xe Graphics,Windows,15.6,1920 x 1080,67990,68,42,80,80,59.9,66.3,72.6,66.9,64.4,Editing,Mid Budget,"Cocok untuk editing karena memiliki CPU, RAM, dan storage yang mendukung; Memiliki storage yang mendukung workflow lebih cepat"
Xiaomi Mi Notebook Pro 14 Laptop,Xiaomi,11th Gen Core i5,16,512,0,512,SSD,Intel Iris Xe Graphics,Windows,14.0,2560 x 1600,58355,68,42,80,80,59.9,66.3,72.6,66.9,64.4,Editing,Mid Budget,"Cocok untuk editing karena memiliki CPU, RAM, dan storage yang mendukung; Memiliki storage yang mendukung workflow lebih cepat"
HP 15s-GR0012AU Laptop,HP,AMD Ryzen 3 3250U,8,256,1000,256,SSD,AMD Radeon Vega 6,Windows,15.6,1920 x 1080,44990,32,28,55,65,38.6,41.7,48.9,43.35,40.35,Daily Use,Low Budget,"Cocok untuk penggunaan harian seperti browsing, mengetik, meeting online, dan tugas ringan"
HP EliteBook 840 G6,HP,8LX79PA) Laptop ,8,512,0,512,SSD,Integrated UHD Graphics 620,Windows,14.0,1920 x 1080,90464,35,25,55,80,40.25,44.25,54.75,46.5,42.75,Daily Use,High Budget,"Cocok untuk penggunaan harian seperti browsing, mengetik, meeting online, dan tugas ringan; Memiliki storage yang mendukung workflow lebih cepat"
HP 15s-fq2717TU Laptop,HP,11th Gen Core i3,8,512,0,512,SSD,Intel Integrated UHD,Windows,15.6,1920 x 1080,41990,51,25,55,80,44.25,49.85,59.55,51.3,48.35,Daily Use,Low Budget,"Cocok untuk penggunaan harian seperti browsing, mengetik, meeting online, dan tugas ringan; Memiliki storage yang mendukung workflow lebih cepat"
Asus VivoBook 15 X515EA-EJ701WS Laptop,Asus,11th Gen Core i7,16,512,0,512,SSD,Intel Integrated Iris Xe,Windows,15.6,1920 x 1080,54990,78,42,80,80,62.4,69.8,75.6,69.9,67.9,Editing,Low Budget,"Cocok untuk editing karena memiliki CPU, RAM, dan storage yang mendukung; Cocok untuk programming dan multitasking; Memiliki storage yang mendukung workflow lebih cepat"
HP 245 G8 Laptop,HP,AMD Athlon Silver 3050U,8,0,1000,1000,HDD,AMD Radeon Graphics,Windows,14.0,1366 x 768,25999,22,30,55,70,37.75,39.45,47.85,41.85,38.2,Daily Use,Low Budget,"Cocok untuk penggunaan harian seperti browsing, mengetik, meeting online, dan tugas ringan"
HP 15s-eq2146AU Laptop,HP,Ryzen 3 5300U,8,256,0,256,SSD,AMD Radeon Graphics,Windows,15.6,1920 x 1080,40490,45,30,55,65,42.75,46.75,53.0,47.75,45.5,Daily Use,Low Budget,"Cocok untuk penggunaan harian seperti browsing, mengetik, meeting online, dan tugas ringan"
Lenovo V15 82KBA01TIH Laptop,Lenovo,11th Gen Core i5,8,512,0,512,SSD,Intel Integrated Iris Xe,Windows,15.6,1920 x 1080,49490,68,42,55,80,56.15,60.05,66.35,60.65,59.4,Daily Use,Low Budget,"Cocok untuk penggunaan harian seperti browsing, mengetik, meeting online, dan tugas ringan; Memiliki storage yang mendukung workflow lebih cepat"
Apple MacBook Pro M2 2022 Laptop,Apple,Apple M2,16,512,0,512,SSD,10 Core GPU,Mac,13.3,2560 x 1600,168900,85,35,80,80,61.0,70.5,77.0,70.25,68.25,Editing,High Budget,"Cocok untuk editing karena memiliki CPU, RAM, dan storage yang mendukung; Cocok untuk programming dan multitasking; Memiliki storage yang mendukung workflow lebih cepat"
Lenovo V15 82KDA01UIH Laptop,Lenovo,AMD Ryzen 3 5300U,8,512,0,512,SSD,AMD Radeon Graphics,DOS,15.6,1920 x 1080,32990,45,30,55,80,45.0,49.0,58.25,50.75,47.75,Daily Use,Low Budget,"Cocok untuk penggunaan harian seperti browsing, mengetik, meeting online, dan tugas ringan; Memiliki storage yang mendukung workflow lebih cepat"
Lenovo Yoga 9i 83B1002GIN Laptop,Lenovo,13th Gen Core i7,16,1000,0,1000,SSD,Intel Iris Xe Integrated Graphics,Windows,14.0,3840 x 2400,174990,83,42,80,95,65.9,73.8,82.35,74.4,71.9,Editing,High Budget,"Cocok untuk editing karena memiliki CPU, RAM, dan storage yang mendukung; Cocok untuk programming dan multitasking; Memiliki storage yang mendukung workflow lebih cepat"
Honor MagicBook X14 Laptop,Honor,11th Gen Core i5,8,512,0,512,SSD,‎Intel Iris Xe Graphics,Windows,14.0,1920 x 1080,46990,68,42,55,80,56.15,60.05,66.35,60.65,59.4,Daily Use,Low Budget,"Cocok untuk penggunaan harian seperti browsing, mengetik, meeting online, dan tugas ringan; Memiliki storage yang mendukung workflow lebih cepat"
Chuwi CoreBook X Laptop,Chuwi,12th Gen Core i3,16,512,0,512,SSD,Intel HD Graphics,Windows,14.0,2160 x 1440,33990,54,25,80,80,48.75,57.15,66.7,58.45,54.4,Daily Use,Low Budget,"Cocok untuk penggunaan harian seperti browsing, mengetik, meeting online, dan tugas ringan; Memiliki storage yang mendukung workflow lebih cepat"
Dell Inspiron 15 3520 D560915WIN9S Laptop,Dell,12th Gen Core i3,8,512,0,512,SSD,Intel UHD Graphics,Windows,15.6,1920 x 1080,46900,54,25,55,80,45.0,50.9,60.45,52.2,49.4,Daily Use,Low Budget,"Cocok untuk penggunaan harian seperti browsing, mengetik, meeting online, dan tugas ringan; Memiliki storage yang mendukung workflow lebih cepat"
Dell Inspiron 3520 D560866WIN9S Laptop,Dell,12th Gen Core i5,8,512,0,512,SSD,Intel Iris Xe Graphics,Windows,15.6,1920 x 1080,63690,71,42,55,80,56.9,61.1,67.25,61.55,60.45,Daily Use,Mid Budget,"Cocok untuk penggunaan harian seperti browsing, mengetik, meeting online, dan tugas ringan; Memiliki storage yang mendukung workflow lebih cepat"
Lenovo V15 82KDA00YIH Laptop,Lenovo,AMD Ryzen 5 5500U,8,512,0,512,SSD,AMD Radeon Graphics,DOS,15.6,1920 x 1080,42137,62,30,55,80,49.25,54.95,63.35,55.85,53.7,Daily Use,Low Budget,"Cocok untuk penggunaan harian seperti browsing, mengetik, meeting online, dan tugas ringan; Memiliki storage yang mendukung workflow lebih cepat"
HP 245 G8 3S7L2PA Laptop,HP,AMD Ryzen 3 3250U,4,0,1000,1000,HDD,AMD Radeon Graphics,Windows,14.0,1920 x 1080,24990,32,30,30,70,36.5,36.7,44.6,38.6,36.7,Daily Use,Low Budget,"Cocok untuk penggunaan harian seperti browsing, mengetik, meeting online, dan tugas ringan"
Acer Aspire 3 A314-35 UN.K0SSI.040 Laptop,Acer, Pentium Silver N6005,4,256,0,256,SSD,Intel Integrated UHD,Windows,14.0,1366 x 768,37990,32,25,30,65,33.5,34.7,42.35,36.35,34.45,Daily Use,Low Budget,"Cocok untuk penggunaan harian seperti browsing, mengetik, meeting online, dan tugas ringan"
Asus VivoBook 15 X1500EA-EJ3379WS Laptop,Asus,11th Gen Core i3,8,512,0,512,SSD,Intel UHD Graphics,Windows,15.6,1920 x 1080,42990,51,25,55,80,44.25,49.85,59.55,51.3,48.35,Daily Use,Low Budget,"Cocok untuk penggunaan harian seperti browsing, mengetik, meeting online, dan tugas ringan; Memiliki storage yang mendukung workflow lebih cepat"
Lenovo V15 82KBA01KIH Laptop,Lenovo,11th Gen Core i5,8,512,0,512,SSD,Intel Integrated UHD,DOS,15.6,1920 x 1080,52500,68,25,55,80,48.5,55.8,64.65,56.4,54.3,Daily Use,Low Budget,"Cocok untuk penggunaan harian seperti browsing, mengetik, meeting online, dan tugas ringan; Memiliki storage yang mendukung workflow lebih cepat"
HP 255 G8 Business Laptop,HP,Athlon 3050U,8,0,1000,1000,HDD,AMD Radeon Graphics,Windows,15.6,1366 x 768,27390,25,30,55,70,38.5,40.5,48.75,42.75,39.25,Daily Use,Low Budget,"Cocok untuk penggunaan harian seperti browsing, mengetik, meeting online, dan tugas ringan"
Lenovo E41-55 82FJ00ALIH Laptop,Lenovo,Athlon 3150U,4,0,1000,1000,HDD,AMD Radeon AMD,DOS,14.0,1366 x 768,18990,25,30,30,70,34.75,34.25,42.5,36.5,34.25,Daily Use,Low Budget,"Cocok untuk penggunaan harian seperti browsing, mengetik, meeting online, dan tugas ringan"
Lenovo E41-55 82FJ00BLIH Laptop,Lenovo,Athlon 3050U,4,256,0,256,SSD,AMD Radeon AMD,Windows,14.0,1366 x 768,20990,25,30,30,65,34.0,33.5,40.75,35.5,33.5,Daily Use,Low Budget,"Cocok untuk penggunaan harian seperti browsing, mengetik, meeting online, dan tugas ringan"
Dell Inspiron 5620 Laptop,Dell,12th Gen Core i7,16,512,0,512,SSD,2 GB NVIDIA GeForce MX570,Windows,16.0,1920 x 1080,98450,81,48,80,80,65.85,72.35,77.1,72.3,70.75,Editing,High Budget,"Cocok untuk editing karena memiliki CPU, RAM, dan storage yang mendukung; Cocok untuk programming dan multitasking; Memiliki storage yang mendukung workflow lebih cepat"
Acer Aspire 7 A715-51G UN.QGCSI.002 Gaming Laptop,Acer,12th Gen Core i5,16,512,0,512,SSD,4 GB NVIDIA GeForce RTX 3050,Windows,15.6,1920 x 1080,73990,71,70,80,80,73.25,74.35,76.3,74.8,73.85,Gaming,Mid Budget,Cocok untuk gaming karena memiliki GPU yang cukup kuat; Memiliki storage yang mendukung workflow lebih cepat
Asus VivoBook 14 X415EA-EK522WS Laptop,Asus,11th Gen Core i5,8,512,0,512,SSD,Intel Integrated Intel UHD,Windows,14.0,1920 x 1080,49490,68,25,55,80,48.5,55.8,64.65,56.4,54.3,Daily Use,Low Budget,"Cocok untuk penggunaan harian seperti browsing, mengetik, meeting online, dan tugas ringan; Memiliki storage yang mendukung workflow lebih cepat"
Dell Alienware M15 R7 Gaming Laptop,Dell,12th Gen Core i7,16,512,0,512,SSD,6 GB NVIDIA GeForce RTX 3060,Windows,15.6,1920 x 1080,168990,81,78,80,80,79.35,79.85,80.1,79.8,79.75,All-Rounder,High Budget,Cocok untuk penggunaan serbaguna karena kuat untuk gaming dan editing sekaligus; Cocok untuk programming dan multitasking; Cocok untuk AI ringan dan image processing; Memiliki storage yang mendukung workflow lebih cepat
Asus Vivobook 16X M1603QA-MB512WS Laptop,Asus,Ryzen 5-5600H,16,512,0,512,SSD,AMD Radeon Vega 7,Windows,16.0,1200 x 1920,54990,72,31,80,80,55.95,64.95,72.7,65.35,62.5,Daily Use,Low Budget,"Cocok untuk penggunaan harian seperti browsing, mengetik, meeting online, dan tugas ringan; Memiliki storage yang mendukung workflow lebih cepat"
Acer Extensa EX215-31 Laptop,Acer,Pentium N5030,8,256,0,256,SSD,Intel Integrated UHD 605,Windows,15.6,1366 x 768,24990,27,20,55,65,33.75,37.95,46.6,39.85,36.2,Daily Use,Low Budget,"Cocok untuk penggunaan harian seperti browsing, mengetik, meeting online, dan tugas ringan"
Asus Vivobook 15 2022 X1502ZA-EJ514WS Laptop,Asus,12th Gen Core i5,8,512,0,512,SSD,Intel Iris Xe,Windows,15.6,1920 x 1080,56990,71,42,55,80,56.9,61.1,67.25,61.55,60.45,Daily Use,Mid Budget,"Cocok untuk penggunaan harian seperti browsing, mengetik, meeting online, dan tugas ringan; Memiliki storage yang mendukung workflow lebih cepat"
Asus VivoBook 15 X1500EA-EJ522WS Laptop,Asus,11th Gen Core i5,8,512,0,512,SSD,Intel Iris Xe Graphics,Windows,15.6,1920 x 1080,46890,68,42,55,80,56.15,60.05,66.35,60.65,59.4,Daily Use,Low Budget,"Cocok untuk penggunaan harian seperti browsing, mengetik, meeting online, dan tugas ringan; Memiliki storage yang mendukung workflow lebih cepat"
Lenovo IdeaPad 3 82KU017KIN Laptop,Lenovo,AMD Ryzen 5 5500U,8,512,0,512,SSD,AMD Radeon Graphics,Windows,15.6,1920 x 1080,45278,62,30,55,80,49.25,54.95,63.35,55.85,53.7,Daily Use,Low Budget,"Cocok untuk penggunaan harian seperti browsing, mengetik, meeting online, dan tugas ringan; Memiliki storage yang mendukung workflow lebih cepat"
Dell G15-5521 D560897WIN9S Gaming Laptop,Dell,12th Gen Core i9,16,1000,0,1000,SSD,8 GB NVIDIA GEFORCE RTX 3070 Ti,Windows,15.6,2560 x 1440,138990,95,86,80,95,88.7,89.0,90.35,89.0,89.3,All-Rounder,High Budget,Cocok untuk penggunaan serbaguna karena kuat untuk gaming dan editing sekaligus; Cocok untuk programming dan multitasking; Cocok untuk AI ringan dan image processing; Memiliki storage yang mendukung workflow lebih cepat
Dell Inspiron 5420 Laptop,Dell,12th Gen Core i7,16,512,0,512,SSD,Intel Integrated Iris,Windows,14.0,1920 x 1200,79490,81,42,80,80,63.15,70.85,76.5,70.8,68.95,Editing,Mid Budget,"Cocok untuk editing karena memiliki CPU, RAM, dan storage yang mendukung; Cocok untuk programming dan multitasking; Memiliki storage yang mendukung workflow lebih cepat"
HP 255 G8 6X4B2PA Laptop,HP,AMD Athlon 3050,4,256,0,256,SSD,‎AMD Integrated,DOS,15.6,1920 x 1080,21633,25,25,30,65,31.75,32.25,40.25,34.25,32.0,Daily Use,Low Budget,"Cocok untuk penggunaan harian seperti browsing, mengetik, meeting online, dan tugas ringan"
Asus Vivobook 15 OLED X1505ZA-L1511WS Laptop,Asus,12th Gen Core i5,16,512,0,512,SSD,Intel Integrated Iris Xe,Windows,15.6,1920 x 1080,67499,71,42,80,80,60.65,67.35,73.5,67.8,65.45,Editing,Mid Budget,"Cocok untuk editing karena memiliki CPU, RAM, dan storage yang mendukung; Memiliki storage yang mendukung workflow lebih cepat"
Microsoft Surface Laptop 5 13.5 inch,Microsoft,12th Gen Core i5,8,256,0,256,SSD,Intel Iris Xe,Windows,13.5,2256 x 1504,98990,71,42,55,65,54.65,58.85,62.0,58.55,58.2,Daily Use,High Budget,"Cocok untuk penggunaan harian seperti browsing, mengetik, meeting online, dan tugas ringan"
Infinix INBook X2 Plus XL25 Laptop,Infinix,11th Gen Core i3,8,256,0,256,SSD,Intel Integrated UHD,Windows,15.6,1920 x 1080,34990,51,25,55,65,42.0,47.6,54.3,48.3,46.1,Daily Use,Low Budget,"Cocok untuk penggunaan harian seperti browsing, mengetik, meeting online, dan tugas ringan"
Infinix INBook X2 Plus XL25 Laptop,Infinix,11th Gen Core i7,16,512,0,512,SSD,Intel Integrated Iris Xe,Windows,15.6,1920 x 1080,57990,78,42,80,80,62.4,69.8,75.6,69.9,67.9,Editing,Mid Budget,"Cocok untuk editing karena memiliki CPU, RAM, dan storage yang mendukung; Cocok untuk programming dan multitasking; Memiliki storage yang mendukung workflow lebih cepat"
Infinix INBook X2 Plus XL25 Laptop,Infinix,11th Gen Core i5,8,512,0,512,SSD,Intel Integrated Iris Xe,Windows,15.6,1920 x 1080,47990,68,42,55,80,56.15,60.05,66.35,60.65,59.4,Daily Use,Low Budget,"Cocok untuk penggunaan harian seperti browsing, mengetik, meeting online, dan tugas ringan; Memiliki storage yang mendukung workflow lebih cepat"
Honor MagicBook 14 M-WFQ9AHNE Laptop,Honor,AMD Ryzen 5 5500U,16,512,0,512,SSD,AMD Radeon,Windows,14.0,1920 x 1080,44990,62,30,80,80,53.0,61.2,69.6,62.1,58.7,Daily Use,Low Budget,"Cocok untuk penggunaan harian seperti browsing, mengetik, meeting online, dan tugas ringan; Memiliki storage yang mendukung workflow lebih cepat"
HP Victus 15-fa0092TX Laptop,HP,12th Gen Core i5,16,512,0,512,SSD,4 GB NVIDIA GeForce RTX 3050,Windows,15.6,1920 x 1080,81990,71,70,80,80,73.25,74.35,76.3,74.8,73.85,Gaming,Mid Budget,Cocok untuk gaming karena memiliki GPU yang cukup kuat; Memiliki storage yang mendukung workflow lebih cepat
HP ProBook 440 G8 Laptop,HP,11th Gen Core i5,8,512,0,512,SSD,Intel Iris Xe Graphics,Windows,14.0,1366 x 768,51990,68,42,55,80,56.15,60.05,66.35,60.65,59.4,Daily Use,Low Budget,"Cocok untuk penggunaan harian seperti browsing, mengetik, meeting online, dan tugas ringan; Memiliki storage yang mendukung workflow lebih cepat"
Lenovo Legion 5 82RB00K8IN Laptop,Lenovo,12th Gen Core i7,16,1000,0,1000,SSD,6 GB NVIDIA GeForce RTX 3060,Windows,15.6,2560 x 1600,141990,81,78,80,95,81.6,82.1,85.35,82.8,82.0,All-Rounder,High Budget,Cocok untuk penggunaan serbaguna karena kuat untuk gaming dan editing sekaligus; Cocok untuk programming dan multitasking; Cocok untuk AI ringan dan image processing; Memiliki storage yang mendukung workflow lebih cepat
Dell Inspiron 3520 D560879WIN9S Laptop,Dell,12th Gen Core i5,16,512,0,512,SSD,Intel Iris Xe Graphics,Windows,15.6,1920 x 1080,65990,71,42,80,80,60.65,67.35,73.5,67.8,65.45,Editing,Mid Budget,"Cocok untuk editing karena memiliki CPU, RAM, dan storage yang mendukung; Memiliki storage yang mendukung workflow lebih cepat"
HP Omen 16-n0091AX Gaming Laptop,HP,AMD Ryzen 7 6800H,16,512,0,512,SSD,4 GB NVIDIA GeForce RTX 3050Ti,Windows,16.1,1920 x 1080,115903,82,70,80,80,76.0,78.2,79.6,78.1,77.7,All-Rounder,High Budget,Cocok untuk penggunaan serbaguna karena kuat untuk gaming dan editing sekaligus; Cocok untuk programming dan multitasking; Cocok untuk AI ringan dan image processing; Memiliki storage yang mendukung workflow lebih cepat
MSI Modern 15 B12M-202IN Laptop,MSI,12th Gen Core i5,8,512,0,512,SSD,Intel Integrated Iris Xe,Windows,15.6,1920 x 1080,55490,71,42,55,80,56.9,61.1,67.25,61.55,60.45,Daily Use,Low Budget,"Cocok untuk penggunaan harian seperti browsing, mengetik, meeting online, dan tugas ringan; Memiliki storage yang mendukung workflow lebih cepat"
Lenovo Legion 5 Pro 16IAH7H 82RF00DYIN Gaming Laptop,Lenovo,12th Gen Core i7,16,1000,0,1000,SSD,6 GB NVIDIA GeForce RTX 3060,Windows,16.0,2560 x 1600,164990,81,78,80,95,81.6,82.1,85.35,82.8,82.0,All-Rounder,High Budget,Cocok untuk penggunaan serbaguna karena kuat untuk gaming dan editing sekaligus; Cocok untuk programming dan multitasking; Cocok untuk AI ringan dan image processing; Memiliki storage yang mendukung workflow lebih cepat
Asus Vivobook Pro 15 OLED M3500QC-L1461WS Gaming Laptop,Asus,AMD Ryzen 5 5600H,16,512,0,512,SSD,4 GB NVIDIA GeForce RTX 3050,Windows,15.6,1920 x 1080,98500,72,70,80,80,73.5,74.7,76.6,75.1,74.2,Gaming,High Budget,Cocok untuk gaming karena memiliki GPU yang cukup kuat; Memiliki storage yang mendukung workflow lebih cepat
Lenovo V15 82C3001VSP Laptop,Lenovo,Celeron N4020,4,256,0,256,SSD,Intel Integrated UHD,Windows,15.6,1920 x 1080,21999,22,25,30,65,31.0,31.2,39.35,33.35,30.95,Daily Use,Low Budget,"Cocok untuk penggunaan harian seperti browsing, mengetik, meeting online, dan tugas ringan"
Dell Inspiron 5320 Laptop,Dell,12th Gen Core i5,16,512,0,512,SSD,Intel Integrated UHD,Windows,13.3,2560 x 1600,76490,71,25,80,80,53.0,63.1,71.8,63.55,60.35,Daily Use,Mid Budget,"Cocok untuk penggunaan harian seperti browsing, mengetik, meeting online, dan tugas ringan; Memiliki storage yang mendukung workflow lebih cepat"
Asus TUF Gaming A15 2022 FA506QM-HN008W Gaming Laptop,Asus,AMD Ryzen 7 5800H,16,512,0,512,SSD,6 GB NVIDIA GeForce RTX 3060,Windows,15.6,1920 x 1080,89990,78,78,80,80,78.6,78.8,79.2,78.9,78.7,All-Rounder,High Budget,Cocok untuk penggunaan serbaguna karena kuat untuk gaming dan editing sekaligus; Cocok untuk programming dan multitasking; Memiliki storage yang mendukung workflow lebih cepat
Lenovo E41-55 AMD Laptop,Lenovo,Athlon Pro 3045B,8,0,1000,1000,HDD,AMD Radeon Graphics,Windows,14.0,1920 x 1080,22999,25,30,55,70,38.5,40.5,48.75,42.75,39.25,Daily Use,Low Budget,"Cocok untuk penggunaan harian seperti browsing, mengetik, meeting online, dan tugas ringan"
Asus VivoBook 14 2022 X1402ZA-EK391WS Laptop,Asus,12th Gen Core i3,8,256,0,256,SSD,Intel Integrated Iris Xe Graphics,Windows,14.0,1920 x 1080,38990,54,42,55,65,50.4,52.9,56.9,53.45,52.25,Daily Use,Low Budget,"Cocok untuk penggunaan harian seperti browsing, mengetik, meeting online, dan tugas ringan"
Lenovo IdeaPad 3 82KU00LQIN Laptop,Lenovo,AMD Ryzen 5 5500U,8,512,0,512,SSD,AMD Radeon Graphics,Windows,15.6,1920 x 1080,46990,62,30,55,80,49.25,54.95,63.35,55.85,53.7,Daily Use,Low Budget,"Cocok untuk penggunaan harian seperti browsing, mengetik, meeting online, dan tugas ringan; Memiliki storage yang mendukung workflow lebih cepat"
Lenovo V15 G2-ITL Business Laptop,Lenovo,11th Gen Core i5,8,512,0,512,SSD,Intel Integrated UHD,Windows,15.6,1920 x 1080,48999,68,25,55,80,48.5,55.8,64.65,56.4,54.3,Daily Use,Low Budget,"Cocok untuk penggunaan harian seperti browsing, mengetik, meeting online, dan tugas ringan; Memiliki storage yang mendukung workflow lebih cepat"
Lenovo IdeaPad Gaming 3 82K1019BIN Laptop,Lenovo,11th Gen Core i5,16,512,0,512,SSD,4 GB NVIDIA GeForce RTX 3050,Windows,15.6,1920 x 1080,68989,68,70,80,80,72.5,73.3,75.4,73.9,72.8,Gaming,Mid Budget,Cocok untuk gaming karena memiliki GPU yang cukup kuat; Memiliki storage yang mendukung workflow lebih cepat
MSI Gaming Katana GF76 11SC-847IN Laptop,MSI,11th Gen Core i5,8,512,0,512,SSD,4 GB NVIDIA GeForce GTX1650,Windows,15.6,1920 x 1080,55990,68,58,55,80,63.35,64.05,67.95,64.65,64.2,Gaming,Mid Budget,Cocok untuk gaming karena memiliki GPU yang cukup kuat; Memiliki storage yang mendukung workflow lebih cepat
MSI Katana GF66 12UD-640IN Gaming Laptop,MSI,12th Gen Core i5,16,512,0,512,SSD,4 GB NVIDIA GeForce RTX 3050 Ti,Windows,15.6,1920 x 1080,77990,71,73,80,80,74.6,75.1,76.6,75.55,74.75,Gaming,Mid Budget,Cocok untuk gaming karena memiliki GPU yang cukup kuat; Memiliki storage yang mendukung workflow lebih cepat
MSI Thin GF63 12HW-004IN Gaming Laptop,MSI,12th Gen Core i5,8,512,0,512,SSD,Intel Integrated ARC,Windows,15.6,1920 x 1080,54990,71,54,55,80,62.3,64.1,68.45,64.55,64.05,Daily Use,Low Budget,"Cocok untuk penggunaan harian seperti browsing, mengetik, meeting online, dan tugas ringan; Memiliki storage yang mendukung workflow lebih cepat"
Lenovo IdeaPad Gaming 3 82SA00B2IN Laptop,Lenovo,12th Gen Core i7,16,512,0,512,SSD,6 GB NVIDIA GeForce RTX 3060,Windows,16.0,1920 x 1200,105990,81,78,80,80,79.35,79.85,80.1,79.8,79.75,All-Rounder,High Budget,Cocok untuk penggunaan serbaguna karena kuat untuk gaming dan editing sekaligus; Cocok untuk programming dan multitasking; Cocok untuk AI ringan dan image processing; Memiliki storage yang mendukung workflow lebih cepat
Lenovo IdeaPad Slim 5 82LN00JSIN Laptop,Lenovo,Ryzen 7 5700U,16,512,0,512,SSD,AMD Radeon Graphics,Windows,15.6,1920 x 1080,64990,68,30,80,80,54.5,63.3,71.4,63.9,60.8,Daily Use,Mid Budget,"Cocok untuk penggunaan harian seperti browsing, mengetik, meeting online, dan tugas ringan; Memiliki storage yang mendukung workflow lebih cepat"
MSI Pulse GL66 12UEK-898IN Gaming Laptop,MSI,12th Gen Core i9,16,1000,0,1000,SSD,6 GB NVIDIA GeForce RTX 3060,Windows,15.6,2560 x 1440,135000,95,78,80,95,85.1,87.0,89.55,87.0,86.9,All-Rounder,High Budget,Cocok untuk penggunaan serbaguna karena kuat untuk gaming dan editing sekaligus; Cocok untuk programming dan multitasking; Cocok untuk AI ringan dan image processing; Memiliki storage yang mendukung workflow lebih cepat
Chuwi HeroBook Air Laptop,Chuwi,Intel Celeron N4020,4,128,0,128,SSD,Intel HD Graphics,Windows,14.1,1366 x 768,15990,22,25,30,50,28.75,28.95,34.1,30.35,28.7,Daily Use,Low Budget,"Cocok untuk penggunaan harian seperti browsing, mengetik, meeting online, dan tugas ringan"
MSI Vector GP66 12UEO-646IN Gaming Laptop,MSI,12th Gen Core i7,16,1000,0,1000,SSD,6 GB NVIDIA GeForce RTX 3060,Windows,15.6,1920 x 1080,134000,81,78,80,95,81.6,82.1,85.35,82.8,82.0,All-Rounder,High Budget,Cocok untuk penggunaan serbaguna karena kuat untuk gaming dan editing sekaligus; Cocok untuk programming dan multitasking; Cocok untuk AI ringan dan image processing; Memiliki storage yang mendukung workflow lebih cepat
Lenovo IdeaPad Slim 3 81X800LCIN Laptop,Lenovo,11th Gen Core i3,8,256,0,256,SSD,Intel UHD Graphics,Windows,15.6,1920 x 1080,33990,51,25,55,65,42.0,47.6,54.3,48.3,46.1,Daily Use,Low Budget,"Cocok untuk penggunaan harian seperti browsing, mengetik, meeting online, dan tugas ringan"
MSI Modern 14 B5M-242IN Laptop,MSI,Ryzen 5 5500U,8,512,0,512,SSD,AMD Radeon Radeon,Windows,14.0,1920 x 1080,44290,62,30,55,80,49.25,54.95,63.35,55.85,53.7,Daily Use,Low Budget,"Cocok untuk penggunaan harian seperti browsing, mengetik, meeting online, dan tugas ringan; Memiliki storage yang mendukung workflow lebih cepat"
HP Envy x360 13-bf0059TU Laptop,HP,12th Gen Core i7,16,512,0,512,SSD,Intel Iris X Graphics,Windows,13.3,2880 x 1800,102123,81,42,80,80,63.15,70.85,76.5,70.8,68.95,Editing,High Budget,"Cocok untuk editing karena memiliki CPU, RAM, dan storage yang mendukung; Cocok untuk programming dan multitasking; Memiliki storage yang mendukung workflow lebih cepat"
Asus ZenBook Pro Duo 14 OLED 2022 UX8402ZE-M711WS Laptop,Asus,12th Gen Core i7,16,1000,0,1000,SSD,4 GB NVIDIA GeForce RTX 3050 Ti,Windows,14.5,2880 x 1800,159990,81,73,80,95,79.35,80.85,84.85,81.55,80.5,All-Rounder,High Budget,Cocok untuk penggunaan serbaguna karena kuat untuk gaming dan editing sekaligus; Cocok untuk programming dan multitasking; Cocok untuk AI ringan dan image processing; Memiliki storage yang mendukung workflow lebih cepat
Dell Vostro 3425 D552305WIN9BE Laptop,Dell,AMD Ryzen 3 5425U,8,256,0,256,SSD,AMD Radeon AMD,Windows,14.0,1920 x 1080,38663,48,30,55,65,43.5,47.8,53.9,48.65,46.55,Daily Use,Low Budget,"Cocok untuk penggunaan harian seperti browsing, mengetik, meeting online, dan tugas ringan"
Lenovo Ideapad Slim 3 82H802KVIN Laptop,Lenovo,11th Gen Core i5,8,512,0,512,SSD,Intel Iris XE Graphic,Windows,15.6,1920 x 1080,55490,68,42,55,80,56.15,60.05,66.35,60.65,59.4,Daily Use,Low Budget,"Cocok untuk penggunaan harian seperti browsing, mengetik, meeting online, dan tugas ringan; Memiliki storage yang mendukung workflow lebih cepat"
Dell Vostro 3425 D552309WIN9BE Laptop,Dell,AMD Ryzen 3 5425U,8,512,0,512,SSD,AMD Radeon AMD,Windows,14.0,1920 x 1080,38990,48,30,55,80,45.75,50.05,59.15,51.65,48.8,Daily Use,Low Budget,"Cocok untuk penggunaan harian seperti browsing, mengetik, meeting online, dan tugas ringan; Memiliki storage yang mendukung workflow lebih cepat"
Acer Extensa EX215-54 NX.EGJSI.00N Laptop,Acer,11th Gen Core i5,8,512,0,512,SSD,Intel Integrated Iris Xe,Windows,15.6,1920 x 1080,40990,68,42,55,80,56.15,60.05,66.35,60.65,59.4,Daily Use,Low Budget,"Cocok untuk penggunaan harian seperti browsing, mengetik, meeting online, dan tugas ringan; Memiliki storage yang mendukung workflow lebih cepat"
HP Pavilion 15s-FR5007TU Laptop,HP,12th Gen Core i5,8,512,0,512,SSD,Intel Iris Xe,Windows,15.6,1920 x 1080,59490,71,42,55,80,56.9,61.1,67.25,61.55,60.45,Daily Use,Mid Budget,"Cocok untuk penggunaan harian seperti browsing, mengetik, meeting online, dan tugas ringan; Memiliki storage yang mendukung workflow lebih cepat"
Lenovo Ideapad Slim 3i 81WQ00NXIN Laptop,Lenovo,Intel Celeron N4020,8,256,0,256,SSD,Intel Integrated UHD,Windows,15.6,1366 x 768,28980,22,25,55,65,34.75,37.45,45.6,39.6,35.95,Daily Use,Low Budget,"Cocok untuk penggunaan harian seperti browsing, mengetik, meeting online, dan tugas ringan"
Asus Vivobook 15 2022 X1502ZA-EJ302WS Laptop,Asus,12th Gen Core i3,8,256,0,256,SSD,Intel Iris Xe,Windows,15.6,1920 x 1080,40990,54,42,55,65,50.4,52.9,56.9,53.45,52.25,Daily Use,Low Budget,"Cocok untuk penggunaan harian seperti browsing, mengetik, meeting online, dan tugas ringan"
HP 15s-ey1508AU Laptop,HP,AMD Ryzen 3 3250U,8,256,0,256,SSD,AMD Radeon Radeon,Windows,15.6,1366 x 768,29990,32,30,55,65,39.5,42.2,49.1,43.85,40.95,Daily Use,Low Budget,"Cocok untuk penggunaan harian seperti browsing, mengetik, meeting online, dan tugas ringan"
MSI Thin GF63 11UC-866IN Gaming Laptop,MSI,11th Gen Core i7,8,512,0,512,SSD,4 GB NVIDIA GeForce RTX 3050,Windows,15.6,1920 x 1080,65590,78,70,55,80,71.25,70.55,72.15,70.65,71.3,Gaming,Mid Budget,Cocok untuk gaming karena memiliki GPU yang cukup kuat; Memiliki storage yang mendukung workflow lebih cepat
Asus Vivobook Pro 15 OLED M6500IH-L1701WS Laptop,Asus,Ryzen 7-4800H,16,512,0,512,SSD,4 GB NVIDIA GeForce GTX 1650 Max Q,Windows,15.6,1920 x 1080,64990,72,55,80,80,66.75,70.95,75.1,71.35,69.7,Editing,Mid Budget,"Cocok untuk editing karena memiliki CPU, RAM, dan storage yang mendukung; Memiliki storage yang mendukung workflow lebih cepat"
Lenovo IdeaPad Slim 3 82KU017EIN Laptop,Lenovo,AMD Ryzen 5 5500U,8,512,0,512,SSD,AMD Radeon,Windows,15.6,1920 x 1080,48990,62,30,55,80,49.25,54.95,63.35,55.85,53.7,Daily Use,Low Budget,"Cocok untuk penggunaan harian seperti browsing, mengetik, meeting online, dan tugas ringan; Memiliki storage yang mendukung workflow lebih cepat"
Lenovo Ideapad Gaming 3 82K201UKIN Laptop,Lenovo,Ryzen 7 5800H,8,512,0,512,SSD,4 GB NVIDIA GeForce RTX 3050,Windows,15.6,1920 x 1080,77850,78,70,55,80,71.25,70.55,72.15,70.65,71.3,Gaming,Mid Budget,Cocok untuk gaming karena memiliki GPU yang cukup kuat; Memiliki storage yang mendukung workflow lebih cepat
Lenovo IdeaPad 3 14ITL6 82H701DYIN Laptop,Lenovo,11th Gen Core i3,8,512,0,512,SSD,Intel Integrated UHD,Windows,14.0,1920 x 1080,37990,51,25,55,80,44.25,49.85,59.55,51.3,48.35,Daily Use,Low Budget,"Cocok untuk penggunaan harian seperti browsing, mengetik, meeting online, dan tugas ringan; Memiliki storage yang mendukung workflow lebih cepat"
Dell Latitude 5320 Business Laptop,Dell,11th Gen Core i5,8,512,0,512,SSD,Intel UHD Graphics,Windows,13.3,1920 x 1080,102400,68,25,55,80,48.5,55.8,64.65,56.4,54.3,Daily Use,High Budget,"Cocok untuk penggunaan harian seperti browsing, mengetik, meeting online, dan tugas ringan; Memiliki storage yang mendukung workflow lebih cepat"
MSI Thin GF63 11UC-867IN Gaming Laptop,MSI,11th Gen Core i5,8,512,0,512,SSD,4 GB NVIDIA GeForce RTX 3050,Windows,15.6,1920 x 1080,56990,68,70,55,80,68.75,67.05,69.15,67.65,67.8,Gaming,Mid Budget,Cocok untuk gaming karena memiliki GPU yang cukup kuat; Memiliki storage yang mendukung workflow lebih cepat
HP 15s-fr2514TU Laptop,HP,11th Gen Core i3,8,256,0,256,SSD,Intel UHD Graphics,Windows,15.6,1920 x 1080,38499,51,25,55,65,42.0,47.6,54.3,48.3,46.1,Daily Use,Low Budget,"Cocok untuk penggunaan harian seperti browsing, mengetik, meeting online, dan tugas ringan"
Asus Zenbook Flip 14 OLED UP5401ZA-KN501WS Laptop,Asus,12th Gen Core i5,16,512,0,512,SSD,Intel Integrated Iris Xe,Windows,14.0,2880 x 1800,85990,71,42,80,80,60.65,67.35,73.5,67.8,65.45,Editing,Mid Budget,"Cocok untuk editing karena memiliki CPU, RAM, dan storage yang mendukung; Memiliki storage yang mendukung workflow lebih cepat"
Acer Aspire 3 A315-23 UN.HVTSI.013 Laptop,Acer,Ryzen 3 3250U,8,256,0,256,SSD,AMD Radeon AMD,Windows,15.6,1920 x 1200,26990,32,30,55,65,39.5,42.2,49.1,43.85,40.95,Daily Use,Low Budget,"Cocok untuk penggunaan harian seperti browsing, mengetik, meeting online, dan tugas ringan"
HP 15s-dr3506TU Laptop,HP,11th Gen Core i3,8,256,1000,256,SSD,Intel UHD Graphics,Windows,15.6,1920 x 1080,43990,51,25,55,65,42.0,47.6,54.3,48.3,46.1,Daily Use,Low Budget,"Cocok untuk penggunaan harian seperti browsing, mengetik, meeting online, dan tugas ringan"
HP 14s-fq0568AU Laptop,HP,AMD Athlon 3050U,8,256,0,256,SSD,AMD Radeon AMD,Windows,14.0,1366 x 768,25758,25,30,55,65,37.75,39.75,47.0,41.75,38.5,Daily Use,Low Budget,"Cocok untuk penggunaan harian seperti browsing, mengetik, meeting online, dan tugas ringan"
HP 15s-du3614TU Laptop,HP,11th Gen Core i3,8,256,1000,256,SSD,Intel Integrated UHD,Windows,15.6,1920 x 1080,40390,51,25,55,65,42.0,47.6,54.3,48.3,46.1,Daily Use,Low Budget,"Cocok untuk penggunaan harian seperti browsing, mengetik, meeting online, dan tugas ringan"
HP 15s-eq1560AU Laptop,HP,AMD Ryzen 3 3250U,8,512,0,512,SSD,AMD Radeon,Windows,15.6,1920 x 1080,37990,32,30,55,80,41.75,44.45,54.35,46.85,43.2,Daily Use,Low Budget,"Cocok untuk penggunaan harian seperti browsing, mengetik, meeting online, dan tugas ringan; Memiliki storage yang mendukung workflow lebih cepat"
Dell Inspiron 3525 Laptop,Dell,AMD Ryzen3 5425U,8,512,0,512,SSD,AMD Radeon Radeon Graphics,Windows,15.6,1920 x 1080,40663,35,30,55,80,42.5,45.5,55.25,47.75,44.25,Daily Use,Low Budget,"Cocok untuk penggunaan harian seperti browsing, mengetik, meeting online, dan tugas ringan; Memiliki storage yang mendukung workflow lebih cepat"
Lenovo IdeaPad Gaming 3 82K10198IN Laptop,Lenovo,11th Gen Core i5,8,512,0,512,SSD,4 GB NVIDIA GeForce GTX 1650,Windows,15.6,1920 x 1080,54451,68,58,55,80,63.35,64.05,67.95,64.65,64.2,Gaming,Low Budget,Cocok untuk gaming karena memiliki GPU yang cukup kuat; Memiliki storage yang mendukung workflow lebih cepat
Acer Predator Helios 500 Ph517-52 Gaming Laptop,Acer,11th Gen Core i9,64,2000,1000,2000,SSD,16 GB NVIDIA GeForce RTX 3080,Windows,17.3,3840 x 2160,432159,92,88,100,100,92.6,94.2,96.4,94.6,93.6,All-Rounder,High Budget,Cocok untuk penggunaan serbaguna karena kuat untuk gaming dan editing sekaligus; Cocok untuk programming dan multitasking; Cocok untuk AI ringan dan image processing; Memiliki storage yang mendukung workflow lebih cepat
Lenovo Ideapad Gaming 3 82K201UNIN Laptop,Lenovo,Ryzen 7 5800H,16,512,0,512,SSD,6 GB NVIDIA GeForce RTX 3060,Windows,15.6,1920 x 1080,90700,78,78,80,80,78.6,78.8,79.2,78.9,78.7,All-Rounder,High Budget,Cocok untuk penggunaan serbaguna karena kuat untuk gaming dan editing sekaligus; Cocok untuk programming dan multitasking; Memiliki storage yang mendukung workflow lebih cepat
Lenovo IdeaPad Slim 3 82H701DNIN Laptop,Lenovo,11th Gen Core i3,8,512,0,512,SSD,Intel UHD Graphics,Windows,14.0,1920 x 1080,37700,51,25,55,80,44.25,49.85,59.55,51.3,48.35,Daily Use,Low Budget,"Cocok untuk penggunaan harian seperti browsing, mengetik, meeting online, dan tugas ringan; Memiliki storage yang mendukung workflow lebih cepat"
Dell Vostro 5625 laptop,Dell,Ryzen 5-5625U,8,512,0,512,SSD,AMD Radeon Graphics,Windows,16.0,1920 x 1200,57990,66,30,55,80,50.25,56.35,64.55,57.05,55.1,Daily Use,Mid Budget,"Cocok untuk penggunaan harian seperti browsing, mengetik, meeting online, dan tugas ringan; Memiliki storage yang mendukung workflow lebih cepat"
HP Pavilion 14-eh0024TU Laptop,HP,12th Gen Core i7,16,1000,0,1000,SSD,Intel Iris Xe Graphics,Windows,14.0,2880 x 1800,91990,81,42,80,95,65.4,73.1,81.75,73.8,71.2,Editing,High Budget,"Cocok untuk editing karena memiliki CPU, RAM, dan storage yang mendukung; Cocok untuk programming dan multitasking; Memiliki storage yang mendukung workflow lebih cepat"
Dell XPS 13 Plus 9320 Laptop,Dell,12th Gen Core i7,16,1000,0,1000,SSD,Intel Iris Xe Graphics,Windows,13.4,3840 x 2400,178500,81,42,80,95,65.4,73.1,81.75,73.8,71.2,Editing,High Budget,"Cocok untuk editing karena memiliki CPU, RAM, dan storage yang mendukung; Cocok untuk programming dan multitasking; Memiliki storage yang mendukung workflow lebih cepat"
Asus ZenBook Pro Duo 15 OLED 2022 UX582ZM-H701WS Laptop,Asus,12th Gen Core i7,32,1000,0,1000,SSD,6 GB NVIDIA GeForce RTX 3060,Windows,15.6,3840 x 2160,199990,81,78,95,95,83.85,85.85,89.1,86.55,85.0,All-Rounder,High Budget,Cocok untuk penggunaan serbaguna karena kuat untuk gaming dan editing sekaligus; Cocok untuk programming dan multitasking; Cocok untuk AI ringan dan image processing; Memiliki storage yang mendukung workflow lebih cepat
Dell Alienware x14 Gaming Laptop,Dell,12th Gen Core i7,16,512,0,512,SSD,4 GB NVIDIA GEFORCE RTX 3050 Ti,Windows,15.6,1920 x 1080,169990,81,73,80,80,77.1,78.6,79.6,78.55,78.25,All-Rounder,High Budget,Cocok untuk penggunaan serbaguna karena kuat untuk gaming dan editing sekaligus; Cocok untuk programming dan multitasking; Cocok untuk AI ringan dan image processing; Memiliki storage yang mendukung workflow lebih cepat
HP Victus 15-fa0354TX Laptop,HP,12th Gen Core i7,16,512,0,512,SSD,4 GB NVIDIA GeForce RTX 3050 Ti,Windows,15.6,1920 x 1080,94699,81,73,80,80,77.1,78.6,79.6,78.55,78.25,All-Rounder,High Budget,Cocok untuk penggunaan serbaguna karena kuat untuk gaming dan editing sekaligus; Cocok untuk programming dan multitasking; Cocok untuk AI ringan dan image processing; Memiliki storage yang mendukung workflow lebih cepat
HP 15s-fq2671TU Laptop,HP,11th Gen Core i3,8,512,0,512,SSD,Intel Integrated UHD,Windows,15.6,1920 x 1080,41500,51,25,55,80,44.25,49.85,59.55,51.3,48.35,Daily Use,Low Budget,"Cocok untuk penggunaan harian seperti browsing, mengetik, meeting online, dan tugas ringan; Memiliki storage yang mendukung workflow lebih cepat"
MSI Katana GF66 11UE-861IN Gaming Laptop,MSI,11th Gen Core i7,16,512,0,512,SSD,6 GB NVIDIA GeForce RTX 3060,Windows,15.6,1920 x 1080,85990,78,78,80,80,78.6,78.8,79.2,78.9,78.7,All-Rounder,Mid Budget,Cocok untuk penggunaan serbaguna karena kuat untuk gaming dan editing sekaligus; Cocok untuk programming dan multitasking; Memiliki storage yang mendukung workflow lebih cepat
Lenovo Yoga Slim 7 Pro 82NC00EWIN Laptop,Lenovo,11th Gen Core i5,16,512,0,512,SSD,Intel Iris Xe Graphics,Windows,14.0,2880 x 1800,71990,68,42,80,80,59.9,66.3,72.6,66.9,64.4,Editing,Mid Budget,"Cocok untuk editing karena memiliki CPU, RAM, dan storage yang mendukung; Memiliki storage yang mendukung workflow lebih cepat"
HP 15s- fr2512TU Laptop,HP,11th Gen Core i3,8,256,0,256,SSD,Intel UHD Graphics,Windows,15.6,1920 x 1080,41890,51,25,55,65,42.0,47.6,54.3,48.3,46.1,Daily Use,Low Budget,"Cocok untuk penggunaan harian seperti browsing, mengetik, meeting online, dan tugas ringan"
Lenovo IdeaPad Slim 3 82RK006DIN Laptop,Lenovo,12th Gen Core i3,8,512,0,512,SSD,‎Intel UHD Graphics,Windows,15.6,1920 x 1080,43999,54,25,55,80,45.0,50.9,60.45,52.2,49.4,Daily Use,Low Budget,"Cocok untuk penggunaan harian seperti browsing, mengetik, meeting online, dan tugas ringan; Memiliki storage yang mendukung workflow lebih cepat"
HP Victus 16-e0650AX Gaming Laptop,HP,AMD Ryzen 7 5800H,8,512,0,512,SSD,4 GB NVIDIA GeForce GTX 1650,Windows,16.1,1920 x 1080,71990,78,58,55,80,65.85,67.55,70.95,67.65,67.7,Gaming,Mid Budget,Cocok untuk gaming karena memiliki GPU yang cukup kuat; Memiliki storage yang mendukung workflow lebih cepat
Lenovo V15 82KBA03TIH Laptop,Lenovo,11th Gen Core i3,8,256,1000,256,SSD,Intel Integrated UHD,Windows,15.6,1920 x 1080,37000,51,25,55,65,42.0,47.6,54.3,48.3,46.1,Daily Use,Low Budget,"Cocok untuk penggunaan harian seperti browsing, mengetik, meeting online, dan tugas ringan"
Lenovo IdeaPad Gaming 3 82K101B7IN Laptop,Lenovo,11th Gen Core i5,16,256,1000,256,SSD,4 GB NVIDIA GeForce RTX 3050,Windows,15.6,1920 x 1080,77750,68,70,80,65,70.25,71.05,70.15,70.9,70.55,Gaming,Mid Budget,Cocok untuk gaming karena memiliki GPU yang cukup kuat
Dell Inspiron 7420 D560780WIN9S Laptop,Dell,12th Gen Core i3,8,256,0,256,SSD,Missing,Windows,14.0,1920 x 1200,53906,54,35,55,65,47.25,51.15,56.2,51.7,50.15,Daily Use,Low Budget,"Cocok untuk penggunaan harian seperti browsing, mengetik, meeting online, dan tugas ringan"
Dell Inspiron 7420 Laptop,Dell,12th Gen Core i5,8,512,0,512,SSD,Intel Iris Xe Graphics,Windows,14.0,1920 x 1200,74990,71,42,55,80,56.9,61.1,67.25,61.55,60.45,Daily Use,Mid Budget,"Cocok untuk penggunaan harian seperti browsing, mengetik, meeting online, dan tugas ringan; Memiliki storage yang mendukung workflow lebih cepat"
Dell Inspiron 7620 Laptop,Dell,12th Gen Core i5,16,512,0,512,SSD,Intel Iris Xe Graphics,Windows,16.0,1920 x 1200,94500,71,42,80,80,60.65,67.35,73.5,67.8,65.45,Editing,High Budget,"Cocok untuk editing karena memiliki CPU, RAM, dan storage yang mendukung; Memiliki storage yang mendukung workflow lebih cepat"
Dell Inspiron 7420 2-in-1 Laptop,Dell,12th Gen Core i7,16,512,0,512,SSD,2 GB NVIDIA GeForce MX550,Windows,14.0,1920 x 1200,102990,81,46,80,80,64.95,71.85,76.9,71.8,70.15,Editing,High Budget,"Cocok untuk editing karena memiliki CPU, RAM, dan storage yang mendukung; Cocok untuk programming dan multitasking; Memiliki storage yang mendukung workflow lebih cepat"
Asus ROG Strix G15 G513IE-HN040WS Gaming Laptop,Asus,Ryzen 7 4800H,16,1000,0,1000,SSD,4 GB NVIDIA GeForce RTX 3050 Ti,Windows,15.6,1920 x 1080,85990,72,73,80,95,77.1,77.7,82.15,78.85,77.35,Gaming,Mid Budget,Cocok untuk gaming karena memiliki GPU yang cukup kuat; Memiliki storage yang mendukung workflow lebih cepat
Infinix INBook X1 Slim XL21 Laptop,Infinix,10th Gen Core i5,16,512,0,512,SSD,Intel Integrated UHD Graphics,Windows,14.0,1920 x 1080,46990,65,25,80,80,51.5,61.0,70.0,61.75,58.25,Daily Use,Low Budget,"Cocok untuk penggunaan harian seperti browsing, mengetik, meeting online, dan tugas ringan; Memiliki storage yang mendukung workflow lebih cepat"
HP 255 G8 62Y23PA Laptop,HP,Ryzen 3 3250U,8,512,0,512,SSD,AMD Radeon Vega 8 Graphics,Windows,15.6,1920 x 1080,32083,32,34,55,80,43.55,45.45,54.75,47.85,44.4,Daily Use,Low Budget,"Cocok untuk penggunaan harian seperti browsing, mengetik, meeting online, dan tugas ringan; Memiliki storage yang mendukung workflow lebih cepat"
Asus Vivobook 16X 2022 M1603QA-MB711WS Laptop,Asus,Ryzen 7-5800H,16,512,0,512,SSD,AMD Radeon Vega 7,Windows,16.0,1920 x 1200,66990,78,31,80,80,57.45,67.05,74.5,67.15,64.6,Daily Use,Mid Budget,"Cocok untuk penggunaan harian seperti browsing, mengetik, meeting online, dan tugas ringan; Cocok untuk programming dan multitasking; Memiliki storage yang mendukung workflow lebih cepat"
HP Pavilion 15-eg2036TU Laptop,HP,12th Gen Core i5,16,512,0,512,SSD,Intel Integrated Iris Xe,Windows,15.6,1920 x 1080,69990,71,42,80,80,60.65,67.35,73.5,67.8,65.45,Editing,Mid Budget,"Cocok untuk editing karena memiliki CPU, RAM, dan storage yang mendukung; Memiliki storage yang mendukung workflow lebih cepat"
Asus TUF Gaming F17 FX707ZM-HX030WS Laptop,Asus,12th Gen Core i7,16,1000,0,1000,SSD,6 GB NVIDIA GeForce RTX 3060,Windows,17.3,1920 x 1080,109990,81,78,80,95,81.6,82.1,85.35,82.8,82.0,All-Rounder,High Budget,Cocok untuk penggunaan serbaguna karena kuat untuk gaming dan editing sekaligus; Cocok untuk programming dan multitasking; Cocok untuk AI ringan dan image processing; Memiliki storage yang mendukung workflow lebih cepat
Asus Vivobook Pro 14 OLED M3400QA-KM702WS Gaming Laptop,Asus,Ryzen 7 5800H,16,512,0,512,SSD,AMD Radeon Graphics,Windows,14.0,2880 x 1800,64990,78,30,80,80,57.0,66.8,74.4,66.9,64.3,Daily Use,Mid Budget,"Cocok untuk penggunaan harian seperti browsing, mengetik, meeting online, dan tugas ringan; Cocok untuk programming dan multitasking; Memiliki storage yang mendukung workflow lebih cepat"
Infinix INBook X1 Slim Series XL21 Laptop,Infinix,10th Gen Core i3,8,512,0,512,SSD,Intel Integrated UHD Graphics,Windows,14.0,1920 x 1080,33490,48,25,55,80,43.5,48.8,58.65,50.4,47.3,Daily Use,Low Budget,"Cocok untuk penggunaan harian seperti browsing, mengetik, meeting online, dan tugas ringan; Memiliki storage yang mendukung workflow lebih cepat"
Asus TUF Gaming A15 FA506ICB-HN005W Laptop,Asus,Ryzen 7 4800H,8,512,0,512,SSD,4 GB NVIDIA GeForce RTX 3050,Windows,15.6,1920 x 1080,69990,72,70,55,80,69.75,68.45,70.35,68.85,69.2,Gaming,Mid Budget,Cocok untuk gaming karena memiliki GPU yang cukup kuat; Memiliki storage yang mendukung workflow lebih cepat
Asus TUF Gaming F15 FX577ZM-HQ067WS Laptop,Asus,12th Gen Core i7,16,1000,0,1000,SSD,6 GB NVIDIA GeForce RTX 3060,Windows,15.6,2560 x 1440,122990,81,78,80,95,81.6,82.1,85.35,82.8,82.0,All-Rounder,High Budget,Cocok untuk penggunaan serbaguna karena kuat untuk gaming dan editing sekaligus; Cocok untuk programming dan multitasking; Cocok untuk AI ringan dan image processing; Memiliki storage yang mendukung workflow lebih cepat
Acer Aspire Vero AV15-51-5155 Laptop,Acer,11th Gen Core i5,16,512,0,512,SSD,Intel Integrated Iris Xe,Windows,15.6,1920 x 1080,54990,68,42,80,80,59.9,66.3,72.6,66.9,64.4,Editing,Low Budget,"Cocok untuk editing karena memiliki CPU, RAM, dan storage yang mendukung; Memiliki storage yang mendukung workflow lebih cepat"
Apple MacBook Air 2022 Laptop,Apple,Apple M2,8,512,0,512,SSD,10-Core GPU,Mac,13.6,2560 x 1664,137990,85,35,55,80,57.25,64.25,70.75,64.0,63.25,Daily Use,High Budget,"Cocok untuk penggunaan harian seperti browsing, mengetik, meeting online, dan tugas ringan; Memiliki storage yang mendukung workflow lebih cepat"
Asus TUF Gaming F15 FA506IHRB-HN079W Gaming Laptop,Asus,AMD Ryzen 5 4600H,8,512,0,512,SSD,4 GB NVIDIA GeForce GTX 1650,Windows,15.6,1920 x 1080,55990,65,58,55,80,62.6,63.0,67.05,63.75,63.15,Gaming,Mid Budget,Cocok untuk gaming karena memiliki GPU yang cukup kuat; Memiliki storage yang mendukung workflow lebih cepat
Asus Vivobook S15 OLED S3502ZA-L502WS Laptop,Asus,12th Gen Core i5,16,512,0,512,SSD,Intel Iris XE Graphics,Windows,15.6,1920 x 1080,72000,71,42,80,80,60.65,67.35,73.5,67.8,65.45,Editing,Mid Budget,"Cocok untuk editing karena memiliki CPU, RAM, dan storage yang mendukung; Memiliki storage yang mendukung workflow lebih cepat"
HP Pavilion 14-dv2053TU Laptop,HP,12th Gen Core i5,8,512,0,512,SSD,Intel Iris Xe Graphics,Windows,14.0,1920 x 1080,62278,71,42,55,80,56.9,61.1,67.25,61.55,60.45,Daily Use,Mid Budget,"Cocok untuk penggunaan harian seperti browsing, mengetik, meeting online, dan tugas ringan; Memiliki storage yang mendukung workflow lebih cepat"
HP Pavilion 15s-fq5010TU Laptop,HP,12th Gen Core i5,8,512,0,512,SSD,Intel Iris Xe,Windows,15.6,1920 x 1080,63350,71,42,55,80,56.9,61.1,67.25,61.55,60.45,Daily Use,Mid Budget,"Cocok untuk penggunaan harian seperti browsing, mengetik, meeting online, dan tugas ringan; Memiliki storage yang mendukung workflow lebih cepat"
Lenovo Ideapad Slim 3 81WB01EBIN Laptop,Lenovo,10th Gen Core i3,8,512,0,512,SSD,Intel Integrated,Windows,15.6,1920 x 1080,36490,48,25,55,80,43.5,48.8,58.65,50.4,47.3,Daily Use,Low Budget,"Cocok untuk penggunaan harian seperti browsing, mengetik, meeting online, dan tugas ringan; Memiliki storage yang mendukung workflow lebih cepat"
HP Pavilion 15s-FQ5009TU Laptop,HP,12th Gen Core i5,8,512,0,512,SSD,Intel Iris Xe,Windows,15.6,1920 x 1080,60500,71,42,55,80,56.9,61.1,67.25,61.55,60.45,Daily Use,Mid Budget,"Cocok untuk penggunaan harian seperti browsing, mengetik, meeting online, dan tugas ringan; Memiliki storage yang mendukung workflow lebih cepat"
Samsung Galaxy Book2 Laptop,Samsung,12th Gen Core i5,8,512,0,512,SSD,4 GB Intel Arc A350M Graphics,Windows,15.6,1920 x 1080,79990,71,56,55,80,63.2,64.6,68.65,65.05,64.65,Daily Use,Mid Budget,"Cocok untuk penggunaan harian seperti browsing, mengetik, meeting online, dan tugas ringan; Memiliki storage yang mendukung workflow lebih cepat"
Asus Strix G15 G513RM-HQ271WS Gaming Laptop,Asus,Ryzen 7 6800H,16,1000,0,1000,SSD,6 GB NVIDIA GeForce RTX 3060,Windows,15.6,2560 x 1440,124990,82,78,80,95,81.85,82.45,85.65,83.1,82.35,All-Rounder,High Budget,Cocok untuk penggunaan serbaguna karena kuat untuk gaming dan editing sekaligus; Cocok untuk programming dan multitasking; Cocok untuk AI ringan dan image processing; Memiliki storage yang mendukung workflow lebih cepat
Dell Inspiron 5520 Laptop,Dell,12th Gen Core i5,16,512,0,512,SSD,4 GB NVIDIA GeForce RTX 3050,Windows,15.6,1920 x 1080,79990,71,70,80,80,73.25,74.35,76.3,74.8,73.85,Gaming,Mid Budget,Cocok untuk gaming karena memiliki GPU yang cukup kuat; Memiliki storage yang mendukung workflow lebih cepat
Asus Vivobook S14 OLED S3402ZA-KM501WS Laptop,Asus,12th Gen Core i5,16,512,0,512,SSD,Intel Iris Xe Graphics,Windows,14.0,2880 x 1800,70990,71,42,80,80,60.65,67.35,73.5,67.8,65.45,Editing,Mid Budget,"Cocok untuk editing karena memiliki CPU, RAM, dan storage yang mendukung; Memiliki storage yang mendukung workflow lebih cepat"
HP Pavilion 15-EG2019TX Laptop,HP,12th Gen Core i5,16,512,0,512,SSD,2 GB NVIDIA GeForce MX550,Windows,15.6,1920 x 1080,78200,71,46,80,80,62.45,68.35,73.9,68.8,66.65,Editing,Mid Budget,"Cocok untuk editing karena memiliki CPU, RAM, dan storage yang mendukung; Memiliki storage yang mendukung workflow lebih cepat"
Samsung Galaxy Book2 15 Laptop,Samsung,12th Gen Core i7,16,512,0,512,SSD,Intel Iris Xe Graphics,Windows,15.6,1920 x 1080,79990,81,42,80,80,63.15,70.85,76.5,70.8,68.95,Editing,Mid Budget,"Cocok untuk editing karena memiliki CPU, RAM, dan storage yang mendukung; Cocok untuk programming dan multitasking; Memiliki storage yang mendukung workflow lebih cepat"
Samsung Galaxy Book2 15 Laptop,Samsung,12th Gen Core i5,8,512,0,512,SSD,Intel Iris Xe Graphics,Windows,15.6,1920 x 1080,64490,71,42,55,80,56.9,61.1,67.25,61.55,60.45,Daily Use,Mid Budget,"Cocok untuk penggunaan harian seperti browsing, mengetik, meeting online, dan tugas ringan; Memiliki storage yang mendukung workflow lebih cepat"
Dell G15-5511 Gaming Laptop,Dell,11th Gen Core i5,8,512,0,512,SSD,4 GB NVIDIA GeForce RTX 3050,Windows,15.6,1920 x 1080,65990,68,70,55,80,68.75,67.05,69.15,67.65,67.8,Gaming,Mid Budget,Cocok untuk gaming karena memiliki GPU yang cukup kuat; Memiliki storage yang mendukung workflow lebih cepat
Lenovo IdeaPad 3 81WQ00MQIN Laptop,Lenovo,Celeron N4020,8,256,0,256,SSD,Intel Integrated UHD,Windows,15.6,1366 x 768,26585,22,25,55,65,34.75,37.45,45.6,39.6,35.95,Daily Use,Low Budget,"Cocok untuk penggunaan harian seperti browsing, mengetik, meeting online, dan tugas ringan"
Dell G15-5520 Laptop,Dell,12th Gen Core i5,16,512,0,512,SSD,4 GB NVIDIA GeForce RTX 3050,Windows,15.6,1920 x 1080,84990,71,70,80,80,73.25,74.35,76.3,74.8,73.85,Gaming,Mid Budget,Cocok untuk gaming karena memiliki GPU yang cukup kuat; Memiliki storage yang mendukung workflow lebih cepat
HP Pavilion 15-EG2035TU Laptop,HP,12th Gen Core i5,16,512,0,512,SSD,Intel UHD Graphics,Windows,15.6,1920 x 1080,71999,71,25,80,80,53.0,63.1,71.8,63.55,60.35,Daily Use,Mid Budget,"Cocok untuk penggunaan harian seperti browsing, mengetik, meeting online, dan tugas ringan; Memiliki storage yang mendukung workflow lebih cepat"
Acer Nitro 5 AN515-58 Gaming Laptop,Acer,12th Gen Core i5,8,512,0,512,SSD,4 GB NVIDIA GeForce RTX 3050,Windows,15.6,1920 x 1080,76109,71,70,55,80,69.5,68.1,70.05,68.55,68.85,Gaming,Mid Budget,Cocok untuk gaming karena memiliki GPU yang cukup kuat; Memiliki storage yang mendukung workflow lebih cepat
Asus TUF Gaming A15 2021 FA506QM-HN124W Laptop,Asus,Ryzen 9 5900HX,16,512,0,512,SSD,6 GB NVIDIA GeForce RTX 3060,Windows,15.6,1920 x 1080,98900,84,78,80,80,80.1,80.9,81.0,80.7,80.8,All-Rounder,High Budget,Cocok untuk penggunaan serbaguna karena kuat untuk gaming dan editing sekaligus; Cocok untuk programming dan multitasking; Cocok untuk AI ringan dan image processing; Memiliki storage yang mendukung workflow lebih cepat
Lenovo V15-IGL 82C3A008IH Laptop,Lenovo,Celeron N4020,4,256,0,256,SSD,Intel Integrated UHD,DOS,15.6,1920 x 1080,19990,22,25,30,65,31.0,31.2,39.35,33.35,30.95,Daily Use,Low Budget,"Cocok untuk penggunaan harian seperti browsing, mengetik, meeting online, dan tugas ringan"
Dell Latitude 3420 Laptop,Dell,11th Gen Core i5,16,256,1000,256,SSD,Intel UHD Graphics,Windows,14.0,1366 x 768,76900,68,25,80,65,50.0,59.8,65.65,59.65,57.05,Daily Use,Mid Budget,"Cocok untuk penggunaan harian seperti browsing, mengetik, meeting online, dan tugas ringan"
Dell Inspiron 3521 Laptop,Dell,Pentium N5030,8,256,0,256,SSD,Intel Integrated UHD,Windows,15.6,1366 x 768,32033,27,25,55,65,36.0,39.2,47.1,41.1,37.7,Daily Use,Low Budget,"Cocok untuk penggunaan harian seperti browsing, mengetik, meeting online, dan tugas ringan"
Dell Vostro 5625 laptop,Dell,Ryzen 5-5625U,16,512,0,512,SSD,AMD Vega,Windows,16.0,1920 x 1200,62490,66,35,80,80,56.25,63.85,71.3,64.55,61.6,Daily Use,Mid Budget,"Cocok untuk penggunaan harian seperti browsing, mengetik, meeting online, dan tugas ringan; Memiliki storage yang mendukung workflow lebih cepat"
HP 240 G8 Laptop,HP,11th Gen Core i5,8,512,0,512,SSD,Intel Integrated,Windows,14.0,1366 x 768,60618,68,25,55,80,48.5,55.8,64.65,56.4,54.3,Daily Use,Mid Budget,"Cocok untuk penggunaan harian seperti browsing, mengetik, meeting online, dan tugas ringan; Memiliki storage yang mendukung workflow lebih cepat"
Lenovo E41-55 82FJ009JIH Laptop,Lenovo,Athlon Pro 3045B,4,0,1000,1000,HDD,Missing,DOS,14.0,1920 x 1080,18990,25,35,30,70,37.0,35.5,43.0,37.75,35.75,Daily Use,Low Budget,"Cocok untuk penggunaan harian seperti browsing, mengetik, meeting online, dan tugas ringan"
HP Pavilion 15-eh2018AU Laptop,HP,Ryzen 5 5625U,8,512,0,512,SSD,AMD Radeon Graphics,Windows,15.6,1920 x 1080,52490,66,30,55,80,50.25,56.35,64.55,57.05,55.1,Daily Use,Low Budget,"Cocok untuk penggunaan harian seperti browsing, mengetik, meeting online, dan tugas ringan; Memiliki storage yang mendukung workflow lebih cepat"
HP Pavilion 14-ec1003AU Laptop,HP,Ryzen 5,8,512,0,512,SSD,AMD Radeon Graphics,Windows,14.0,1920 x 1080,51990,62,30,55,80,49.25,54.95,63.35,55.85,53.7,Daily Use,Low Budget,"Cocok untuk penggunaan harian seperti browsing, mengetik, meeting online, dan tugas ringan; Memiliki storage yang mendukung workflow lebih cepat"
Samsung Galaxy Book2 Pro 360 13 Laptop,Samsung,12th Gen Core i7,16,512,0,512,SSD,Intel Iris Xe Graphics,Windows,13.3,1080 x 1920,113990,81,42,80,80,63.15,70.85,76.5,70.8,68.95,Editing,High Budget,"Cocok untuk editing karena memiliki CPU, RAM, dan storage yang mendukung; Cocok untuk programming dan multitasking; Memiliki storage yang mendukung workflow lebih cepat"
Dell Vostro 3510 Laptop,Dell,11th Gen Core i5,8,512,0,512,SSD,Intel Iris Xe Graphics,Windows,15.6,1920 x 1080,54490,68,42,55,80,56.15,60.05,66.35,60.65,59.4,Daily Use,Low Budget,"Cocok untuk penggunaan harian seperti browsing, mengetik, meeting online, dan tugas ringan; Memiliki storage yang mendukung workflow lebih cepat"
Asus Vivobook 15 X515MA-BR101W Laptop,Asus,Pentium Quad Core,4,0,1000,1000,HDD,Intel UHD,Windows,15.6,1366 x 768,23399,27,25,30,70,33.0,33.7,42.6,35.85,33.45,Daily Use,Low Budget,"Cocok untuk penggunaan harian seperti browsing, mengetik, meeting online, dan tugas ringan"
Samsung Galaxy Book2 Pro 360 13 Laptop,Samsung,12th Gen Core i5,16,512,0,512,SSD,Intel Iris Xe Graphics,Windows,13.3,1080 x 1920,110990,71,42,80,80,60.65,67.35,73.5,67.8,65.45,Editing,High Budget,"Cocok untuk editing karena memiliki CPU, RAM, dan storage yang mendukung; Memiliki storage yang mendukung workflow lebih cepat"
Asus Vivobook 13 Slate OLED T3300KA-LQ111WS Laptop,Asus,Pentium Silver N6000,8,256,0,256,SSD,Intel UHD Graphics,Windows,13.3,1920 x 1080,43290,30,25,55,65,36.75,40.25,48.0,42.0,38.75,Daily Use,Low Budget,"Cocok untuk penggunaan harian seperti browsing, mengetik, meeting online, dan tugas ringan"
Apple MacBook Air 2020 Z124J002KD Laptop,Apple,Apple M1,16,512,0,512,SSD,Apple M1 Integrated Graphics,Mac,13.3,2560 x 1600,125990,75,58,80,80,68.85,72.75,76.3,73.0,71.65,Editing,High Budget,"Cocok untuk editing karena memiliki CPU, RAM, dan storage yang mendukung; Cocok untuk programming dan multitasking; Memiliki storage yang mendukung workflow lebih cepat"
HP 14s-fq1089au Laptop,HP,Ryzen 3 5300U,8,512,0,512,SSD,AMD Radeon Graphics,Windows,14.0,1920 x 1080,40300,45,30,55,80,45.0,49.0,58.25,50.75,47.75,Daily Use,Low Budget,"Cocok untuk penggunaan harian seperti browsing, mengetik, meeting online, dan tugas ringan; Memiliki storage yang mendukung workflow lebih cepat"
HP 15s- fq4021TU Laptop,HP,11th Gen Core i5,8,512,0,512,SSD,Intel Iris Xe Graphics,Windows,15.6,1920 x 1080,55499,68,42,55,80,56.15,60.05,66.35,60.65,59.4,Daily Use,Mid Budget,"Cocok untuk penggunaan harian seperti browsing, mengetik, meeting online, dan tugas ringan; Memiliki storage yang mendukung workflow lebih cepat"
Apple MacBook Air 2020 Z124J001KD Laptop,Apple,Apple M1,16,256,0,256,SSD,Apple M1 Integrated Graphics,Mac,13.3,2560 x 1600,105990,75,58,80,65,66.6,70.5,71.05,70.0,69.4,Gaming,High Budget,Cocok untuk gaming karena memiliki GPU yang cukup kuat; Cocok untuk programming dan multitasking
HP 15s-eq2143au Laptop,HP,Ryzen 3 5300U,8,512,0,512,SSD,AMD Radeon AMD,Windows,15.6,1920 x 1080,39648,45,30,55,80,45.0,49.0,58.25,50.75,47.75,Daily Use,Low Budget,"Cocok untuk penggunaan harian seperti browsing, mengetik, meeting online, dan tugas ringan; Memiliki storage yang mendukung workflow lebih cepat"
Dell Inspiron 3511 Laptop,Dell,11th Gen Core i5,8,256,1000,256,SSD,2 GB NVIDIA MX350,Windows,15.6,1920 x 1080,62812,68,40,55,65,53.0,57.3,60.9,57.15,56.55,Daily Use,Mid Budget,"Cocok untuk penggunaan harian seperti browsing, mengetik, meeting online, dan tugas ringan"
Lenovo IdeaPad 3 82H801L7IN,Lenovo,11th Gen Core i3,8,512,0,512,SSD,Intel Integrated UHD,Windows,15.6,1920 x 1080,37952,51,25,55,80,44.25,49.85,59.55,51.3,48.35,Daily Use,Low Budget,"Cocok untuk penggunaan harian seperti browsing, mengetik, meeting online, dan tugas ringan; Memiliki storage yang mendukung workflow lebih cepat"
Dell Latitude 7410 Laptop,Dell,10th Gen Core i5,8,256,0,256,SSD,Intel UHD Graphics,Windows,14.0,1920 x 1080,77499,65,25,55,65,45.5,52.5,58.5,52.5,51.0,Daily Use,Mid Budget,"Cocok untuk penggunaan harian seperti browsing, mengetik, meeting online, dan tugas ringan"
HP Pavilion 15-EC2145AX Gaming Laptop,HP,Ryzen 5 5600H,8,512,0,512,SSD,4 GB NVIDIA GeForce GTX 3050,Windows,15.6,1920 x 1080,64990,72,65,55,80,67.5,67.2,69.85,67.6,67.7,Gaming,Mid Budget,Cocok untuk gaming karena memiliki GPU yang cukup kuat; Memiliki storage yang mendukung workflow lebih cepat
HP Pavilion 15-ec2150AX Laptop,HP,Ryzen 5 5600H,8,512,0,512,SSD,4 GB NVIDIA GeForce GTX 1650,Windows,15.6,1920 x 1080,59910,72,58,55,80,64.35,65.45,69.15,65.85,65.6,Gaming,Mid Budget,Cocok untuk gaming karena memiliki GPU yang cukup kuat; Memiliki storage yang mendukung workflow lebih cepat
Dell Latitude 5420 Laptop,Dell,11th Gen Core i7,16,512,0,512,SSD,Intel Iris Xe Graphics,Windows,14.0,1920 x 1080,112000,78,42,80,80,62.4,69.8,75.6,69.9,67.9,Editing,High Budget,"Cocok untuk editing karena memiliki CPU, RAM, dan storage yang mendukung; Cocok untuk programming dan multitasking; Memiliki storage yang mendukung workflow lebih cepat"
HP 14s-dy2506TU Laptop,HP,11th Gen Core i3,8,256,0,256,SSD,Intel Integrated UHD,Windows,14.0,1920 x 1080,35490,51,25,55,65,42.0,47.6,54.3,48.3,46.1,Daily Use,Low Budget,"Cocok untuk penggunaan harian seperti browsing, mengetik, meeting online, dan tugas ringan"
Lenovo IdeaPad 3 15ITL6 82H801L3IN Laptop,Lenovo,11th Gen Core i3,8,256,0,256,SSD,Intel Integrated UHD,Windows,15.6,1920 x 1080,36001,51,25,55,65,42.0,47.6,54.3,48.3,46.1,Daily Use,Low Budget,"Cocok untuk penggunaan harian seperti browsing, mengetik, meeting online, dan tugas ringan"
Infinix INBook X1 XL12 Laptop,Infinix,10th Gen Core i7,16,512,0,512,SSD,Intel Integrated UHD,Windows,14.0,1920 x 1080,46990,75,25,80,80,54.0,64.5,73.0,64.75,61.75,Daily Use,Low Budget,"Cocok untuk penggunaan harian seperti browsing, mengetik, meeting online, dan tugas ringan; Cocok untuk programming dan multitasking; Memiliki storage yang mendukung workflow lebih cepat"
Asus Vivobook X415EA-EB372WS Laptop,Asus,11th Gen Core i3,8,256,1000,256,SSD,Intel UHD Graphics,Windows,14.1,1920 x 1080,38990,51,25,55,65,42.0,47.6,54.3,48.3,46.1,Daily Use,Low Budget,"Cocok untuk penggunaan harian seperti browsing, mengetik, meeting online, dan tugas ringan"
Asus VivoBook 15 2021 X515JA-EJ362WS Laptop,Asus,10th Gen Core i3,8,512,0,512,SSD,Intel Integrated UHD,Windows,15.6,1920 x 1080,32990,48,25,55,80,43.5,48.8,58.65,50.4,47.3,Daily Use,Low Budget,"Cocok untuk penggunaan harian seperti browsing, mengetik, meeting online, dan tugas ringan; Memiliki storage yang mendukung workflow lebih cepat"
HP Pavilion 15-dk2095TX Gaming Laptop,HP,11th Gen Core i5,8,512,0,512,SSD,4 GB NVIDIA GeForce GTX 1650,Windows,15.6,1920 x 1080,61990,68,58,55,80,63.35,64.05,67.95,64.65,64.2,Gaming,Mid Budget,Cocok untuk gaming karena memiliki GPU yang cukup kuat; Memiliki storage yang mendukung workflow lebih cepat
Apple MacBook Pro 16 inch MK1A3HN Laptop,Apple,M1 Max 10-core CPU,32,1000,0,1000,SSD,32-core GPU,Mac,16.2,3456 x 2234,296894,90,35,95,95,66.75,78.25,87.5,78.5,75.25,Editing,High Budget,"Cocok untuk editing karena memiliki CPU, RAM, dan storage yang mendukung; Cocok untuk programming dan multitasking; Memiliki storage yang mendukung workflow lebih cepat"
Lenovo V15 82C30052IH Laptop,Lenovo,Intel Celeron N4020,4,0,1000,1000,HDD,Intel Integrated UHD,DOS,15.6,1920 x 1080,21999,22,25,30,70,31.75,31.95,41.1,34.35,31.7,Daily Use,Low Budget,"Cocok untuk penggunaan harian seperti browsing, mengetik, meeting online, dan tugas ringan"
Dell Inspiron 3511 Laptop,Dell,11th Gen Core i3,8,256,1000,256,SSD,Intel Integrated,Windows,15.6,1920 x 1080,41490,51,25,55,65,42.0,47.6,54.3,48.3,46.1,Daily Use,Low Budget,"Cocok untuk penggunaan harian seperti browsing, mengetik, meeting online, dan tugas ringan"
HP Pavilion 15-ec2008AX Gaming Laptop,HP,Ryzen 5 5600H,8,512,0,512,SSD,4 GB NVIDIA GeForce GTX 1650,Windows,15.6,1920 x 1080,58635,72,58,55,80,64.35,65.45,69.15,65.85,65.6,Gaming,Mid Budget,Cocok untuk gaming karena memiliki GPU yang cukup kuat; Memiliki storage yang mendukung workflow lebih cepat
Asus VivoBook 15 X515EA-BQ312TS Laptop,Asus,11th Gen Core i3,8,256,0,256,SSD,Intel Integrated UHD,Windows,15.6,1920 x 1080,34994,51,25,55,65,42.0,47.6,54.3,48.3,46.1,Daily Use,Low Budget,"Cocok untuk penggunaan harian seperti browsing, mengetik, meeting online, dan tugas ringan"
Xiaomi Mi Notebook Ultra Laptop,Xiaomi,11th Gen Core i5,16,512,0,512,SSD,Intel Iris Xe Graphics,Windows,15.6,3200 x 2000,62999,68,42,80,80,59.9,66.3,72.6,66.9,64.4,Editing,Mid Budget,"Cocok untuk editing karena memiliki CPU, RAM, dan storage yang mendukung; Memiliki storage yang mendukung workflow lebih cepat"
MSI Bravo 15 B5DD-043IN Gaming Laptop,MSI,Ryzen 5 5600H,8,512,0,512,SSD,4 GB AMD Radeon RX5500M,Windows,15.6,1920 x 1080,58500,72,30,55,80,51.75,58.45,66.35,58.85,57.2,Daily Use,Mid Budget,"Cocok untuk penggunaan harian seperti browsing, mengetik, meeting online, dan tugas ringan; Memiliki storage yang mendukung workflow lebih cepat"
Lenovo IdeaPad 3 15ITL6 82H800U5IN Laptop,Lenovo,11th Gen Core i3,8,512,0,512,SSD,Intel Integrated UHD,Windows,15.6,1920 x 1080,37600,51,25,55,80,44.25,49.85,59.55,51.3,48.35,Daily Use,Low Budget,"Cocok untuk penggunaan harian seperti browsing, mengetik, meeting online, dan tugas ringan; Memiliki storage yang mendukung workflow lebih cepat"
Xiaomi RedmiBook e-Learning Edition,Xiaomi,11th Gen Core i3,8,256,0,256,SSD,Intel UHD Graphics,Windows,15.6,1920 x 1080,30990,51,25,55,65,42.0,47.6,54.3,48.3,46.1,Daily Use,Low Budget,"Cocok untuk penggunaan harian seperti browsing, mengetik, meeting online, dan tugas ringan"
Realme Book Slim Laptop,Realme,11th Gen Core i3,8,256,0,256,SSD,Intel UHD Graphics,Windows,14.0,1440 x 2160,46990,51,25,55,65,42.0,47.6,54.3,48.3,46.1,Daily Use,Low Budget,"Cocok untuk penggunaan harian seperti browsing, mengetik, meeting online, dan tugas ringan"
Lenovo IdeaPad 3 15ITL6 82H8014BIN Laptop,Lenovo,11th Gen Core i5,8,512,0,512,SSD,Intel Integrated Iris Xe,Windows,15.6,1920 x 1080,55850,68,42,55,80,56.15,60.05,66.35,60.65,59.4,Daily Use,Mid Budget,"Cocok untuk penggunaan harian seperti browsing, mengetik, meeting online, dan tugas ringan; Memiliki storage yang mendukung workflow lebih cepat"
Acer Extensa EX215-31 Laptop,Acer,Intel Pentium N5030,4,0,1000,1000,HDD,Intel UHD Graphics 605,Windows,15.6,768 x 1366,21990,27,20,30,70,30.75,32.45,42.1,34.6,31.95,Daily Use,Low Budget,"Cocok untuk penggunaan harian seperti browsing, mengetik, meeting online, dan tugas ringan"
Asus ROG Flow X13 GV301QH-K5462TS Gaming Laptop,Asus,AMD Ryzen 9,16,1000,0,1000,SSD,4 GB NVIDIA GeForce GTX 1650,Windows,13.4,3840 x 2400,105990,88,58,80,95,74.35,79.55,85.45,79.9,78.45,Editing,High Budget,"Cocok untuk editing karena memiliki CPU, RAM, dan storage yang mendukung; Cocok untuk programming dan multitasking; Memiliki storage yang mendukung workflow lebih cepat"
Lenovo Yoga 9i 82BG005JIN Laptop,Lenovo,11th Gen Core i7,16,1000,0,1000,SSD,Intel Iris Xe Graphics,Windows,14.0,3840 x 2160,172990,78,42,80,95,64.65,72.05,80.85,72.9,70.15,Editing,High Budget,"Cocok untuk editing karena memiliki CPU, RAM, dan storage yang mendukung; Cocok untuk programming dan multitasking; Memiliki storage yang mendukung workflow lebih cepat"
Dell Inspiron 3501 Laptop,Dell,11th Gen Core i5,8,256,1000,256,SSD,Intel Iris Xe Graphics,Windows,15.6,1920 x 1080,61640,68,42,55,65,53.9,57.8,61.1,57.65,57.15,Daily Use,Mid Budget,"Cocok untuk penggunaan harian seperti browsing, mengetik, meeting online, dan tugas ringan"
Apple MacBook Air 2020 MGN73HN Laptop,Apple,Apple M1,8,512,0,512,SSD,Apple M1 Integrated Graphics,Mac,13.3,2560 x 1600,109990,75,58,55,80,65.1,66.5,70.05,66.75,66.65,Gaming,High Budget,Cocok untuk gaming karena memiliki GPU yang cukup kuat; Memiliki storage yang mendukung workflow lebih cepat
Dell Inspiron 3593 Laptop,Dell,10th Gen Core i3,4,0,1000,1000,HDD,Intel Integrated UHD,Windows,15.6,1920 x 1080,36990,48,25,30,70,38.25,41.05,48.9,42.15,40.8,Daily Use,Low Budget,"Cocok untuk penggunaan harian seperti browsing, mengetik, meeting online, dan tugas ringan"
Microsoft Surface Laptop 3 1873,Microsoft,V4G-00021) Laptop ,8,128,0,128,SSD,AMD Radeon Vega 9,Windows,15.0,2496 x 1664,99990,35,30,55,50,38.0,41.0,44.75,41.75,39.75,Daily Use,High Budget,"Cocok untuk penggunaan harian seperti browsing, mengetik, meeting online, dan tugas ringan"
HP EliteBook 840 G6,HP,7YY01PA) Laptop ,8,512,0,512,SSD,2 GB Radeon RX 550,Windows,14.0,1920 x 1080,146000,35,30,55,80,42.5,45.5,55.25,47.75,44.25,Daily Use,High Budget,"Cocok untuk penggunaan harian seperti browsing, mengetik, meeting online, dan tugas ringan; Memiliki storage yang mendukung workflow lebih cepat"
Dell Latitude 5320 2-in-1 Laptop,Dell,11th Gen Core i5,16,256,0,256,SSD,Intel UHD Graphics,Windows,13.3,1920 x 1080,87999,68,25,80,65,50.0,59.8,65.65,59.65,57.05,Daily Use,High Budget,"Cocok untuk penggunaan harian seperti browsing, mengetik, meeting online, dan tugas ringan"
Lenovo V15 ITL 82KBA03JIH Laptop,Lenovo,11th Gen Core i3,8,512,0,512,SSD,Intel Integrated UHD,Windows,15.6,1920 x 1080,33990,51,25,55,80,44.25,49.85,59.55,51.3,48.35,Daily Use,Low Budget,"Cocok untuk penggunaan harian seperti browsing, mengetik, meeting online, dan tugas ringan; Memiliki storage yang mendukung workflow lebih cepat"
Asus VivoBook 15 X1500EA-EJ3381WS Laptop,Asus,11th Gen Core i3,8,512,0,512,SSD,Intel UHD Graphics,Windows,15.6,1920 x 1080,39400,51,25,55,80,44.25,49.85,59.55,51.3,48.35,Daily Use,Low Budget,"Cocok untuk penggunaan harian seperti browsing, mengetik, meeting online, dan tugas ringan; Memiliki storage yang mendukung workflow lebih cepat"
HP Envy x360 15-ew0037TU Laptop,HP,12th Gen Core i5,16,512,0,512,SSD,Intel Integrated Iris Xe,Windows,15.6,1920 x 1080,82999,71,42,80,80,60.65,67.35,73.5,67.8,65.45,Editing,Mid Budget,"Cocok untuk editing karena memiliki CPU, RAM, dan storage yang mendukung; Memiliki storage yang mendukung workflow lebih cepat"
HP 15s-eq2213AU Laptop,HP,AMD Ryzen 3 5300U,8,512,0,512,SSD,AMD Radeon Graphics,Windows,15.6,1920 x 1080,40960,45,30,55,80,45.0,49.0,58.25,50.75,47.75,Daily Use,Low Budget,"Cocok untuk penggunaan harian seperti browsing, mengetik, meeting online, dan tugas ringan; Memiliki storage yang mendukung workflow lebih cepat"
Asus Vivobook Pro 16X OLED N7601ZM-MQ711WS Gaming Laptop,Asus,12th Gen Core i7,16,1000,0,1000,SSD,6 GB NVIDIA GeForce RTX 3060,Windows,16.0,3840 x 2400,168990,81,78,80,95,81.6,82.1,85.35,82.8,82.0,All-Rounder,High Budget,Cocok untuk penggunaan serbaguna karena kuat untuk gaming dan editing sekaligus; Cocok untuk programming dan multitasking; Cocok untuk AI ringan dan image processing; Memiliki storage yang mendukung workflow lebih cepat
HP Victus 16-d0310TX Gaming Laptop,HP,11th Gen Core i5,8,512,0,512,SSD,4 GB NVIDIA GeForce GTX 1650,Windows,16.1,1920 x 1080,84419,68,58,55,80,63.35,64.05,67.95,64.65,64.2,Gaming,Mid Budget,Cocok untuk gaming karena memiliki GPU yang cukup kuat; Memiliki storage yang mendukung workflow lebih cepat
HP Victus 15-fb0777AX Gaming Laptop,HP,AMD Ryzen 5 5600H,8,512,0,512,SSD,4 GB AMD Radeon RX 6500M Graphics,Windows,15.6,1920 x 1080,70816,72,58,55,80,64.35,65.45,69.15,65.85,65.6,Gaming,Mid Budget,Cocok untuk gaming karena memiliki GPU yang cukup kuat; Memiliki storage yang mendukung workflow lebih cepat
HP Victus 16-d0311TX Gaming Laptop,HP,11th Gen Core i5,16,512,0,512,SSD,4 GB NVIDIA GeForce GTX 1650,Windows,16.1,1920 x 1080,75990,68,58,80,80,67.1,70.3,74.2,70.9,69.2,Editing,Mid Budget,"Cocok untuk editing karena memiliki CPU, RAM, dan storage yang mendukung; Memiliki storage yang mendukung workflow lebih cepat"
Dell G15-5520 D560897WIN9S Laptop,Dell,12th Gen Core i9,16,1000,0,1000,SSD,6 GB NVIDIA GeForce RTX 3060,Windows,15.6,1920 x 1080,149899,95,78,80,95,85.1,87.0,89.55,87.0,86.9,All-Rounder,High Budget,Cocok untuk penggunaan serbaguna karena kuat untuk gaming dan editing sekaligus; Cocok untuk programming dan multitasking; Cocok untuk AI ringan dan image processing; Memiliki storage yang mendukung workflow lebih cepat
HP Victus 16-e0333TX Gaming Laptop,HP,AMD Ryzen 5 5600H,16,512,0,512,SSD,6 GB NVIDIA GeForce RTX3060,Windows,16.1,1920 x 1080,92990,72,78,80,80,77.1,76.7,77.4,77.1,76.6,Gaming,High Budget,Cocok untuk gaming karena memiliki GPU yang cukup kuat; Memiliki storage yang mendukung workflow lebih cepat
Lenovo Legion 5 Pro 82RG00ELIN Laptop,Lenovo,AMD Ryzen 7 6800H,16,1000,0,1000,SSD,6 GB NVIDIA GeForce RTX 3060,Windows,16.0,2560 x 1600,159990,82,78,80,95,81.85,82.45,85.65,83.1,82.35,All-Rounder,High Budget,Cocok untuk penggunaan serbaguna karena kuat untuk gaming dan editing sekaligus; Cocok untuk programming dan multitasking; Cocok untuk AI ringan dan image processing; Memiliki storage yang mendukung workflow lebih cepat
MSI Katana GF66 12UD Gaming Laptop,MSI,12th Gen Core i7,16,512,0,512,SSD,4 GB NVIDIA GeForce RTX 3050Ti,Windows,15.6,1920 x 1080,105000,81,70,80,80,75.75,77.85,79.3,77.8,77.35,All-Rounder,High Budget,Cocok untuk penggunaan serbaguna karena kuat untuk gaming dan editing sekaligus; Cocok untuk programming dan multitasking; Cocok untuk AI ringan dan image processing; Memiliki storage yang mendukung workflow lebih cepat
MSI Pulse GL66 12UGSZOK Gaming Laptop,MSI,12th Gen Core i9,16,1000,0,1000,SSD,8 GB NVIDIA GeForce RTX 3070Ti,Windows,15.6,2560 x 1440,209000,95,84,80,95,87.8,88.5,90.15,88.5,88.7,All-Rounder,High Budget,Cocok untuk penggunaan serbaguna karena kuat untuk gaming dan editing sekaligus; Cocok untuk programming dan multitasking; Cocok untuk AI ringan dan image processing; Memiliki storage yang mendukung workflow lebih cepat
HP Pavilion 15-eg2091TU Laptop,HP,12th Gen Core i5,16,512,0,512,SSD,Intel Iris Xe Graphics,Windows,15.6,1920 x 1080,74098,71,42,80,80,60.65,67.35,73.5,67.8,65.45,Editing,Mid Budget,"Cocok untuk editing karena memiliki CPU, RAM, dan storage yang mendukung; Memiliki storage yang mendukung workflow lebih cepat"
HP Envy x360 15-ew0043TU 2-in-1 Laptop,HP,12th Gen Core i5,16,512,0,512,SSD,Intel Iris Xe Graphics,Windows,15.6,1920 x 1080,99999,71,42,80,80,60.65,67.35,73.5,67.8,65.45,Editing,High Budget,"Cocok untuk editing karena memiliki CPU, RAM, dan storage yang mendukung; Memiliki storage yang mendukung workflow lebih cepat"
HP Envy x360 15-ew0047TU 2-in-1 Laptop,HP,12th Gen Core i7,16,512,0,512,SSD,Intel Iris X Graphics,Windows,15.6,1920 x 1080,116000,81,42,80,80,63.15,70.85,76.5,70.8,68.95,Editing,High Budget,"Cocok untuk editing karena memiliki CPU, RAM, dan storage yang mendukung; Cocok untuk programming dan multitasking; Memiliki storage yang mendukung workflow lebih cepat"
HP ProBook 445 G8 Laptop,HP,AMD Ryzen 7 5800U,16,512,0,512,SSD,AMD Radeon,Windows,14.0,1366 x 768,73999,70,30,80,80,55.0,64.0,72.0,64.5,61.5,Daily Use,Mid Budget,"Cocok untuk penggunaan harian seperti browsing, mengetik, meeting online, dan tugas ringan; Memiliki storage yang mendukung workflow lebih cepat"
Apple MacBook Pro 16 inch Laptop,Apple,M2 Pro 12-core CPU,16,1000,0,1000,SSD,19-core GPU,Mac,16.2,3456 x 2234,269900,90,35,80,95,64.5,74.5,83.75,74.75,72.25,Editing,High Budget,"Cocok untuk editing karena memiliki CPU, RAM, dan storage yang mendukung; Cocok untuk programming dan multitasking; Memiliki storage yang mendukung workflow lebih cepat"
Apple MacBook Pro 16 inch Laptop,Apple,M2 Pro 12-core CPU,16,512,0,512,SSD,19-core GPU,Mac,16.2,3456 x 2234,249900,90,35,80,80,62.25,72.25,78.5,71.75,70.0,Editing,High Budget,"Cocok untuk editing karena memiliki CPU, RAM, dan storage yang mendukung; Cocok untuk programming dan multitasking; Memiliki storage yang mendukung workflow lebih cepat"
Apple MacBook Pro 14 inch Laptop,Apple,M2 Max 12-core CPU,32,1000,0,1000,SSD,30-core GPU,Mac,14.2,3024 x 1964,309900,94,35,95,95,67.75,79.65,88.7,79.7,76.65,Editing,High Budget,"Cocok untuk editing karena memiliki CPU, RAM, dan storage yang mendukung; Cocok untuk programming dan multitasking; Memiliki storage yang mendukung workflow lebih cepat"
Apple MacBook Pro 14 inch Laptop,Apple,M2 Pro 12-core CPU,16,1000,0,1000,SSD,19-core GPU,Mac,14.2,3024 x 1964,249900,90,35,80,95,64.5,74.5,83.75,74.75,72.25,Editing,High Budget,"Cocok untuk editing karena memiliki CPU, RAM, dan storage yang mendukung; Cocok untuk programming dan multitasking; Memiliki storage yang mendukung workflow lebih cepat"
Apple MacBook Pro 14 inch Laptop,Apple,M2 Pro 10-core CPU,16,512,0,512,SSD,16-core GPU,Mac,14.2,3024 x 1964,199900,90,35,80,80,62.25,72.25,78.5,71.75,70.0,Editing,High Budget,"Cocok untuk editing karena memiliki CPU, RAM, dan storage yang mendukung; Cocok untuk programming dan multitasking; Memiliki storage yang mendukung workflow lebih cepat"
HP Pavilion Plus 14-eh0037TU Laptop,HP,12th Gen Core i5,16,512,0,512,SSD,Intel Integrated Iris Xe,Windows,14.0,2880 x 1800,81990,71,42,80,80,60.65,67.35,73.5,67.8,65.45,Editing,Mid Budget,"Cocok untuk editing karena memiliki CPU, RAM, dan storage yang mendukung; Memiliki storage yang mendukung workflow lebih cepat"
Apple MacBook Pro 2022 Laptop,Apple,Apple M2,16,256,0,256,SSD,10 Core GPU,Mac,13.3,2560 x 1600,149000,85,35,80,65,58.75,68.25,71.75,67.25,66.0,Daily Use,High Budget,"Cocok untuk penggunaan harian seperti browsing, mengetik, meeting online, dan tugas ringan; Cocok untuk programming dan multitasking"
Apple MacBook Air M2 2022 Laptop,Apple,Apple M2,16,512,0,512,SSD,10-Core GPU,Mac,13.6,2560 x 1664,159000,85,35,80,80,61.0,70.5,77.0,70.25,68.25,Editing,High Budget,"Cocok untuk editing karena memiliki CPU, RAM, dan storage yang mendukung; Cocok untuk programming dan multitasking; Memiliki storage yang mendukung workflow lebih cepat"
Apple MacBook Air 2022 Laptop,Apple,Apple M2,16,256,0,256,SSD,10-Core GPU,Mac,13.6,2560 x 1664,137900,85,35,80,65,58.75,68.25,71.75,67.25,66.0,Daily Use,High Budget,"Cocok untuk penggunaan harian seperti browsing, mengetik, meeting online, dan tugas ringan; Cocok untuk programming dan multitasking"
Samsung Galaxy Book2 NP550XED-KA2IN Laptop,Samsung,12th Gen Core i5,16,512,0,512,SSD,Intel Integrated UHD,Windows,15.6,1920 x 1080,70990,71,25,80,80,53.0,63.1,71.8,63.55,60.35,Daily Use,Mid Budget,"Cocok untuk penggunaan harian seperti browsing, mengetik, meeting online, dan tugas ringan; Memiliki storage yang mendukung workflow lebih cepat"
Lenovo Legion 7i 82TD009KIN Gaming Laptop,Lenovo,12th Gen Core i9,32,1000,0,1000,SSD,16 GB NVIDIA GeForce RTX 3080 Ti,Windows,16.0,2560 x 1600,359990,95,92,95,95,93.65,94.25,94.7,94.25,94.1,All-Rounder,High Budget,Cocok untuk penggunaan serbaguna karena kuat untuk gaming dan editing sekaligus; Cocok untuk programming dan multitasking; Cocok untuk AI ringan dan image processing; Memiliki storage yang mendukung workflow lebih cepat
Dell Inspiron 3511 D560783WIN9BD Laptop,Dell,11th Gen Core i3,8,512,0,512,SSD,Intel UHD Graphics,Windows,15.56,1920 x 1080,61202,51,25,55,80,44.25,49.85,59.55,51.3,48.35,Daily Use,Mid Budget,"Cocok untuk penggunaan harian seperti browsing, mengetik, meeting online, dan tugas ringan; Memiliki storage yang mendukung workflow lebih cepat"
Dell Vostro 3425 D552308WIN9B Laptop,Dell,AMD Ryzen 3 5425U,8,256,0,256,SSD,AMD Radeon AMD,Windows,14.0,1920 x 1080,50852,48,30,55,65,43.5,47.8,53.9,48.65,46.55,Daily Use,Low Budget,"Cocok untuk penggunaan harian seperti browsing, mengetik, meeting online, dan tugas ringan"
HP 245 G8 ‎6E3Z1PA Laptop,HP,AMD Ryzen 3 3250U,8,512,0,512,SSD,AMD Radeon Graphics,DOS,14.0,1366 x 768,36000,32,30,55,80,41.75,44.45,54.35,46.85,43.2,Daily Use,Low Budget,"Cocok untuk penggunaan harian seperti browsing, mengetik, meeting online, dan tugas ringan; Memiliki storage yang mendukung workflow lebih cepat"
MSI Modern 14 C12M-269IN Laptop,MSI,12th Gen Core i3,8,512,0,512,SSD,Intel Integrated UHD,Windows,14.0,1920 x 1080,44990,54,25,55,80,45.0,50.9,60.45,52.2,49.4,Daily Use,Low Budget,"Cocok untuk penggunaan harian seperti browsing, mengetik, meeting online, dan tugas ringan; Memiliki storage yang mendukung workflow lebih cepat"
Dell Inspiron 5420 ICC-C782537WIN8 Laptop,Dell,12th Gen Core i5,16,512,0,512,SSD,Intel Integrated Iris Xe,Windows,14.0,1920 x 1080,91958,71,42,80,80,60.65,67.35,73.5,67.8,65.45,Editing,High Budget,"Cocok untuk editing karena memiliki CPU, RAM, dan storage yang mendukung; Memiliki storage yang mendukung workflow lebih cepat"
HP 15s-du3612TU Laptop,HP,11th Gen Core i3,8,256,1000,256,SSD,Intel Integrated UHD,Windows,15.6,1920 x 1080,41990,51,25,55,65,42.0,47.6,54.3,48.3,46.1,Daily Use,Low Budget,"Cocok untuk penggunaan harian seperti browsing, mengetik, meeting online, dan tugas ringan"
Infinix INBook X2 Plus XL25 Laptop,Infinix,11th Gen Core i5,16,512,0,512,SSD,Intel Integrated Iris Xe,Windows,15.6,1920 x 1080,49990,68,42,80,80,59.9,66.3,72.6,66.9,64.4,Editing,Low Budget,"Cocok untuk editing karena memiliki CPU, RAM, dan storage yang mendukung; Memiliki storage yang mendukung workflow lebih cepat"
Dell Inspiron 3520 Laptop,Dell,12th Gen Core i5,8,512,0,512,SSD,Intel Iris Xe Graphics,Windows,15.6,1920 x 1080,62029,71,42,55,80,56.9,61.1,67.25,61.55,60.45,Daily Use,Mid Budget,"Cocok untuk penggunaan harian seperti browsing, mengetik, meeting online, dan tugas ringan; Memiliki storage yang mendukung workflow lebih cepat"
Dell Vostro 3420 Laptop,Dell,12th Gen Core i5,16,512,0,512,SSD,Intel UHD Graphics,Windows,14.0,1920 x 1080,69900,71,25,80,80,53.0,63.1,71.8,63.55,60.35,Daily Use,Mid Budget,"Cocok untuk penggunaan harian seperti browsing, mengetik, meeting online, dan tugas ringan; Memiliki storage yang mendukung workflow lebih cepat"
Dell Inspiron 3520 2022 Laptop,Dell,12th Gen Core i5,8,256,1000,256,SSD,2 GB NVIDIA MX550 Graphics,Windows,15.6,1920 x 1080,72990,71,46,55,65,56.45,59.85,62.4,59.55,59.4,Daily Use,Mid Budget,"Cocok untuk penggunaan harian seperti browsing, mengetik, meeting online, dan tugas ringan"
HP Envy x360 15-ew0040TU Laptop,HP,12th Gen Core i5,16,512,0,512,SSD,Intel Integrated Iris Xe,Windows,15.6,1920 x 1080,77990,71,42,80,80,60.65,67.35,73.5,67.8,65.45,Editing,Mid Budget,"Cocok untuk editing karena memiliki CPU, RAM, dan storage yang mendukung; Memiliki storage yang mendukung workflow lebih cepat"
HP Envy x360 15-ew0048TU Laptop,HP,12th Gen Core i7,16,1000,0,1000,SSD,Intel Integrated Iris Xe,Windows,15.6,2880 x 1800,109990,81,42,80,95,65.4,73.1,81.75,73.8,71.2,Editing,High Budget,"Cocok untuk editing karena memiliki CPU, RAM, dan storage yang mendukung; Cocok untuk programming dan multitasking; Memiliki storage yang mendukung workflow lebih cepat"
HP Envy x360 15-ew0043TU Laptop,HP,12th Gen Core i5,16,512,0,512,SSD,Intel Integrated Iris Xe,Windows,15.6,1920 x 1080,84990,71,42,80,80,60.65,67.35,73.5,67.8,65.45,Editing,Mid Budget,"Cocok untuk editing karena memiliki CPU, RAM, dan storage yang mendukung; Memiliki storage yang mendukung workflow lebih cepat"
Dell G15-5520 Gaming Laptop,Dell,12th Gen Core i5,8,512,0,512,SSD,4 GB NVIDIA GeForce RTX 3050,Windows,15.6,1920 x 1080,79990,71,70,55,80,69.5,68.1,70.05,68.55,68.85,Gaming,Mid Budget,Cocok untuk gaming karena memiliki GPU yang cukup kuat; Memiliki storage yang mendukung workflow lebih cepat
HP Pavilion 14-ec1005AU Laptop,HP,Ryzen 5 5625U,16,512,0,512,SSD,AMD Radeon Graphics,Windows,14.0,1920 x 1080,59815,66,30,80,80,54.0,62.6,70.8,63.3,60.1,Daily Use,Mid Budget,"Cocok untuk penggunaan harian seperti browsing, mengetik, meeting online, dan tugas ringan; Memiliki storage yang mendukung workflow lebih cepat"
HP Pavilion 14-ec1005AU Laptop,HP,12th Gen Core i5,16,512,0,512,SSD,Intel Iris Xe Graphics,Windows,15.6,1920 x 1080,75990,71,42,80,80,60.65,67.35,73.5,67.8,65.45,Editing,Mid Budget,"Cocok untuk editing karena memiliki CPU, RAM, dan storage yang mendukung; Memiliki storage yang mendukung workflow lebih cepat"
HP Envy x360 13-bf0121TU  Laptop,HP,12th Gen Core i5,16,512,0,512,SSD,Intel Integrated Iris Xe,Windows,13.4,1920 x 1200,79990,71,42,80,80,60.65,67.35,73.5,67.8,65.45,Editing,Mid Budget,"Cocok untuk editing karena memiliki CPU, RAM, dan storage yang mendukung; Memiliki storage yang mendukung workflow lebih cepat"
HP Envy x360 13-ay1064AU 2-in-1 Laptop,HP,Ryzen 7 5800U,16,512,0,512,SSD,AMD Radeon Graphic,Windows,13.3,1920 x 1080,98000,70,30,80,80,55.0,64.0,72.0,64.5,61.5,Daily Use,High Budget,"Cocok untuk penggunaan harian seperti browsing, mengetik, meeting online, dan tugas ringan; Memiliki storage yang mendukung workflow lebih cepat"
Dell Vostro 3520 Laptop,Dell,12th Gen Core i5,8,512,0,512,SSD,Intel Iris Xe Graphics,Windows,15.6,1920 x 1080,60070,71,42,55,80,56.9,61.1,67.25,61.55,60.45,Daily Use,Mid Budget,"Cocok untuk penggunaan harian seperti browsing, mengetik, meeting online, dan tugas ringan; Memiliki storage yang mendukung workflow lebih cepat"
Asus ROG Zephyrus G15 GA503RMZ-LN155WS Gaming Laptop,Asus,AMD Ryzen 7 6800HS,16,1000,0,1000,SSD,6 GB NVIDIA GeForce RTX 3060,Windows,15.6,2560 x 1440,157990,82,78,80,95,81.85,82.45,85.65,83.1,82.35,All-Rounder,High Budget,Cocok untuk penggunaan serbaguna karena kuat untuk gaming dan editing sekaligus; Cocok untuk programming dan multitasking; Cocok untuk AI ringan dan image processing; Memiliki storage yang mendukung workflow lebih cepat
Dell Vostro 3420 Laptop,Dell,12th Gen Core i5,8,512,0,512,SSD,Intel UHD Graphics,Windows,14.0,1920 x 1080,57990,71,25,55,80,49.25,56.85,65.55,57.3,55.35,Daily Use,Mid Budget,"Cocok untuk penggunaan harian seperti browsing, mengetik, meeting online, dan tugas ringan; Memiliki storage yang mendukung workflow lebih cepat"
Dell Vostro 3525 Laptop,Dell,AMD R5-5625U,16,512,0,512,SSD,AMD Radeon Radeon Graphics,Windows,15.6,1920 x 1080,55530,35,30,80,80,46.25,51.75,61.5,54.0,49.25,Daily Use,Mid Budget,"Cocok untuk penggunaan harian seperti browsing, mengetik, meeting online, dan tugas ringan; Memiliki storage yang mendukung workflow lebih cepat"
Dell Vostro 3525 Laptop,Dell,AMD Ryzen 5-5625U,8,512,0,512,SSD,AMD Radeon Radeon Graphics,Windows,15.6,1920 x 1080,51499,66,30,55,80,50.25,56.35,64.55,57.05,55.1,Daily Use,Low Budget,"Cocok untuk penggunaan harian seperti browsing, mengetik, meeting online, dan tugas ringan; Memiliki storage yang mendukung workflow lebih cepat"
Dell Vostro 3420 Laptop,Dell,12th Gen Core i3,8,512,0,512,SSD,Intel UHD Graphics,Windows,14.0,1920 x 1080,43990,54,25,55,80,45.0,50.9,60.45,52.2,49.4,Daily Use,Low Budget,"Cocok untuk penggunaan harian seperti browsing, mengetik, meeting online, dan tugas ringan; Memiliki storage yang mendukung workflow lebih cepat"
Asus ROG Zephyrus G15 GA503RSZ-HQ061WS Gaming Laptop,Asus,AMD Ryzen 9 6900HS,16,1000,0,1000,SSD,8 GB NVIDIA GeForce RTX 3070Ti,Windows,15.6,2560 x 1440,211990,88,84,80,95,86.05,86.05,88.05,86.4,86.25,All-Rounder,High Budget,Cocok untuk penggunaan serbaguna karena kuat untuk gaming dan editing sekaligus; Cocok untuk programming dan multitasking; Cocok untuk AI ringan dan image processing; Memiliki storage yang mendukung workflow lebih cepat
MSI Modern 15 B12M Laptop,MSI,12th Gen Core i7,16,512,0,512,SSD,Intel Integrated Iris Xe,Windows,15.6,1920 x 1080,67990,81,42,80,80,63.15,70.85,76.5,70.8,68.95,Editing,Mid Budget,"Cocok untuk editing karena memiliki CPU, RAM, dan storage yang mendukung; Cocok untuk programming dan multitasking; Memiliki storage yang mendukung workflow lebih cepat"
MSI Modern 15 B12M Laptop,MSI,12th Gen Core i5,16,512,0,512,SSD,Intel Integrated Iris Xe,Windows,15.6,1920 x 1080,57990,71,42,80,80,60.65,67.35,73.5,67.8,65.45,Editing,Mid Budget,"Cocok untuk editing karena memiliki CPU, RAM, dan storage yang mendukung; Memiliki storage yang mendukung workflow lebih cepat"
MSI Modern 14 C12M Laptop,MSI,12th Gen Core i5,8,512,0,512,SSD,Intel Integrated Iris Xe,Windows,14.0,1920 x 1080,56990,71,42,55,80,56.9,61.1,67.25,61.55,60.45,Daily Use,Mid Budget,"Cocok untuk penggunaan harian seperti browsing, mengetik, meeting online, dan tugas ringan; Memiliki storage yang mendukung workflow lebih cepat"
Asus Vivobook 15 X1502ZA-EJ381WS Laptop,Asus,12th Gen Core i3,8,512,0,512,SSD,Intel UHD Graphics,Windows,15.6,1920 x 1080,42990,54,25,55,80,45.0,50.9,60.45,52.2,49.4,Daily Use,Low Budget,"Cocok untuk penggunaan harian seperti browsing, mengetik, meeting online, dan tugas ringan; Memiliki storage yang mendukung workflow lebih cepat"
HP 240 G8 Business Laptop,HP,11th Gen Core i5,8,512,0,512,SSD,Intel Integrated,Windows,14.0,1366 x 768,52999,68,25,55,80,48.5,55.8,64.65,56.4,54.3,Daily Use,Low Budget,"Cocok untuk penggunaan harian seperti browsing, mengetik, meeting online, dan tugas ringan; Memiliki storage yang mendukung workflow lebih cepat"
HP Victus 15-fa0031dx Gaming Laptop,HP,12th Gen Core i5,8,512,0,512,SSD,4 GB NVIDIA GeForce GTX 1650,Windows,15.6,1920 x 1080,79888,71,58,55,80,64.1,65.1,68.85,65.55,65.25,Gaming,Mid Budget,Cocok untuk gaming karena memiliki GPU yang cukup kuat; Memiliki storage yang mendukung workflow lebih cepat
Lenovo Thinkpad P15v 21AAS05L00 Laptop,Lenovo,11th Gen Core i7,16,1000,0,1000,SSD,4 GB Nvidia Quadro T600,Windows,15.6,1920 x 1080,159999,78,35,80,95,61.5,70.3,80.15,71.15,68.05,Editing,High Budget,"Cocok untuk editing karena memiliki CPU, RAM, dan storage yang mendukung; Cocok untuk programming dan multitasking; Memiliki storage yang mendukung workflow lebih cepat"
Acer Aspire 5 A515-57 2022 Laptop,Acer,12th Gen Core i5,16,512,0,512,SSD,Intel Iris Xe Graphic,Windows,15.6,1920 x 1080,61990,71,42,80,80,60.65,67.35,73.5,67.8,65.45,Editing,Mid Budget,"Cocok untuk editing karena memiliki CPU, RAM, dan storage yang mendukung; Memiliki storage yang mendukung workflow lebih cepat"
HP Pavilion x360 14-ek0137TU Laptop,HP,12th Gen Core i3,8,512,0,512,SSD,Intel Integrated UHD,Windows,14.0,1920 x 1080,59990,54,25,55,80,45.0,50.9,60.45,52.2,49.4,Daily Use,Mid Budget,"Cocok untuk penggunaan harian seperti browsing, mengetik, meeting online, dan tugas ringan; Memiliki storage yang mendukung workflow lebih cepat"
Dell Vostro 3510 ICC-D585046WIN8 Laptop,Dell,Intel Pentium Gold 7505,8,256,0,256,SSD,Intel UHD Graphics,Windows,15.6,1920 x 1080,32990,38,25,55,65,38.75,43.05,50.4,44.4,41.55,Daily Use,Low Budget,"Cocok untuk penggunaan harian seperti browsing, mengetik, meeting online, dan tugas ringan"
HP 240 G8 4K5D5PA Business Laptop,HP,11th Gen Core i3,8,512,0,512,SSD,Intel Integrated,DOS,14.0,1366 x 768,35000,51,25,55,80,44.25,49.85,59.55,51.3,48.35,Daily Use,Low Budget,"Cocok untuk penggunaan harian seperti browsing, mengetik, meeting online, dan tugas ringan; Memiliki storage yang mendukung workflow lebih cepat"
Lenovo E41-55 82FJ00B5IH Laptop,Lenovo,Athlon 3050U,4,0,1000,1000,HDD,AMD Radeon AMD,DOS,14.0,1366 x 768,18990,25,30,30,70,34.75,34.25,42.5,36.5,34.25,Daily Use,Low Budget,"Cocok untuk penggunaan harian seperti browsing, mengetik, meeting online, dan tugas ringan"
Lenovo E41-55 82FJ00B5IH Laptop,Lenovo,Athlon 3050U,4,256,0,256,SSD,AMD Radeon AMD,DOS,14.0,1366 x 768,18990,25,30,30,65,34.0,33.5,40.75,35.5,33.5,Daily Use,Low Budget,"Cocok untuk penggunaan harian seperti browsing, mengetik, meeting online, dan tugas ringan"
MSI Katana GF66 12UC-632IN Gaming Laptop,MSI,12th Gen Core i7,8,512,0,512,SSD,4 GB NVIDIA GeForce RTX 3050,Windows,15.6,1920 x 1080,80990,81,70,55,80,72.0,71.6,73.05,71.55,72.35,Gaming,Mid Budget,Cocok untuk gaming karena memiliki GPU yang cukup kuat; Cocok untuk AI ringan dan image processing; Memiliki storage yang mendukung workflow lebih cepat
Lenovo IdeaPad Flex 5 14ALC7 82R9006PIN Laptop,Lenovo,AMD Ryzen 5 5500U,16,512,0,512,SSD,AMD Radeon,Windows,14.0,1920 x 1200,72690,62,30,80,80,53.0,61.2,69.6,62.1,58.7,Daily Use,Mid Budget,"Cocok untuk penggunaan harian seperti browsing, mengetik, meeting online, dan tugas ringan; Memiliki storage yang mendukung workflow lebih cepat"
Lenovo V14 Gen 2 ‎82C40019IX Laptop,Lenovo,11th Gen Core i5,8,512,0,512,SSD,Intel Iris Xe Graphics,Windows,14.0,1920 x 1080,49999,68,42,55,80,56.15,60.05,66.35,60.65,59.4,Daily Use,Low Budget,"Cocok untuk penggunaan harian seperti browsing, mengetik, meeting online, dan tugas ringan; Memiliki storage yang mendukung workflow lebih cepat"
Asus ROG Strix G15 G513IE-HN088WS Gaming Laptop,Asus,Ryzen 7 4800H,8,512,0,512,SSD,4 GB NVIDIA GeForce RTX 3050 Ti,Windows,15.6,1920 x 1080,76990,72,73,55,80,71.1,69.2,70.65,69.6,70.1,Gaming,Mid Budget,Cocok untuk gaming karena memiliki GPU yang cukup kuat; Memiliki storage yang mendukung workflow lebih cepat
Asus Vivobook 14 OLED UX3402ZA-KN531WS Laptop,Asus,12th Gen Core i5,16,512,0,512,SSD,Intel Iris Xe,Windows,14.0,2880 x 1800,95980,71,42,80,80,60.65,67.35,73.5,67.8,65.45,Editing,High Budget,"Cocok untuk editing karena memiliki CPU, RAM, dan storage yang mendukung; Memiliki storage yang mendukung workflow lebih cepat"
Lenovo IdeaPad Slim 3 82RJ0040IN Laptop,Lenovo,12th Gen Core i3,8,512,0,512,SSD,‎Intel UHD Graphics,Windows,14.0,1920 x 1080,52900,54,25,55,80,45.0,50.9,60.45,52.2,49.4,Daily Use,Low Budget,"Cocok untuk penggunaan harian seperti browsing, mengetik, meeting online, dan tugas ringan; Memiliki storage yang mendukung workflow lebih cepat"
Ultimus S151 NU14U2INC43VN-CS Laptop,Ultimus,Celeron N4020,4,128,0,128,SSD,Intel Integrated UHD Graphics,Windows,14.1,1920 x 1080,19990,22,25,30,50,28.75,28.95,34.1,30.35,28.7,Daily Use,Low Budget,"Cocok untuk penggunaan harian seperti browsing, mengetik, meeting online, dan tugas ringan"
HP Pavilion 14-dv2014TU Laptop,HP,12th Gen Core i5,16,512,0,512,SSD,Intel Integrated UHD Graphics,Windows,14.0,1920 x 1080,68918,71,25,80,80,53.0,63.1,71.8,63.55,60.35,Daily Use,Mid Budget,"Cocok untuk penggunaan harian seperti browsing, mengetik, meeting online, dan tugas ringan; Memiliki storage yang mendukung workflow lebih cepat"
Ultimus S151 NU14U2INC43VD-CS Laptop,Ultimus,Celeron N4020,4,128,0,128,SSD,Intel Integrated UHD Graphics,DOS,14.1,1920 x 1080,17990,22,25,30,50,28.75,28.95,34.1,30.35,28.7,Daily Use,Low Budget,"Cocok untuk penggunaan harian seperti browsing, mengetik, meeting online, dan tugas ringan"
Ultimus S152 NU15U2INC44VN-SG Laptop,Ultimus,Celeron N4020,4,256,0,256,SSD,Intel Integrated UHD Graphics,Windows,15.6,1920 x 1080,23990,22,25,30,65,31.0,31.2,39.35,33.35,30.95,Daily Use,Low Budget,"Cocok untuk penggunaan harian seperti browsing, mengetik, meeting online, dan tugas ringan"
Lenovo Legion S7 82TF007LIN Gaming Laptop,Lenovo,12th Gen Core i7,16,1000,0,1000,SSD,4 GB NVIDIA GeForce RTX 3050 Ti,Windows,16.0,2560 x 1600,149990,81,73,80,95,79.35,80.85,84.85,81.55,80.5,All-Rounder,High Budget,Cocok untuk penggunaan serbaguna karena kuat untuk gaming dan editing sekaligus; Cocok untuk programming dan multitasking; Cocok untuk AI ringan dan image processing; Memiliki storage yang mendukung workflow lebih cepat
Acer Aspire 5 A515-57 NX.K2VSI.002 Laptop,Acer,12th Gen Core i3,8,512,0,512,SSD,Intel Integrated UHD,Windows,15.6,1920 x 1080,42990,54,25,55,80,45.0,50.9,60.45,52.2,49.4,Daily Use,Low Budget,"Cocok untuk penggunaan harian seperti browsing, mengetik, meeting online, dan tugas ringan; Memiliki storage yang mendukung workflow lebih cepat"
MSI Stealth GS66 12UGS-290IN Gaming Laptop,MSI,12th Gen Core i7,32,1000,0,1000,SSD,8 GB NVIDIA GeForce RTX 3070Ti,Windows,15.6,2560 x 1440,288990,81,84,95,95,86.55,87.35,89.7,88.05,86.8,All-Rounder,High Budget,Cocok untuk penggunaan serbaguna karena kuat untuk gaming dan editing sekaligus; Cocok untuk programming dan multitasking; Cocok untuk AI ringan dan image processing; Memiliki storage yang mendukung workflow lebih cepat
HP Envy x360 13-AY1065AU Laptop,HP,AMD Ryzen 5-5600U,8,512,0,512,SSD,AMD Radeon,Windows,13.3,1920 x 1080,75190,64,30,55,80,49.75,55.65,63.95,56.45,54.4,Daily Use,Mid Budget,"Cocok untuk penggunaan harian seperti browsing, mengetik, meeting online, dan tugas ringan; Memiliki storage yang mendukung workflow lebih cepat"
Dell Latitude 14 7420 Laptop,Dell,11th Gen Core i5,16,512,0,512,SSD,Intel Iris Xe Graphics,Windows,14.0,1920 x 1080,98280,68,42,80,80,59.9,66.3,72.6,66.9,64.4,Editing,High Budget,"Cocok untuk editing karena memiliki CPU, RAM, dan storage yang mendukung; Memiliki storage yang mendukung workflow lebih cepat"
Acer Aspire 5 A515-57 Laptop,Acer,12th Gen Core i5,8,512,0,512,SSD,Intel Iris Xe Graphic,Windows,15.6,1920 x 1080,57990,71,42,55,80,56.9,61.1,67.25,61.55,60.45,Daily Use,Mid Budget,"Cocok untuk penggunaan harian seperti browsing, mengetik, meeting online, dan tugas ringan; Memiliki storage yang mendukung workflow lebih cepat"
Lenovo IdeaPad Slim 3 82H802XXIN Laptop,Lenovo,11th Gen Core i5,16,512,0,512,SSD,Intel UHD Graphics,Windows,15.6,1920 x 1080,59290,68,25,80,80,52.25,62.05,70.9,62.65,59.3,Daily Use,Mid Budget,"Cocok untuk penggunaan harian seperti browsing, mengetik, meeting online, dan tugas ringan; Memiliki storage yang mendukung workflow lebih cepat"
Gigabyte G5 KE RC55KE Laptop,Gigabyte,12th Gen Core i5,16,512,0,512,SSD,6 GB NVIDIA GeForce RTX 3060,Windows,15.6,1920 x 1080,103890,71,78,80,80,76.85,76.35,77.1,76.8,76.25,Gaming,High Budget,Cocok untuk gaming karena memiliki GPU yang cukup kuat; Memiliki storage yang mendukung workflow lebih cepat
Gigabyte G5 ME RC55ME Laptop,Gigabyte,12th Gen Core i5,16,512,0,512,SSD,4 GB NVIDIA GeForce RTX 3050 TI,Windows,15.6,1920 x 1080,85990,71,73,80,80,74.6,75.1,76.6,75.55,74.75,Gaming,Mid Budget,Cocok untuk gaming karena memiliki GPU yang cukup kuat; Memiliki storage yang mendukung workflow lebih cepat
Gigabyte G5 GE RC55GE Laptop,Gigabyte,12th Gen Core i5,8,512,0,512,SSD,4 GB NVIDIA GeForce RTX 3050,Windows,15.6,1920 x 1080,109990,71,70,55,80,69.5,68.1,70.05,68.55,68.85,Gaming,High Budget,Cocok untuk gaming karena memiliki GPU yang cukup kuat; Memiliki storage yang mendukung workflow lebih cepat
Dell Inspiron 7420 D560918WIN9S Laptop,Dell,12th Gen Core i5,8,512,0,512,SSD,Intel Integrated UHD,Windows,14.0,1920 x 1080,74990,71,25,55,80,49.25,56.85,65.55,57.3,55.35,Daily Use,Mid Budget,"Cocok untuk penggunaan harian seperti browsing, mengetik, meeting online, dan tugas ringan; Memiliki storage yang mendukung workflow lebih cepat"
Lenovo ThinkPad X13 21BNS03K00 Laptop,Lenovo,12th Gen Core i7,16,512,0,512,SSD,Intel Iris Xe Graphics,Windows,13.3,1920 x 1200,200000,81,42,80,80,63.15,70.85,76.5,70.8,68.95,Editing,High Budget,"Cocok untuk editing karena memiliki CPU, RAM, dan storage yang mendukung; Cocok untuk programming dan multitasking; Memiliki storage yang mendukung workflow lebih cepat"
Acer Nitro 5 AN515-45 UN.QCLSI.005 Gaming Laptop,Acer,AMD Ryzen 5 5600H,16,512,1000,512,SSD,4 GB NVIDIA GeForce RTX 3050,Windows,15.6,1920 x 1080,75990,72,70,80,80,73.5,74.7,76.6,75.1,74.2,Gaming,Mid Budget,Cocok untuk gaming karena memiliki GPU yang cukup kuat; Memiliki storage yang mendukung workflow lebih cepat
Acer Nitro 5 AN515-45 UN.QCLSI.006 Gaming Laptop,Acer,AMD Ryzen 5 5600H,8,512,1000,512,SSD,4 GB NVIDIA GeForce RTX 3050,Windows,15.6,1920 x 1080,68990,72,70,55,80,69.75,68.45,70.35,68.85,69.2,Gaming,Mid Budget,Cocok untuk gaming karena memiliki GPU yang cukup kuat; Memiliki storage yang mendukung workflow lebih cepat
Acer Nitro 5 AN515-45 UN.QBMSI.009 Gaming Laptop,Acer,AMD Ryzen 5 5600H,16,512,0,512,SSD,4 GB NVIDIA GeForce GTX 1650,Windows,15.6,1920 x 1080,63990,72,58,80,80,68.1,71.7,75.4,72.1,70.6,Editing,Mid Budget,"Cocok untuk editing karena memiliki CPU, RAM, dan storage yang mendukung; Memiliki storage yang mendukung workflow lebih cepat"
HP Envy x360 13-bf0085TU Laptop,HP,12th Gen Core i5,8,512,0,512,SSD,Intel Iris Xe Graphics,Windows,13.3,1920 x 1200,79990,71,42,55,80,56.9,61.1,67.25,61.55,60.45,Daily Use,Mid Budget,"Cocok untuk penggunaan harian seperti browsing, mengetik, meeting online, dan tugas ringan; Memiliki storage yang mendukung workflow lebih cepat"
HP 240 G8 Business Laptop,HP,11th Gen Core i3,8,512,0,512,SSD,Intel Integrated,Windows,14.0,1366 x 768,34440,51,25,55,80,44.25,49.85,59.55,51.3,48.35,Daily Use,Low Budget,"Cocok untuk penggunaan harian seperti browsing, mengetik, meeting online, dan tugas ringan; Memiliki storage yang mendukung workflow lebih cepat"
Lenovo Ideapad Slim 3 81WD014XIN Laptop,Lenovo,10th Gen Core i3,4,256,0,256,SSD,Intel Integrated UHD,Windows,15.6,1920 x 1080,31990,48,25,30,65,37.5,40.3,47.15,41.15,40.05,Daily Use,Low Budget,"Cocok untuk penggunaan harian seperti browsing, mengetik, meeting online, dan tugas ringan"
Lenovo ThinkPad T14 20W0S1HU00 Laptop,Lenovo,11th Gen Core i7,16,512,0,512,SSD,2 GB NVIDIA MX450,Windows,14.0,1920 x 1080,140200,78,44,80,80,63.3,70.3,75.8,70.4,68.5,Editing,High Budget,"Cocok untuk editing karena memiliki CPU, RAM, dan storage yang mendukung; Cocok untuk programming dan multitasking; Memiliki storage yang mendukung workflow lebih cepat"
HP Pavilion 14-ek0084TU Laptop,HP,12th Gen Core i5,8,512,0,512,SSD,Intel Integrated Iris Xe,Windows,14.0,1920 x 1080,71020,71,42,55,80,56.9,61.1,67.25,61.55,60.45,Daily Use,Mid Budget,"Cocok untuk penggunaan harian seperti browsing, mengetik, meeting online, dan tugas ringan; Memiliki storage yang mendukung workflow lebih cepat"
Asus Eeebook 14 E410KA-BV092W Laptop,Asus,Celeron N4500,4,256,0,256,SSD,Intel UHD Graphics,Windows,14.0,1920 x 1080,24500,25,25,30,65,31.75,32.25,40.25,34.25,32.0,Daily Use,Low Budget,"Cocok untuk penggunaan harian seperti browsing, mengetik, meeting online, dan tugas ringan"
HP 240 G8 689T7PA Business Laptop,HP,intel Core i3,8,512,0,512,SSD,Intel Integrated,Windows,14.0,1366 x 768,34440,45,25,55,80,42.75,47.75,57.75,49.5,46.25,Daily Use,Low Budget,"Cocok untuk penggunaan harian seperti browsing, mengetik, meeting online, dan tugas ringan; Memiliki storage yang mendukung workflow lebih cepat"
Lenovo ThinkPad E14 G3 20Y700B5IG Laptop,Lenovo,Ryzen 7 5700U,16,512,0,512,SSD,AMD Raedon Graphics,Windows,14.0,1920 x 1080,74990,68,35,80,80,56.75,64.55,71.9,65.15,62.3,Daily Use,Mid Budget,"Cocok untuk penggunaan harian seperti browsing, mengetik, meeting online, dan tugas ringan; Memiliki storage yang mendukung workflow lebih cepat"
Lenovo V14 82KAA057IH Laptop,Lenovo,11th Gen Core i3,8,256,0,256,SSD,Intel Integrated UHD,Windows,14.0,1920 x 1080,32499,51,25,55,65,42.0,47.6,54.3,48.3,46.1,Daily Use,Low Budget,"Cocok untuk penggunaan harian seperti browsing, mengetik, meeting online, dan tugas ringan"
Lenovo IdeaPad Slim 3 82H802XVIN Laptop,Lenovo,11th Gen Core i3,8,256,0,256,SSD,Intel UHD Graphics,Windows,15.6,1920 x 1080,37100,51,25,55,65,42.0,47.6,54.3,48.3,46.1,Daily Use,Low Budget,"Cocok untuk penggunaan harian seperti browsing, mengetik, meeting online, dan tugas ringan"
Acer Chromebook Enterprise Spin 513 R841LT-S6DJ Laptop,Acer,Snapdragon 7c,4,0,128,128,HDD,Qualcomm Adreno 618,Chrome,13.3,1920 x 1080,47990,35,35,30,25,32.75,32.25,30.25,31.75,32.5,Daily Use,Low Budget,"Cocok untuk penggunaan harian seperti browsing, mengetik, meeting online, dan tugas ringan"
Lenovo ThinkPad E14 Gen 2 20TAS08F00 Laptop,Lenovo,11th Gen Core i5,8,512,0,512,SSD,Intel UHD,Windows,14.1,1920 x 1080,76890,68,25,55,80,48.5,55.8,64.65,56.4,54.3,Daily Use,Mid Budget,"Cocok untuk penggunaan harian seperti browsing, mengetik, meeting online, dan tugas ringan; Memiliki storage yang mendukung workflow lebih cepat"
Dell Inspiron 3520 D560878WIN9S Laptop,Dell,12th Gen Core i5,8,512,0,512,SSD,Intel Integrated Integrated,Windows,15.6,1920 x 1080,64490,71,25,55,80,49.25,56.85,65.55,57.3,55.35,Daily Use,Mid Budget,"Cocok untuk penggunaan harian seperti browsing, mengetik, meeting online, dan tugas ringan; Memiliki storage yang mendukung workflow lebih cepat"
Asus Vivobook 14 OLED UX3402ZA-KN731WS Laptop,Asus,12th Gen Core i7,16,512,0,512,SSD,Intel Iris Xe,Windows,14.0,2880 x 1800,108990,81,42,80,80,63.15,70.85,76.5,70.8,68.95,Editing,High Budget,"Cocok untuk editing karena memiliki CPU, RAM, dan storage yang mendukung; Cocok untuk programming dan multitasking; Memiliki storage yang mendukung workflow lebih cepat"
Lenovo Ideapad Slim 3 81WB01FYIN Laptop,Lenovo,10th Gen Core i3,8,256,0,256,SSD,Intel Integrated,Windows,15.6,1920 x 1080,33990,48,25,55,65,41.25,46.55,53.4,47.4,45.05,Daily Use,Low Budget,"Cocok untuk penggunaan harian seperti browsing, mengetik, meeting online, dan tugas ringan"
Dell Inspiron 3525 D560863WIN9B Laptop,Dell,AMD Ryzen 5 5625U,8,512,0,512,SSD,AMD Radeon Radeon,Windows,15.6,1920 x 1080,51490,66,30,55,80,50.25,56.35,64.55,57.05,55.1,Daily Use,Low Budget,"Cocok untuk penggunaan harian seperti browsing, mengetik, meeting online, dan tugas ringan; Memiliki storage yang mendukung workflow lebih cepat"
Lenovo Thinkpad E14 Gen 2 20TAS0Y800 Laptop,Lenovo,11th Gen Core i5,8,512,0,512,SSD,Intel UHD,DOS,14.1,1920 x 1080,72990,68,25,55,80,48.5,55.8,64.65,56.4,54.3,Daily Use,Mid Budget,"Cocok untuk penggunaan harian seperti browsing, mengetik, meeting online, dan tugas ringan; Memiliki storage yang mendukung workflow lebih cepat"
Asus TUF Gaming F15 FX506LHB-HN358W Gaming Laptop,Asus,10th Gen Core i5,8,512,0,512,SSD,4 GB NVIDIA GeForce GTX 1650,Windows,15.6,1920 x 1080,54990,65,58,55,80,62.6,63.0,67.05,63.75,63.15,Gaming,Low Budget,Cocok untuk gaming karena memiliki GPU yang cukup kuat; Memiliki storage yang mendukung workflow lebih cepat
MSI Stealth 17M A12UE Gaming Laptop,MSI,12th Gen Core i7,16,1000,0,1000,SSD,6 GB NVIDIA GeForce RTX 3060,Windows,17.3,1920 x 1080,149990,81,78,80,95,81.6,82.1,85.35,82.8,82.0,All-Rounder,High Budget,Cocok untuk penggunaan serbaguna karena kuat untuk gaming dan editing sekaligus; Cocok untuk programming dan multitasking; Cocok untuk AI ringan dan image processing; Memiliki storage yang mendukung workflow lebih cepat
MSI Modern 15 A5M-055IN Laptop,MSI,Ryzen 5 5500U,8,512,0,512,SSD,AMD Radeon Graphics,Windows,15.6,1920 x 1080,57990,62,30,55,80,49.25,54.95,63.35,55.85,53.7,Daily Use,Mid Budget,"Cocok untuk penggunaan harian seperti browsing, mengetik, meeting online, dan tugas ringan; Memiliki storage yang mendukung workflow lebih cepat"
Lenovo Thinkpad E14 Gen 2 20TAS0E800 Laptop,Lenovo,11th Gen Core i5,16,512,0,512,SSD,Intel Iris Xe Graphics,Windows,14.0,1080 x 1920,77500,68,42,80,80,59.9,66.3,72.6,66.9,64.4,Editing,Mid Budget,"Cocok untuk editing karena memiliki CPU, RAM, dan storage yang mendukung; Memiliki storage yang mendukung workflow lebih cepat"
Dell Vostro 3420 D552278WIN9S Laptop,Dell,11th Gen Core i3,8,512,0,512,SSD,Intel Integrated,Windows,14.0,1920 x 1080,47000,51,25,55,80,44.25,49.85,59.55,51.3,48.35,Daily Use,Low Budget,"Cocok untuk penggunaan harian seperti browsing, mengetik, meeting online, dan tugas ringan; Memiliki storage yang mendukung workflow lebih cepat"
Lenovo ‎ThinkPad E14 Gen 4 Laptop,Lenovo,12th Gen Core i5,8,512,0,512,SSD,Intel Iris Xe,Windows,14.0,1920 x 1080,74500,71,42,55,80,56.9,61.1,67.25,61.55,60.45,Daily Use,Mid Budget,"Cocok untuk penggunaan harian seperti browsing, mengetik, meeting online, dan tugas ringan; Memiliki storage yang mendukung workflow lebih cepat"
Dell Alienware X17 R1 D569936WIN9 Gaming Laptop,Dell,11th Gen Core i9,32,1000,0,1000,SSD,16 GB NVIDIA GEFORCE RTX 3080,Windows,17.3,1920 x 1080,312199,92,88,95,95,91.1,92.2,93.4,92.35,91.85,All-Rounder,High Budget,Cocok untuk penggunaan serbaguna karena kuat untuk gaming dan editing sekaligus; Cocok untuk programming dan multitasking; Cocok untuk AI ringan dan image processing; Memiliki storage yang mendukung workflow lebih cepat
Lenovo V15 82KBA02UIH Laptop,Lenovo,11th Gen Core i3,8,256,0,256,SSD,Intel Integrated UHD,Windows,15.6,1920 x 1080,36990,51,25,55,65,42.0,47.6,54.3,48.3,46.1,Daily Use,Low Budget,"Cocok untuk penggunaan harian seperti browsing, mengetik, meeting online, dan tugas ringan"
Lenovo Thinkpad P15v 21D8S00V00 Laptop,Lenovo,12th Gen Core i7,32,1000,0,1000,SSD,4 GB Nvidia Quadro T1200,Windows,15.6,1920 x 1080,190400,81,35,95,95,64.5,75.1,84.8,75.8,72.1,Editing,High Budget,"Cocok untuk editing karena memiliki CPU, RAM, dan storage yang mendukung; Cocok untuk programming dan multitasking; Memiliki storage yang mendukung workflow lebih cepat"
Microsoft Surface Laptop 5 ‎RBG-00048 13.5 inch,Microsoft,12th Gen Core i7,8,256,0,256,SSD,Intel Iris Xe,Windows,13.5,2256 x 1504,178999,81,42,55,65,57.15,62.35,65.0,61.55,61.7,Daily Use,High Budget,"Cocok untuk penggunaan harian seperti browsing, mengetik, meeting online, dan tugas ringan"
Microsoft Surface Pro 9 ‎QIL-00031 Laptop,Microsoft,12th Gen Core i7,16,256,0,256,SSD,Intel Iris Xe Graphics,Windows,13.0,2880 x 1920,167999,81,42,80,65,60.9,68.6,71.25,67.8,66.7,Daily Use,High Budget,"Cocok untuk penggunaan harian seperti browsing, mengetik, meeting online, dan tugas ringan; Cocok untuk programming dan multitasking"
Microsoft Surface Pro 9 ‎‎QIX-00031 Laptop,Microsoft,12th Gen Core i7,16,512,0,512,SSD,Intel Iris Xe Graphics,Windows,13.0,2880 x 1920,192990,81,42,80,80,63.15,70.85,76.5,70.8,68.95,Editing,High Budget,"Cocok untuk editing karena memiliki CPU, RAM, dan storage yang mendukung; Cocok untuk programming dan multitasking; Memiliki storage yang mendukung workflow lebih cepat"
Microsoft Surface Laptop 5 ‎RIP-00048 15 inch,Microsoft,12th Gen Core i7,16,512,0,512,SSD,Intel Iris Xe,Windows,15.0,2496 x 1664,182990,81,42,80,80,63.15,70.85,76.5,70.8,68.95,Editing,High Budget,"Cocok untuk editing karena memiliki CPU, RAM, dan storage yang mendukung; Cocok untuk programming dan multitasking; Memiliki storage yang mendukung workflow lebih cepat"
Dell Inspiron 14 5415 Laptop,Dell,Ryzen 5 5500U,8,512,0,512,SSD,AMD Radeon AMD,Windows,14.0,1920 x 1080,55999,62,30,55,80,49.25,54.95,63.35,55.85,53.7,Daily Use,Mid Budget,"Cocok untuk penggunaan harian seperti browsing, mengetik, meeting online, dan tugas ringan; Memiliki storage yang mendukung workflow lebih cepat"
Lenovo Legion 5 Pro 82RF00E1IN Gaming Laptop,Lenovo,12th Gen Core i7,32,1000,0,1000,SSD,8 GB NVIDIA GeForce RTX 3070Ti,Windows,16.0,2560 x 1600,218000,81,84,95,95,86.55,87.35,89.7,88.05,86.8,All-Rounder,High Budget,Cocok untuk penggunaan serbaguna karena kuat untuk gaming dan editing sekaligus; Cocok untuk programming dan multitasking; Cocok untuk AI ringan dan image processing; Memiliki storage yang mendukung workflow lebih cepat
Lenovo Ideapad Slim 3 81WE01QSIN Laptop,Lenovo,10th Gen Core i3,4,256,0,256,SSD,Intel Integrated UHD,Windows,15.6,1920 x 1080,29990,48,25,30,65,37.5,40.3,47.15,41.15,40.05,Daily Use,Low Budget,"Cocok untuk penggunaan harian seperti browsing, mengetik, meeting online, dan tugas ringan"
Acer Aspire 3 A315-58 Laptop,Acer,11th Gen Core i5,12,512,0,512,SSD,Intel Iris Xe,Windows,15.6,1920 x 1080,49312,68,42,65,80,57.65,62.55,68.85,63.15,61.4,Daily Use,Low Budget,"Cocok untuk penggunaan harian seperti browsing, mengetik, meeting online, dan tugas ringan; Memiliki storage yang mendukung workflow lebih cepat"
Asus E410 Eeebook E410KA-BV003W Laptop,Asus,Celeron N4500,4,256,0,256,SSD,Intel UHD Graphics,Windows,14.0,1920 x 1080,24415,25,25,30,65,31.75,32.25,40.25,34.25,32.0,Daily Use,Low Budget,"Cocok untuk penggunaan harian seperti browsing, mengetik, meeting online, dan tugas ringan"
Asus Vivobook 15 2022 X1502ZA-EJ515WS Laptop,Asus,12th Gen Core i5,8,512,0,512,SSD,Intel Iris Xe,Windows,15.6,1920 x 1080,56990,71,42,55,80,56.9,61.1,67.25,61.55,60.45,Daily Use,Mid Budget,"Cocok untuk penggunaan harian seperti browsing, mengetik, meeting online, dan tugas ringan; Memiliki storage yang mendukung workflow lebih cepat"
Lenovo Thinkbook 14 20VD011EIH Laptop,Lenovo,11th Gen Core i7,16,512,0,512,SSD,Intel Iris Xe Graphics,Windows,14.0,1920 x 1080,103600,78,42,80,80,62.4,69.8,75.6,69.9,67.9,Editing,High Budget,"Cocok untuk editing karena memiliki CPU, RAM, dan storage yang mendukung; Cocok untuk programming dan multitasking; Memiliki storage yang mendukung workflow lebih cepat"
Acer Swift 3 SF314-43 Laptop,Acer,Ryzen 5 5500U,8,512,0,512,SSD,AMD Radeon 5500U,Windows,14.0,1920 x 1080,61500,62,30,55,80,49.25,54.95,63.35,55.85,53.7,Daily Use,Mid Budget,"Cocok untuk penggunaan harian seperti browsing, mengetik, meeting online, dan tugas ringan; Memiliki storage yang mendukung workflow lebih cepat"
Lenovo V15 G2-ITL 82KBA034IH Laptop,Lenovo,11th Gen Core i3,8,512,0,512,SSD,Intel Integrated UHD,DOS,15.6,1920 x 1080,34499,51,25,55,80,44.25,49.85,59.55,51.3,48.35,Daily Use,Low Budget,"Cocok untuk penggunaan harian seperti browsing, mengetik, meeting online, dan tugas ringan; Memiliki storage yang mendukung workflow lebih cepat"
Dell XPS 9315 Laptop,Dell,12th Gen Core i7 ,16,1000,0,1000,SSD,Iris Xe,Windows,13.4,1920 x 1080,185800,81,42,80,95,65.4,73.1,81.75,73.8,71.2,Editing,High Budget,"Cocok untuk editing karena memiliki CPU, RAM, dan storage yang mendukung; Cocok untuk programming dan multitasking; Memiliki storage yang mendukung workflow lebih cepat"
Dell Inspiron 5415 Laptop,Dell,Ryzen 7 5700U,16,512,0,512,SSD,AMD Radeon AMD,Windows,14.0,1920 x 1080,89976,68,30,80,80,54.5,63.3,71.4,63.9,60.8,Daily Use,High Budget,"Cocok untuk penggunaan harian seperti browsing, mengetik, meeting online, dan tugas ringan; Memiliki storage yang mendukung workflow lebih cepat"
HP Victus 16-e0550AX Gaming Laptop,HP,AMD Ryzen 7 5800H,8,512,0,512,SSD,4 GB AMD Radeon RX 5500M Graphics,Windows,16.0,1920 x 1080,68990,78,52,55,80,63.15,66.05,70.35,66.15,65.9,Daily Use,Mid Budget,"Cocok untuk penggunaan harian seperti browsing, mengetik, meeting online, dan tugas ringan; Memiliki storage yang mendukung workflow lebih cepat"
Asus VivoBook 14 X415MA-BV102WS Laptop,Asus,Pentium Silver N5030,8,256,0,256,SSD,Intel Integrated UHD,Windows,14.1,1366 x 768,27990,27,25,55,65,36.0,39.2,47.1,41.1,37.7,Daily Use,Low Budget,"Cocok untuk penggunaan harian seperti browsing, mengetik, meeting online, dan tugas ringan"
Asus VivoBook 15 2022 X515JA-EJ592WS Laptop,Asus,10th Gen Core i5,8,512,0,512,SSD,Intel Integrated UHD,Windows,15.6,1920 x 1080,44990,65,25,55,80,47.75,54.75,63.75,55.5,53.25,Daily Use,Low Budget,"Cocok untuk penggunaan harian seperti browsing, mengetik, meeting online, dan tugas ringan; Memiliki storage yang mendukung workflow lebih cepat"
Dell Inspiron 3520 Laptop,Dell,12th Gen Core i5,8,512,0,512,SSD,2 GB NVIDIA MX550,Windows,15.6,1920 x 1080,66111,71,46,55,80,58.7,62.1,67.65,62.55,61.65,Daily Use,Mid Budget,"Cocok untuk penggunaan harian seperti browsing, mengetik, meeting online, dan tugas ringan; Memiliki storage yang mendukung workflow lebih cepat"
Dell G15-5520 D560895WIN9S Laptop,Dell,12th Gen Core i7,16,512,0,512,SSD,6 GB NVIDIA GeForce RTX 3060,Windows,15.6,1920 x 1080,124400,81,78,80,80,79.35,79.85,80.1,79.8,79.75,All-Rounder,High Budget,Cocok untuk penggunaan serbaguna karena kuat untuk gaming dan editing sekaligus; Cocok untuk programming dan multitasking; Cocok untuk AI ringan dan image processing; Memiliki storage yang mendukung workflow lebih cepat
Acer One 14 Z2-493 UN.431SI.129 Laptop,Acer,AMD Ryzen 3 3250U,8,0,1000,1000,HDD,AMD Radeon Radeon Graphics,Windows,14.0,1366 x 768,39999,32,30,55,70,40.25,42.95,50.85,44.85,41.7,Daily Use,Low Budget,"Cocok untuk penggunaan harian seperti browsing, mengetik, meeting online, dan tugas ringan"
HP 15s-fq2670TU Laptop,HP,11th Gen Core i3,8,256,0,256,SSD,Intel Integrated,Windows,15.6,1920 x 1080,37490,51,25,55,65,42.0,47.6,54.3,48.3,46.1,Daily Use,Low Budget,"Cocok untuk penggunaan harian seperti browsing, mengetik, meeting online, dan tugas ringan"
Asus VivoBook 15 X515JA-EJ392WS Laptop,Asus,10th Gen Core i3,8,512,0,512,SSD,Intel Integrated UHD,Windows,15.6,1920 x 1080,34490,48,25,55,80,43.5,48.8,58.65,50.4,47.3,Daily Use,Low Budget,"Cocok untuk penggunaan harian seperti browsing, mengetik, meeting online, dan tugas ringan; Memiliki storage yang mendukung workflow lebih cepat"
Lenovo IdeaPad Slim 3 82RK007JIN Laptop,Lenovo,12th Gen Core i3,8,512,0,512,SSD,‎Intel UHD Graphics,Windows,15.6,1920 x 1080,45500,54,25,55,80,45.0,50.9,60.45,52.2,49.4,Daily Use,Low Budget,"Cocok untuk penggunaan harian seperti browsing, mengetik, meeting online, dan tugas ringan; Memiliki storage yang mendukung workflow lebih cepat"
Acer Chromebook 311 C733 Laptop,Acer,Intel Celeron N4020,4,0,32,32,HDD,Intel HD,Chrome,11.6,1366 x 768,18490,22,25,30,25,25.0,25.2,25.35,25.35,24.95,Daily Use,Low Budget,"Cocok untuk penggunaan harian seperti browsing, mengetik, meeting online, dan tugas ringan"
Dell Latitude 7420 Laptop,Dell,11th Gen Core i7,16,512,0,512,SSD,Intel Iris Xe Graphics,Windows,14.0,1920 x 1080,112500,78,42,80,80,62.4,69.8,75.6,69.9,67.9,Editing,High Budget,"Cocok untuk editing karena memiliki CPU, RAM, dan storage yang mendukung; Cocok untuk programming dan multitasking; Memiliki storage yang mendukung workflow lebih cepat"
HP ProBook 445 G7 Laptop,HP,AMD Ryzen 5 4500U,8,512,0,512,SSD,AMD Radeon,Windows,14.0,1920 x 1080,49999,58,30,55,80,48.25,53.55,62.15,54.65,52.3,Daily Use,Low Budget,"Cocok untuk penggunaan harian seperti browsing, mengetik, meeting online, dan tugas ringan; Memiliki storage yang mendukung workflow lebih cepat"
Lenovo V15 82C3002VGE Laptop,Lenovo,Celeron N4020,4,256,0,256,SSD,Intel Integrated UHD,Windows,15.6,1920 x 1080,23999,22,25,30,65,31.0,31.2,39.35,33.35,30.95,Daily Use,Low Budget,"Cocok untuk penggunaan harian seperti browsing, mengetik, meeting online, dan tugas ringan"
Dell Vostro 3425 D552267WIN9S Laptop,Dell,AMD Ryzen 5 5625U,16,512,0,512,SSD,AMD Radeon Graphics,Windows,14.0,1920 x 1080,60990,66,30,80,80,54.0,62.6,70.8,63.3,60.1,Daily Use,Mid Budget,"Cocok untuk penggunaan harian seperti browsing, mengetik, meeting online, dan tugas ringan; Memiliki storage yang mendukung workflow lebih cepat"
Dell G15-5525 Gaming Laptop,Dell,Ryzen 9-6900HX,16,1000,0,1000,SSD,6 GB NVIDIA GeForce RTX 3060,Windows,15.6,1920 x 1080,147100,90,78,80,95,83.85,85.25,88.05,85.5,85.15,All-Rounder,High Budget,Cocok untuk penggunaan serbaguna karena kuat untuk gaming dan editing sekaligus; Cocok untuk programming dan multitasking; Cocok untuk AI ringan dan image processing; Memiliki storage yang mendukung workflow lebih cepat
Dell G15-5525 D560894WIN9S Gaming Laptop,Dell,Ryzen 7 6800H,16,512,0,512,SSD,6 GB NVIDIA GeForce RTX 3060,Windows,15.6,1920 x 1080,128200,82,78,80,80,79.6,80.2,80.4,80.1,80.1,All-Rounder,High Budget,Cocok untuk penggunaan serbaguna karena kuat untuk gaming dan editing sekaligus; Cocok untuk programming dan multitasking; Cocok untuk AI ringan dan image processing; Memiliki storage yang mendukung workflow lebih cepat
Dell G15-5525 D560898WIN9S Gaming Laptop,Dell,Ryzen 7 6800H,16,1000,0,1000,SSD,6 GB NVIDIA GeForce RTX 3070 Ti,Windows,15.6,1920 x 1080,159200,82,86,80,95,85.45,84.45,86.45,85.1,84.75,All-Rounder,High Budget,Cocok untuk penggunaan serbaguna karena kuat untuk gaming dan editing sekaligus; Cocok untuk programming dan multitasking; Cocok untuk AI ringan dan image processing; Memiliki storage yang mendukung workflow lebih cepat
Dell G15-5521 D560899WIN9S Gaming Laptop,Dell,12th Gen Core i9,16,1000,0,1000,SSD,8 GB NVIDIA GEFORCE RTX 3070 Ti,Windows,15.6,2560 x 1440,181799,95,86,80,95,88.7,89.0,90.35,89.0,89.3,All-Rounder,High Budget,Cocok untuk penggunaan serbaguna karena kuat untuk gaming dan editing sekaligus; Cocok untuk programming dan multitasking; Cocok untuk AI ringan dan image processing; Memiliki storage yang mendukung workflow lebih cepat
Dell Inspiron 7620 Laptop,Dell,12th Gen Core i7,16,512,0,512,SSD,2 GB NVIDIA GeForce MX550,Windows,14.5,2560 x 1440,126990,81,46,80,80,64.95,71.85,76.9,71.8,70.15,Editing,High Budget,"Cocok untuk editing karena memiliki CPU, RAM, dan storage yang mendukung; Cocok untuk programming dan multitasking; Memiliki storage yang mendukung workflow lebih cepat"
Acer Aspire 5 A515-57 Gaming Laptop,Acer,12th Gen Core i3,8,512,0,512,SSD,Intel Integrated,Windows,15.6,1920 x 1080,47990,54,25,55,80,45.0,50.9,60.45,52.2,49.4,Daily Use,Low Budget,"Cocok untuk penggunaan harian seperti browsing, mengetik, meeting online, dan tugas ringan; Memiliki storage yang mendukung workflow lebih cepat"
Acer Aspire 3 A315-58 NX.ADDSI.011 Laptop,Acer,11th Gen Core i3,8,512,0,512,SSD,Intel Integrated UHD Graphics,Windows,15.6,1920 x 1080,37990,51,25,55,80,44.25,49.85,59.55,51.3,48.35,Daily Use,Low Budget,"Cocok untuk penggunaan harian seperti browsing, mengetik, meeting online, dan tugas ringan; Memiliki storage yang mendukung workflow lebih cepat"
Lenovo IdeaPad Slim 5 82SE005SIN Laptop,Lenovo,AMD Ryzen 5 5625U,16,512,0,512,SSD,AMD Radeon Graphics,Windows,15.6,1920 x 1080,59990,66,30,80,80,54.0,62.6,70.8,63.3,60.1,Daily Use,Mid Budget,"Cocok untuk penggunaan harian seperti browsing, mengetik, meeting online, dan tugas ringan; Memiliki storage yang mendukung workflow lebih cepat"
Asus TUF Gaming A15 FA506IHRZ-HN112W Laptop,Asus,AMD Ryzen 5 4600H,8,1000,0,1000,SSD,4 GB NVIDIA GeForce GTX 1650,Windows,15.6,1920 x 1080,65990,65,58,55,95,64.85,65.25,72.3,66.75,65.4,Gaming,Mid Budget,Cocok untuk gaming karena memiliki GPU yang cukup kuat; Memiliki storage yang mendukung workflow lebih cepat
Asus Vivobook 14 OLED X1405ZA-KM511WS Laptop,Asus,12th Gen Core i5,16,512,0,512,SSD,Intel Iris Xe,Windows,14.0,2880 x 1800,69990,71,42,80,80,60.65,67.35,73.5,67.8,65.45,Editing,Mid Budget,"Cocok untuk editing karena memiliki CPU, RAM, dan storage yang mendukung; Memiliki storage yang mendukung workflow lebih cepat"
Lenovo ThinkPad X1 Carbon 21CB002JIG Laptop,Lenovo,12th Gen Core i7,16,1000,0,1000,SSD,Intel Iris Xe Graphics,Windows,14.0,1920 x 1200,211990,81,42,80,95,65.4,73.1,81.75,73.8,71.2,Editing,High Budget,"Cocok untuk editing karena memiliki CPU, RAM, dan storage yang mendukung; Cocok untuk programming dan multitasking; Memiliki storage yang mendukung workflow lebih cepat"
Asus Vivobook 14 OLED X1405ZA-KM311WS Laptop,Asus,12th Gen Core i3,8,512,0,512,SSD,Intel Iris Xe,Windows,14.0,2880 x 1800,51990,54,42,55,80,52.65,55.15,62.15,56.45,54.5,Daily Use,Low Budget,"Cocok untuk penggunaan harian seperti browsing, mengetik, meeting online, dan tugas ringan; Memiliki storage yang mendukung workflow lebih cepat"
Dell Alienware M15 R6 Gaming Laptop,Dell,11th Gen Core i7,16,512,0,512,SSD,6 GB NVIDIA Geforce RTX 3060,Windows,15.6,1920 x 1080,200000,78,78,80,80,78.6,78.8,79.2,78.9,78.7,All-Rounder,High Budget,Cocok untuk penggunaan serbaguna karena kuat untuk gaming dan editing sekaligus; Cocok untuk programming dan multitasking; Memiliki storage yang mendukung workflow lebih cepat
Lenovo IdeaPad Gaming 3 82K101E1IN Laptop,Lenovo,11th Gen Core i5,8,256,1000,256,SSD,4 GB NVIDIA GeForce GTX 1650,Windows,15.6,1920 x 1080,54950,68,58,55,65,61.1,61.8,62.7,61.65,61.95,Gaming,Low Budget,Cocok untuk gaming karena memiliki GPU yang cukup kuat
Asus Vivobook 15 OLED X1505ZA-L1311WS Laptop,Asus,12th Gen Core i3,8,512,0,512,SSD,Intel Integrated UHD,Windows,15.6,1920 x 1080,50500,54,25,55,80,45.0,50.9,60.45,52.2,49.4,Daily Use,Low Budget,"Cocok untuk penggunaan harian seperti browsing, mengetik, meeting online, dan tugas ringan; Memiliki storage yang mendukung workflow lebih cepat"
Asus ROG Strix G17 2022 G713RS-LL023WS Gaming Laptop,Asus,AMD Ryzen 9 6900HX,16,1000,0,1000,SSD,8 GB NVIDIA GeForce RTX 3070 Ti,Windows,17.3,2560 x 1440,210990,90,86,80,95,87.45,87.25,88.85,87.5,87.55,All-Rounder,High Budget,Cocok untuk penggunaan serbaguna karena kuat untuk gaming dan editing sekaligus; Cocok untuk programming dan multitasking; Cocok untuk AI ringan dan image processing; Memiliki storage yang mendukung workflow lebih cepat
Lenovo V15 82C500XHIH Laptop,Lenovo,10th Gen Core i5,8,512,0,512,SSD,Intel UHD Graphics,Windows,15.6,1920 x 1080,47115,65,25,55,80,47.75,54.75,63.75,55.5,53.25,Daily Use,Low Budget,"Cocok untuk penggunaan harian seperti browsing, mengetik, meeting online, dan tugas ringan; Memiliki storage yang mendukung workflow lebih cepat"
Lenovo IdeaPad 3 15IAU7 82RK0090IN Laptop,Lenovo,12th Gen Core i5,16,512,0,512,SSD,Intel Iris Xe Graphics,Windows,15.6,2880 x 1800,63590,71,42,80,80,60.65,67.35,73.5,67.8,65.45,Editing,Mid Budget,"Cocok untuk editing karena memiliki CPU, RAM, dan storage yang mendukung; Memiliki storage yang mendukung workflow lebih cepat"
Lenovo Thinkpad L14 20X1CTO Laptop,Lenovo,11th Gen Core i5,16,512,0,512,SSD,Intel Iris Xe Graphics,Windows,14.0,1920 x 1080,79500,68,42,80,80,59.9,66.3,72.6,66.9,64.4,Editing,Mid Budget,"Cocok untuk editing karena memiliki CPU, RAM, dan storage yang mendukung; Memiliki storage yang mendukung workflow lebih cepat"
AGB Octev VR-1818 Gaming Laptop,AGB,11th Gen Core i7,32,1000,0,1000,SSD,2 GB NVIDIA Geforce MX450,Windows,15.6,1920 x 1080,70000,78,44,95,95,67.8,76.3,84.8,77.15,73.75,Editing,Mid Budget,"Cocok untuk editing karena memiliki CPU, RAM, dan storage yang mendukung; Cocok untuk programming dan multitasking; Memiliki storage yang mendukung workflow lebih cepat"
Infinix INBook X2 Plus XL25 Laptop,Infinix,11th Gen Core i3,8,512,0,512,SSD,Intel Integrated UHD,Windows,15.6,1920 x 1080,38990,51,25,55,80,44.25,49.85,59.55,51.3,48.35,Daily Use,Low Budget,"Cocok untuk penggunaan harian seperti browsing, mengetik, meeting online, dan tugas ringan; Memiliki storage yang mendukung workflow lebih cepat"
Dell XPS 13 Plus Laptop,Dell,12th Gen Core i7,16,1000,0,1000,SSD,Intel Iris Xe Graphics,Windows,13.4,3840 x 2400,195190,81,42,80,95,65.4,73.1,81.75,73.8,71.2,Editing,High Budget,"Cocok untuk editing karena memiliki CPU, RAM, dan storage yang mendukung; Cocok untuk programming dan multitasking; Memiliki storage yang mendukung workflow lebih cepat"
Lenovo IdeaPad Slim 3 82RJ005CIN Laptop,Lenovo,12th Gen Core i5,8,512,0,512,SSD,‎Intel Iris Xe Graphics,Windows,14.0,1920 x 1080,59990,71,42,55,80,56.9,61.1,67.25,61.55,60.45,Daily Use,Mid Budget,"Cocok untuk penggunaan harian seperti browsing, mengetik, meeting online, dan tugas ringan; Memiliki storage yang mendukung workflow lebih cepat"
Asus E410KA-BV002W Laptop,Asus,Celeron N4500,4,256,0,256,SSD,Intel UHD Graphics,Windows,14.0,1920 x 1080,24485,25,25,30,65,31.75,32.25,40.25,34.25,32.0,Daily Use,Low Budget,"Cocok untuk penggunaan harian seperti browsing, mengetik, meeting online, dan tugas ringan"
MSI Creator Pro Z17 A12UMST-237IN Gaming Laptop,MSI,12th Gen Core i7,32,1000,0,1000,SSD,16 GB NVIDIA GeForce RTX A5500,Windows,16.0,2560 x 1600,444990,81,35,95,95,64.5,75.1,84.8,75.8,72.1,Editing,High Budget,"Cocok untuk editing karena memiliki CPU, RAM, dan storage yang mendukung; Cocok untuk programming dan multitasking; Memiliki storage yang mendukung workflow lebih cepat"
Lenovo IdeaPad Flex 5 82R90068IN Laptop,Lenovo,AMD Ryzen 7 5700U,16,512,0,512,SSD,AMD Radeon,Windows,14.0,1920 x 1200,78990,68,30,80,80,54.5,63.3,71.4,63.9,60.8,Daily Use,Mid Budget,"Cocok untuk penggunaan harian seperti browsing, mengetik, meeting online, dan tugas ringan; Memiliki storage yang mendukung workflow lebih cepat"
Dell XPS 9315 Laptop,Dell,12th Gen Core i5 ,16,512,0,512,SSD,Iris Xe,Windows,13.4,1920 x 1080,133500,71,42,80,80,60.65,67.35,73.5,67.8,65.45,Editing,High Budget,"Cocok untuk editing karena memiliki CPU, RAM, dan storage yang mendukung; Memiliki storage yang mendukung workflow lebih cepat"
Asus Vivobook S15 OLED S3502ZA-L701WS Laptop,Asus,12th Gen Core i7,16,512,0,512,SSD,Intel Iris XE Graphics,Windows,15.6,1920 x 1080,87500,81,42,80,80,63.15,70.85,76.5,70.8,68.95,Editing,High Budget,"Cocok untuk editing karena memiliki CPU, RAM, dan storage yang mendukung; Cocok untuk programming dan multitasking; Memiliki storage yang mendukung workflow lebih cepat"
Acer Aspire 3 UN.HVTSI.012 Laptop,Acer,AMD Ryzen 3 3250U,8,256,0,256,SSD,AMD Radeon AMD,Windows,15.6,1920 x 1080,29990,32,30,55,65,39.5,42.2,49.1,43.85,40.95,Daily Use,Low Budget,"Cocok untuk penggunaan harian seperti browsing, mengetik, meeting online, dan tugas ringan"
MSI Creator Z16P B12UKST-209IN Gaming Laptop,MSI,12th Gen Core i9,64,2000,0,2000,SSD,12 GB NVIDIA GeForce RTX A3000,Windows,17.3,2560 x 1600,395000,95,35,100,100,69.5,82.0,92.0,82.25,78.75,Editing,High Budget,"Cocok untuk editing karena memiliki CPU, RAM, dan storage yang mendukung; Cocok untuk programming dan multitasking; Memiliki storage yang mendukung workflow lebih cepat"
Lenovo Yoga 6 82UD0069IN Laptop,Lenovo,Ryzen 5 5500U,16,512,0,512,SSD,AMD Radeon Graphics,Windows,13.3,1920 x 1080,78990,62,30,80,80,53.0,61.2,69.6,62.1,58.7,Daily Use,Mid Budget,"Cocok untuk penggunaan harian seperti browsing, mengetik, meeting online, dan tugas ringan; Memiliki storage yang mendukung workflow lebih cepat"
HP 14s-fq0567AU Laptop,HP,AMD Ryzen 3 3250U,8,256,0,256,SSD,AMD Radeon AMD,Windows,14.0,1920 x 1080,36990,32,30,55,65,39.5,42.2,49.1,43.85,40.95,Daily Use,Low Budget,"Cocok untuk penggunaan harian seperti browsing, mengetik, meeting online, dan tugas ringan"
MSI Creator Pro M16 A12UJS-601IN Gaming Laptop,MSI,12th Gen Core i7,32,1000,0,1000,SSD,8 GB NVIDIA GeForce RTX A2000,Windows,16.0,2560 x 1600,196990,81,35,95,95,64.5,75.1,84.8,75.8,72.1,Editing,High Budget,"Cocok untuk editing karena memiliki CPU, RAM, dan storage yang mendukung; Cocok untuk programming dan multitasking; Memiliki storage yang mendukung workflow lebih cepat"
HP Omen 17-ck1023TX Gaming Laptop,HP,12th Gen Core i9,32,2000,0,2000,SSD,16 GB NVIDIA GeForce 3080Ti,Windows,16.1,2560 x 1440,299999,95,35,95,100,68.75,80.75,90.75,81.0,77.75,Editing,High Budget,"Cocok untuk editing karena memiliki CPU, RAM, dan storage yang mendukung; Cocok untuk programming dan multitasking; Memiliki storage yang mendukung workflow lebih cepat"
HP Omen 16-n0051AX Gaming Laptop,HP,AMD Ryzen 9 6900HX,32,1000,0,1000,SSD,8 GB AMD Radeon RX 6650M Graphics,Windows,16.1,1920 x 1080,154990,90,72,95,95,83.4,87.5,91.2,87.75,86.35,All-Rounder,High Budget,Cocok untuk penggunaan serbaguna karena kuat untuk gaming dan editing sekaligus; Cocok untuk programming dan multitasking; Cocok untuk AI ringan dan image processing; Memiliki storage yang mendukung workflow lebih cepat
Lenovo ThinkPad E14 21E3S04X00 Laptop,Lenovo,12th Gen Core i5,8,512,0,512,SSD,Intel Iris Xe Graphics,Windows,14.0,1920 x 1080,75000,71,42,55,80,56.9,61.1,67.25,61.55,60.45,Daily Use,Mid Budget,"Cocok untuk penggunaan harian seperti browsing, mengetik, meeting online, dan tugas ringan; Memiliki storage yang mendukung workflow lebih cepat"
HP Omen 16-k0370TX Gaming Laptop,HP,12th Gen Core i7,16,1000,0,1000,SSD,8 GB NVIDIA GeForce 3070Ti,Windows,16.1,1920 x 1080,180880,81,35,80,95,62.25,71.35,81.05,72.05,69.1,Editing,High Budget,"Cocok untuk editing karena memiliki CPU, RAM, dan storage yang mendukung; Cocok untuk programming dan multitasking; Memiliki storage yang mendukung workflow lebih cepat"
Chuwi Gemibook Pro Laptop,Chuwi,Intel Celeron N5100,8,256,0,256,SSD,Intel UHD 600 Graphics,Windows,14.0,2160 x 1440,27489,20,25,55,65,34.25,36.75,45.0,39.0,35.25,Daily Use,Low Budget,"Cocok untuk penggunaan harian seperti browsing, mengetik, meeting online, dan tugas ringan"
HP Omen 16-k0360TX Laptop,HP,12th Gen Core i7,16,1000,0,1000,SSD,6 GB NVIDIA GeForce RTX 3060,Windows,16.1,1920 x 1080,144480,81,78,80,95,81.6,82.1,85.35,82.8,82.0,All-Rounder,High Budget,Cocok untuk penggunaan serbaguna karena kuat untuk gaming dan editing sekaligus; Cocok untuk programming dan multitasking; Cocok untuk AI ringan dan image processing; Memiliki storage yang mendukung workflow lebih cepat
Lenovo Thinkbook 15 21DJA04LIH Laptop,Lenovo,12th Gen Core i5,16,512,0,512,SSD,Iris Xe Graphics,Windows,15.6,1920 x 1080,61990,71,42,80,80,60.65,67.35,73.5,67.8,65.45,Editing,Mid Budget,"Cocok untuk editing karena memiliki CPU, RAM, dan storage yang mendukung; Memiliki storage yang mendukung workflow lebih cepat"
Lenovo IdeaPad Gaming 3 82S900HNIN Laptop,Lenovo,12th Gen Core i5,16,512,0,512,SSD,4 GB NVIDIA GeForce RTX 3050,Windows,15.6,1920 x 1080,80990,71,70,80,80,73.25,74.35,76.3,74.8,73.85,Gaming,Mid Budget,Cocok untuk gaming karena memiliki GPU yang cukup kuat; Memiliki storage yang mendukung workflow lebih cepat
HP Omen 16-n0054AX Gaming Laptop,HP,AMD Ryzen 7 6800H,16,1000,0,1000,SSD,6 GB NVIDIA GeForce RTX 3060,Windows,16.1,1920 x 1080,139680,82,78,80,95,81.85,82.45,85.65,83.1,82.35,All-Rounder,High Budget,Cocok untuk penggunaan serbaguna karena kuat untuk gaming dan editing sekaligus; Cocok untuk programming dan multitasking; Cocok untuk AI ringan dan image processing; Memiliki storage yang mendukung workflow lebih cepat
Lenovo Ideapad Flex 5 82R70068IN Laptop,Lenovo,12th Gen Core i5,8,512,0,512,SSD,Intel UHD,Windows,14.0,1920 x 1200,75990,71,25,55,80,49.25,56.85,65.55,57.3,55.35,Daily Use,Mid Budget,"Cocok untuk penggunaan harian seperti browsing, mengetik, meeting online, dan tugas ringan; Memiliki storage yang mendukung workflow lebih cepat"
HP Victus 15-fb0082AX Gaming Laptop,HP,AMD Ryzen 5 5600H,8,512,0,512,SSD,4 GB NVIDIA GeForce RTX 3050,Windows,15.6,1920 x 1080,71990,72,70,55,80,69.75,68.45,70.35,68.85,69.2,Gaming,Mid Budget,Cocok untuk gaming karena memiliki GPU yang cukup kuat; Memiliki storage yang mendukung workflow lebih cepat
Dell XPS 9315 Laptop,Dell,12th Gen Core i7 ,16,512,0,512,SSD,Iris Xe,Windows,13.4,1920 x 1080,132470,81,42,80,80,63.15,70.85,76.5,70.8,68.95,Editing,High Budget,"Cocok untuk editing karena memiliki CPU, RAM, dan storage yang mendukung; Cocok untuk programming dan multitasking; Memiliki storage yang mendukung workflow lebih cepat"
HP Omen 16-n0049AX Gaming Laptop,HP,AMD Ryzen 7 6800H,16,512,0,512,SSD,4 GB NVIDIA GeForce RTX 3050Ti,Windows,16.0,1920 x 1080,107690,82,70,80,80,76.0,78.2,79.6,78.1,77.7,All-Rounder,High Budget,Cocok untuk penggunaan serbaguna karena kuat untuk gaming dan editing sekaligus; Cocok untuk programming dan multitasking; Cocok untuk AI ringan dan image processing; Memiliki storage yang mendukung workflow lebih cepat
HP Omen 16-n0050AX Gaming Laptop,HP,AMD Ryzen 7 6800H,16,512,0,512,SSD,4 GB NVIDIA GeForce RTX 3050,Windows,16.0,1920 x 1080,99800,82,70,80,80,76.0,78.2,79.6,78.1,77.7,All-Rounder,High Budget,Cocok untuk penggunaan serbaguna karena kuat untuk gaming dan editing sekaligus; Cocok untuk programming dan multitasking; Cocok untuk AI ringan dan image processing; Memiliki storage yang mendukung workflow lebih cepat
Lenovo V14 Gen 2 ITL 82KAA001IH Laptop,Lenovo,11th Gen Core i5,8,0,1000,1000,HDD,Intel Integrated,DOS,14.0,1920 x 1080,49999,68,25,55,70,47.0,54.3,61.15,54.4,52.8,Daily Use,Low Budget,"Cocok untuk penggunaan harian seperti browsing, mengetik, meeting online, dan tugas ringan"
Lenovo V15 82C30057IH Laptop,Lenovo,Intel Celeron N4020,4,0,1000,1000,HDD,Intel Integrated UHD,Windows,15.6,1920 x 1080,29999,22,25,30,70,31.75,31.95,41.1,34.35,31.7,Daily Use,Low Budget,"Cocok untuk penggunaan harian seperti browsing, mengetik, meeting online, dan tugas ringan"
Lenovo IdeaPad Gaming 3 82K201V2IN Laptop,Lenovo,AMD Ryzen 7 5800H,8,512,0,512,SSD,4 GB NVIDIA GeForce RTX 3050,Windows,15.6,1920 x 1080,76990,78,70,55,80,71.25,70.55,72.15,70.65,71.3,Gaming,Mid Budget,Cocok untuk gaming karena memiliki GPU yang cukup kuat; Memiliki storage yang mendukung workflow lebih cepat
Lenovo ThinkPad E14 21E3S04W00 Laptop,Lenovo,12th Gen Core i5,16,512,0,512,SSD,Intel Iris Xe Graphics,Windows,14.0,1920 x 1080,74490,71,42,80,80,60.65,67.35,73.5,67.8,65.45,Editing,Mid Budget,"Cocok untuk editing karena memiliki CPU, RAM, dan storage yang mendukung; Memiliki storage yang mendukung workflow lebih cepat"
Lenovo Thinkpad E14 Gen 21E3S05800 Laptop,Lenovo,12th Gen Core i7,16,1000,0,1000,SSD,Intel Iris Xe Graphics,Windows,14.0,1920 x 1080,102490,81,42,80,95,65.4,73.1,81.75,73.8,71.2,Editing,High Budget,"Cocok untuk editing karena memiliki CPU, RAM, dan storage yang mendukung; Cocok untuk programming dan multitasking; Memiliki storage yang mendukung workflow lebih cepat"
Lenovo Yoga 9 82LU008TIN Laptop,Lenovo,12th Ge Core i7,16,1000,0,1000,SSD,Intel Iris Xe Graphics,Windows,14.0,3840 x 2160,179990,81,42,80,95,65.4,73.1,81.75,73.8,71.2,Editing,High Budget,"Cocok untuk editing karena memiliki CPU, RAM, dan storage yang mendukung; Cocok untuk programming dan multitasking; Memiliki storage yang mendukung workflow lebih cepat"
Dell Vostro 3510 2022 Laptop,Dell,11th Gen Core i3,16,256,1000,256,SSD,Intel UHD Graphics,Windows,15.6,1920 x 1080,49850,51,25,80,65,45.75,53.85,60.55,54.55,51.1,Daily Use,Low Budget,"Cocok untuk penggunaan harian seperti browsing, mengetik, meeting online, dan tugas ringan"
Acer One 14 Z2-493 Business Laptop,Acer,AMD Ryzen 5 3500U,16,512,0,512,SSD,AMD Radeon Radeon Graphics,Windows,14.0,1366 x 768,39990,45,30,80,80,48.75,55.25,64.5,57.0,52.75,Daily Use,Low Budget,"Cocok untuk penggunaan harian seperti browsing, mengetik, meeting online, dan tugas ringan; Memiliki storage yang mendukung workflow lebih cepat"
Fujitsu UH-X 4ZR1K06212 Laptop,Fujitsu,12th Gen Core i7,16,512,0,512,SSD,Intel Iris Xe Graphics,Windows,13.3,1920 x 1080,99990,81,42,80,80,63.15,70.85,76.5,70.8,68.95,Editing,High Budget,"Cocok untuk editing karena memiliki CPU, RAM, dan storage yang mendukung; Cocok untuk programming dan multitasking; Memiliki storage yang mendukung workflow lebih cepat"
HP Envy x360 13-bf0062TU Laptop,HP,12th Gen Core i7,16,512,0,512,SSD,Intel Iris Xe Graphics,Windows,13.3,2880 x 1800,104990,81,42,80,80,63.15,70.85,76.5,70.8,68.95,Editing,High Budget,"Cocok untuk editing karena memiliki CPU, RAM, dan storage yang mendukung; Cocok untuk programming dan multitasking; Memiliki storage yang mendukung workflow lebih cepat"
Gigabyte G5 RC45MD Laptop,Gigabyte,11th Gen Core i5,16,512,0,512,SSD,4 GB NVIDIA GeForce RTX 3050 Ti,Windows,15.6,1920 x 1080,76600,68,73,80,80,73.85,74.05,75.7,74.65,73.7,Gaming,Mid Budget,Cocok untuk gaming karena memiliki GPU yang cukup kuat; Memiliki storage yang mendukung workflow lebih cepat
Gigabyte G5 RC45GD Laptop,Gigabyte,11th Gen Core i5,16,512,0,512,SSD,4 GB NVIDIA GeForce RTX 3050,Windows,15.6,1920 x 1080,73990,68,70,80,80,72.5,73.3,75.4,73.9,72.8,Gaming,Mid Budget,Cocok untuk gaming karena memiliki GPU yang cukup kuat; Memiliki storage yang mendukung workflow lebih cepat
Gigabyte G5 RC45KD Laptop,Gigabyte,11th Gen Core i5,16,512,0,512,SSD,6 GB NVIDIA GeForce RTX 3060,Windows,15.6,1920 x 1080,87800,68,78,80,80,76.1,75.3,76.2,75.9,75.2,Gaming,High Budget,Cocok untuk gaming karena memiliki GPU yang cukup kuat; Memiliki storage yang mendukung workflow lebih cepat
MSI Katana GF66 11UE-249IN Gaming Laptop,MSI,11th Gen Core i7,16,512,0,512,SSD,6 GB NVIDIA GeForce RTX 3060,Windows,15.6,1920 x 1080,115990,78,78,80,80,78.6,78.8,79.2,78.9,78.7,All-Rounder,High Budget,Cocok untuk penggunaan serbaguna karena kuat untuk gaming dan editing sekaligus; Cocok untuk programming dan multitasking; Memiliki storage yang mendukung workflow lebih cepat
Lenovo IdeaPad Gaming 3 15IAH7 82S900KQIN Laptop,Lenovo,12th Gen Core i5,16,512,0,512,SSD,4 GB NVIDIA GeForce RTX 3050,Windows,15.6,1920 x 1080,89990,71,70,80,80,73.25,74.35,76.3,74.8,73.85,Gaming,High Budget,Cocok untuk gaming karena memiliki GPU yang cukup kuat; Memiliki storage yang mendukung workflow lebih cepat
Lenovo IdeaPad Gaming 3 15IHU6 82K101EDIN Laptop,Lenovo,11th Gen Core i5,8,512,0,512,SSD,4 GB NVIDIA GeForce RTX 3050 Graphics,Windows,15.6,1920 x 1080,69500,68,70,55,80,68.75,67.05,69.15,67.65,67.8,Gaming,Mid Budget,Cocok untuk gaming karena memiliki GPU yang cukup kuat; Memiliki storage yang mendukung workflow lebih cepat
Dell Latitude 3520 Laptop,Dell,11th Gen Core i3,8,256,0,256,SSD,Intel UHD Graphics,Ubuntu,15.6,1366 x 768,38700,51,25,55,65,42.0,47.6,54.3,48.3,46.1,Daily Use,Low Budget,"Cocok untuk penggunaan harian seperti browsing, mengetik, meeting online, dan tugas ringan"
Honor MagicBook X15 BohrBR-WAH9F Laptop,Honor,10th Gen Core i5,8,256,0,256,SSD,Intel UHD Graphics,Windows,15.6,1920 x 1080,67318,65,25,55,65,45.5,52.5,58.5,52.5,51.0,Daily Use,Mid Budget,"Cocok untuk penggunaan harian seperti browsing, mengetik, meeting online, dan tugas ringan"
Dell Vostro 3510 2022 Laptop,Dell,11th Gen Core i3,8,512,0,512,SSD,Intel UHD Graphics,Windows,15.6,1920 x 1080,46300,51,25,55,80,44.25,49.85,59.55,51.3,48.35,Daily Use,Low Budget,"Cocok untuk penggunaan harian seperti browsing, mengetik, meeting online, dan tugas ringan; Memiliki storage yang mendukung workflow lebih cepat"
HP ProBook 450 G8 4Y7G3PA Laptop,HP,11th Gen Core i3,8,256,0,256,SSD,Intel UHD Graphics,Windows,15.6,1366 x 768,48500,51,25,55,65,42.0,47.6,54.3,48.3,46.1,Daily Use,Low Budget,"Cocok untuk penggunaan harian seperti browsing, mengetik, meeting online, dan tugas ringan"
Dell Vostro 3510 2022 Laptop,Dell,11th Gen Core i3,16,512,1000,512,SSD,Intel UHD Graphics,Windows,15.6,1920 x 1080,53100,51,25,80,80,48.0,56.1,65.8,57.55,53.35,Daily Use,Low Budget,"Cocok untuk penggunaan harian seperti browsing, mengetik, meeting online, dan tugas ringan; Memiliki storage yang mendukung workflow lebih cepat"
Lenovo ThinkBook 14 20VDA0QTIH Laptop,Lenovo,11th Gen Core i5,8,512,0,512,SSD,Intel UHD Graphics,DOS,14.0,1920 x 1080,60100,68,25,55,80,48.5,55.8,64.65,56.4,54.3,Daily Use,Mid Budget,"Cocok untuk penggunaan harian seperti browsing, mengetik, meeting online, dan tugas ringan; Memiliki storage yang mendukung workflow lebih cepat"
Dell Vostro 3510 2022 Laptop,Dell,11th Gen Core i3,16,512,0,512,SSD,Intel UHD Graphics,Windows,15.6,1920 x 1080,49800,51,25,80,80,48.0,56.1,65.8,57.55,53.35,Daily Use,Low Budget,"Cocok untuk penggunaan harian seperti browsing, mengetik, meeting online, dan tugas ringan; Memiliki storage yang mendukung workflow lebih cepat"
Dell Latitude 3420 Laptop,Dell,11th Gen Core i3,16,512,0,512,SSD,Intel UHD Graphics,Ubuntu,14.0,1366 x 768,69500,51,25,80,80,48.0,56.1,65.8,57.55,53.35,Daily Use,Mid Budget,"Cocok untuk penggunaan harian seperti browsing, mengetik, meeting online, dan tugas ringan; Memiliki storage yang mendukung workflow lebih cepat"
Fujitsu UH-X 4ZR1J37875 Laptop,Fujitsu,12th Gen Core i5,16,512,0,512,SSD,Intel Iris Xe Graphics,Windows,13.3,1920 x 1080,89990,71,42,80,80,60.65,67.35,73.5,67.8,65.45,Editing,High Budget,"Cocok untuk editing karena memiliki CPU, RAM, dan storage yang mendukung; Memiliki storage yang mendukung workflow lebih cepat"
Dell Latitude 3420 2022 Laptop,Dell,11th Gen Core i5,16,1000,0,1000,SSD,Intel UHD Graphics,Windows,14.0,1920 x 1080,102999,68,25,80,95,54.5,64.3,76.15,65.65,61.55,Daily Use,High Budget,"Cocok untuk penggunaan harian seperti browsing, mengetik, meeting online, dan tugas ringan; Memiliki storage yang mendukung workflow lebih cepat"
Fujitsu UH-X 4ZR1J37876 Laptop,Fujitsu,12th Gen Core i7,16,512,0,512,SSD,Intel Iris Xe Graphics,Windows,13.3,1920 x 1080,99990,81,42,80,80,63.15,70.85,76.5,70.8,68.95,Editing,High Budget,"Cocok untuk editing karena memiliki CPU, RAM, dan storage yang mendukung; Cocok untuk programming dan multitasking; Memiliki storage yang mendukung workflow lebih cepat"
Acer TravelMate TMB311-31 Laptop,Acer,Intel Pentium N5030,4,128,0,128,SSD,UHD Graphics 600,Windows,11.6,1366 x 768,24990,27,25,30,50,30.0,30.7,35.6,31.85,30.45,Daily Use,Low Budget,"Cocok untuk penggunaan harian seperti browsing, mengetik, meeting online, dan tugas ringan"
Lenovo IdeaPad Flex 5 81X10087IN Laptop,Lenovo,10th Gen Core i3,8,512,0,512,SSD,Intel Integrated Iris Xe,Windows,14.0,1920 x 1080,66000,48,42,55,80,51.15,53.05,60.35,54.65,52.4,Daily Use,Mid Budget,"Cocok untuk penggunaan harian seperti browsing, mengetik, meeting online, dan tugas ringan; Memiliki storage yang mendukung workflow lebih cepat"
Lenovo ThinkPad E15 20TDS0TA00 Laptop,Lenovo,11th Gen Core i5,8,512,0,512,SSD,Intel Integrated UHD,Windows,15.6,1920 x 1080,71300,68,25,55,80,48.5,55.8,64.65,56.4,54.3,Daily Use,Mid Budget,"Cocok untuk penggunaan harian seperti browsing, mengetik, meeting online, dan tugas ringan; Memiliki storage yang mendukung workflow lebih cepat"
HP 250 G8 6X4B3PA Laptop,HP,11th Gen Core i3,8,512,0,512,SSD,Intel UHD,Windows,15.6,1366 x 768,36499,51,25,55,80,44.25,49.85,59.55,51.3,48.35,Daily Use,Low Budget,"Cocok untuk penggunaan harian seperti browsing, mengetik, meeting online, dan tugas ringan; Memiliki storage yang mendukung workflow lebih cepat"
Dell Vostro 5320 Laptop,Dell,12th Gen Core i5,16,512,0,512,SSD,Intel Integrated UMA,Windows,13.3,2560 x 1600,78990,71,25,80,80,53.0,63.1,71.8,63.55,60.35,Daily Use,Mid Budget,"Cocok untuk penggunaan harian seperti browsing, mengetik, meeting online, dan tugas ringan; Memiliki storage yang mendukung workflow lebih cepat"
HP Elitebook 840 G8 4S1H5PA Laptop,HP,11th Gen Core i5,8,512,0,512,SSD,Intel Iris Xe,Windows,14.0,1920 x 1080,138800,68,42,55,80,56.15,60.05,66.35,60.65,59.4,Daily Use,High Budget,"Cocok untuk penggunaan harian seperti browsing, mengetik, meeting online, dan tugas ringan; Memiliki storage yang mendukung workflow lebih cepat"
HP Pavilion x360 14-ek0072TU Laptop,HP,12th Gen Core i5,16,512,0,512,SSD,Intel Integrated Iris Xe,Windows,14.0,1920 x 1080,71999,71,42,80,80,60.65,67.35,73.5,67.8,65.45,Editing,Mid Budget,"Cocok untuk editing karena memiliki CPU, RAM, dan storage yang mendukung; Memiliki storage yang mendukung workflow lebih cepat"
Acer Predator Helios 300 PH315-55s Spatial Labs Edition Gaming Laptop,Acer,12th Gen Core i9,32,2000,0,2000,SSD,NVIDIA GeForce RTX 3030,Windows,15.6,3840 x 2160,319999,95,76,95,100,87.2,91.0,94.85,91.25,90.05,All-Rounder,High Budget,Cocok untuk penggunaan serbaguna karena kuat untuk gaming dan editing sekaligus; Cocok untuk programming dan multitasking; Cocok untuk AI ringan dan image processing; Memiliki storage yang mendukung workflow lebih cepat
Dell XPS 13 Plus Laptop,Dell,12th Gen Core i5,16,512,0,512,SSD,Intel Iris Xe Graphics,Windows,13.4,3840 x 2400,171000,71,42,80,80,60.65,67.35,73.5,67.8,65.45,Editing,High Budget,"Cocok untuk editing karena memiliki CPU, RAM, dan storage yang mendukung; Memiliki storage yang mendukung workflow lebih cepat"
Acer Nitro 5 AN515-46 Laptop,Acer,AMD Ryzen 5 6600H,16,512,1000,512,SSD,4 GB NVIDIA GeForce RTX 3050,Windows,15.6,2560 x 1440,98990,74,70,80,80,74.0,75.4,77.2,75.7,74.9,Gaming,High Budget,Cocok untuk gaming karena memiliki GPU yang cukup kuat; Memiliki storage yang mendukung workflow lebih cepat
Acer Aspire 3 A315-23 Laptop,Acer,Ryzen 5 3500U,8,512,0,512,SSD,AMD Radeon AMD,Windows,15.6,1920 x 1080,51250,45,30,55,80,45.0,49.0,58.25,50.75,47.75,Daily Use,Low Budget,"Cocok untuk penggunaan harian seperti browsing, mengetik, meeting online, dan tugas ringan; Memiliki storage yang mendukung workflow lebih cepat"
Asus TUF F15 FA507RE-HN043WS 2022 Gaming Laptop,Asus,AMD Ryzen 7 6800H,16,512,0,512,SSD,4 GB NVIDIA GeForce RTX 3050 Ti,Windows,15.6,1920 x 1080,89990,82,73,80,80,77.35,78.95,79.9,78.85,78.6,All-Rounder,High Budget,Cocok untuk penggunaan serbaguna karena kuat untuk gaming dan editing sekaligus; Cocok untuk programming dan multitasking; Cocok untuk AI ringan dan image processing; Memiliki storage yang mendukung workflow lebih cepat
MSI GF63 Thin 10SC-848IN Gaming Laptop,MSI,10th Gen Core i5,8,512,0,512,SSD,4 GB NVIDIA Geforce GTX 1650,Windows,15.6,1920 x 1080,60700,65,58,55,80,62.6,63.0,67.05,63.75,63.15,Gaming,Mid Budget,Cocok untuk gaming karena memiliki GPU yang cukup kuat; Memiliki storage yang mendukung workflow lebih cepat
Acer Aspire 5 A515-45-R1YC Laptop,Acer,Ryzen 5 5500U,8,256,0,256,SSD,AMD Radeon,Windows,15.6,1920 x 1080,44990,62,30,55,65,47.0,52.7,58.1,52.85,51.45,Daily Use,Low Budget,"Cocok untuk penggunaan harian seperti browsing, mengetik, meeting online, dan tugas ringan"
Acer Nitro 5 AN515-46 Gaming Laptop,Acer,AMD Ryzen 7 6800H,16,1000,0,1000,SSD,Missing,Windows,,,129990,82,35,80,95,62.5,71.7,81.35,72.35,69.45,Editing,High Budget,"Cocok untuk editing karena memiliki CPU, RAM, dan storage yang mendukung; Cocok untuk programming dan multitasking; Memiliki storage yang mendukung workflow lebih cepat"
Lenovo Legion 5 Pro 82RG009AIN Laptop,Lenovo,AMD Ryzen 7 6800H,16,1000,0,1000,SSD,6 GB NVIDIA GeForce RTX 3060,Windows,16.0,2560 x 1600,159990,82,78,80,95,81.85,82.45,85.65,83.1,82.35,All-Rounder,High Budget,Cocok untuk penggunaan serbaguna karena kuat untuk gaming dan editing sekaligus; Cocok untuk programming dan multitasking; Cocok untuk AI ringan dan image processing; Memiliki storage yang mendukung workflow lebih cepat
HP Omen 16-C0136AX Laptop,HP,AMD Ryzen 5 5600H,8,512,0,512,SSD,4 GB NVIDIA GeForce GTX 1650,Windows,16.1,1920 x 1080,75299,72,58,55,80,64.35,65.45,69.15,65.85,65.6,Gaming,Mid Budget,Cocok untuk gaming karena memiliki GPU yang cukup kuat; Memiliki storage yang mendukung workflow lebih cepat
HP Envy x360 13-bf0058TU Laptop,HP,12th Gen Core i5,16,512,0,512,SSD,Intel Iris X Graphics,Windows,13.3,2880 x 1800,103000,71,42,80,80,60.65,67.35,73.5,67.8,65.45,Editing,High Budget,"Cocok untuk editing karena memiliki CPU, RAM, dan storage yang mendukung; Memiliki storage yang mendukung workflow lebih cepat"
HP Omen 17-ck1022TX Gaming Laptop,HP,12th Gen Core i7,32,1000,0,1000,SSD,8 GB NVIDIA GeForce RTX 3070Ti,Windows,16.1,2560 x 1440,199999,81,84,95,95,86.55,87.35,89.7,88.05,86.8,All-Rounder,High Budget,Cocok untuk penggunaan serbaguna karena kuat untuk gaming dan editing sekaligus; Cocok untuk programming dan multitasking; Cocok untuk AI ringan dan image processing; Memiliki storage yang mendukung workflow lebih cepat
Honor MagicBook 15 WDQ9CHNE Laptop,Honor,AMD Ryzen 5 5500U,8,256,0,256,SSD,AMD Radeon,Windows,15.6,1920 x 1080,39990,62,30,55,65,47.0,52.7,58.1,52.85,51.45,Daily Use,Low Budget,"Cocok untuk penggunaan harian seperti browsing, mengetik, meeting online, dan tugas ringan"
HP Envy x360 16-h0028TX Laptop,HP,12th Gen Core i7,16,512,0,512,SSD,Intel Iris X Graphics,Windows,13.3,3840 x 2400,143990,81,42,80,80,63.15,70.85,76.5,70.8,68.95,Editing,High Budget,"Cocok untuk editing karena memiliki CPU, RAM, dan storage yang mendukung; Cocok untuk programming dan multitasking; Memiliki storage yang mendukung workflow lebih cepat"
HP Envy 16-h0026tx Laptop,HP,12th Gen Core i9,32,1000,0,1000,SSD,6 GB NVIDIA GeForce RTX 3060,Windows,15.6,3840 x 2160,219900,95,78,95,95,87.35,90.75,93.3,90.75,89.9,All-Rounder,High Budget,Cocok untuk penggunaan serbaguna karena kuat untuk gaming dan editing sekaligus; Cocok untuk programming dan multitasking; Cocok untuk AI ringan dan image processing; Memiliki storage yang mendukung workflow lebih cepat
HP Envy 16-h0025tx Laptop,HP,12th Gen Core i9,16,1000,0,1000,SSD,6 GB NVIDIA GeForce RTX 3060,Windows,16.0,3840 x 2160,192490,95,78,80,95,85.1,87.0,89.55,87.0,86.9,All-Rounder,High Budget,Cocok untuk penggunaan serbaguna karena kuat untuk gaming dan editing sekaligus; Cocok untuk programming dan multitasking; Cocok untuk AI ringan dan image processing; Memiliki storage yang mendukung workflow lebih cepat
Lenovo Legion 5 Pro 82RG00EKIN Laptop,Lenovo,AMD Ryzen 7 6800H,32,1000,0,1000,SSD,8 GB NVIDIA GeForce RTX 3070,Windows,16.0,2560 x 1600,189990,82,84,95,95,86.8,87.7,90.0,88.35,87.15,All-Rounder,High Budget,Cocok untuk penggunaan serbaguna karena kuat untuk gaming dan editing sekaligus; Cocok untuk programming dan multitasking; Cocok untuk AI ringan dan image processing; Memiliki storage yang mendukung workflow lebih cepat
Lenovo Yoga Slim 7 Pro 82SV0053IN Laptop,Lenovo,12th Gen Core i7,16,512,0,512,SSD,Intel Iris Xe Graphics,Windows,14.0,2880 x 1800,109969,81,42,80,80,63.15,70.85,76.5,70.8,68.95,Editing,High Budget,"Cocok untuk editing karena memiliki CPU, RAM, dan storage yang mendukung; Cocok untuk programming dan multitasking; Memiliki storage yang mendukung workflow lebih cepat"
Asus VivoBook 14 X415JA-BV322WS Laptop,Asus,10th Gen Core i3,8,512,0,512,SSD,Intel UHD Graphics,Windows,14.0,1920 x 1080,33990,48,25,55,80,43.5,48.8,58.65,50.4,47.3,Daily Use,Low Budget,"Cocok untuk penggunaan harian seperti browsing, mengetik, meeting online, dan tugas ringan; Memiliki storage yang mendukung workflow lebih cepat"
Lenovo Yoga 6 82UD0068IN 2-in-1 Laptop,Lenovo,Ryzen 7 5700U,16,512,0,512,SSD,AMD Radeon,Windows,13.3,1920 x 1080,80030,68,30,80,80,54.5,63.3,71.4,63.9,60.8,Daily Use,Mid Budget,"Cocok untuk penggunaan harian seperti browsing, mengetik, meeting online, dan tugas ringan; Memiliki storage yang mendukung workflow lebih cepat"
HP Chromebook 14a-na1004TU Laptop,HP,Celeron N4500,4,0,64,64,HDD,Intel Integrated UHD Graphics,Chrome,14.0,1366 x 768,21990,25,25,30,25,25.75,26.25,26.25,26.25,26.0,Daily Use,Low Budget,"Cocok untuk penggunaan harian seperti browsing, mengetik, meeting online, dan tugas ringan"
Lenovo V14 G2-ITL 82KAA025IH Laptop,Lenovo,11th Gen Core i3,8,0,1000,1000,HDD,Intel Integrated UHD,Windows,14.0,1920 x 1080,51500,51,25,55,70,42.75,48.35,56.05,49.3,46.85,Daily Use,Low Budget,"Cocok untuk penggunaan harian seperti browsing, mengetik, meeting online, dan tugas ringan"
HP Envy x360 13-bf0063TU Laptop,HP,12th Gen Core i7,16,1000,0,1000,SSD,Intel Iris X Graphics,Windows,13.3,2880 x 1800,109990,81,42,80,95,65.4,73.1,81.75,73.8,71.2,Editing,High Budget,"Cocok untuk editing karena memiliki CPU, RAM, dan storage yang mendukung; Cocok untuk programming dan multitasking; Memiliki storage yang mendukung workflow lebih cepat"
Gigabyte Aero 5 XE4 OLED Laptop,Gigabyte,12th Gen Core i7,16,1000,0,1000,SSD,8 GB NVIDIA GeForce RTX 3070Ti,Windows,15.6,1920 x 1080,185490,81,84,80,95,84.3,83.6,85.95,84.3,83.8,All-Rounder,High Budget,Cocok untuk penggunaan serbaguna karena kuat untuk gaming dan editing sekaligus; Cocok untuk programming dan multitasking; Cocok untuk AI ringan dan image processing; Memiliki storage yang mendukung workflow lebih cepat
Lenovo V14-IIL 82C4019YIH Laptop,Lenovo,10th Gen Core i5,4,256,0,256,SSD,Intel Integrated UHD,Windows,14.0,1366 x 768,48000,65,25,30,65,41.75,46.25,52.25,46.25,46.0,Daily Use,Low Budget,"Cocok untuk penggunaan harian seperti browsing, mengetik, meeting online, dan tugas ringan"
Asus VivoBook 14 2022 X1402ZA-EK521WS Laptop,Asus,12th Gen Core i5,8,512,0,512,SSD,Intel Integrated UHD,Windows,14.0,1920 x 1080,53990,71,25,55,80,49.25,56.85,65.55,57.3,55.35,Daily Use,Low Budget,"Cocok untuk penggunaan harian seperti browsing, mengetik, meeting online, dan tugas ringan; Memiliki storage yang mendukung workflow lebih cepat"
Asus VivoBook 14 2022 X1402ZA-MW512WS Laptop,Asus,12th Gen Core i5,16,512,0,512,SSD,Intel Integrated Iris Xe,Windows,14.0,1920 x 1080,66990,71,42,80,80,60.65,67.35,73.5,67.8,65.45,Editing,Mid Budget,"Cocok untuk editing karena memiliki CPU, RAM, dan storage yang mendukung; Memiliki storage yang mendukung workflow lebih cepat"
Asus VivoBook 14 2022 X1402ZA-MW311WS Laptop,Asus,12th Gen Core i3,8,512,0,512,SSD,Intel Integrated UHD,Windows,14.0,1920 x 1080,45990,54,25,55,80,45.0,50.9,60.45,52.2,49.4,Daily Use,Low Budget,"Cocok untuk penggunaan harian seperti browsing, mengetik, meeting online, dan tugas ringan; Memiliki storage yang mendukung workflow lebih cepat"
Lenovo Thinkpad E14 Gen 2 20TBS4K300 Laptop,Lenovo,11th Gen Core i5,8,512,0,512,SSD,Intel UHD,DOS,14.1,1920 x 1080,71449,68,25,55,80,48.5,55.8,64.65,56.4,54.3,Daily Use,Mid Budget,"Cocok untuk penggunaan harian seperti browsing, mengetik, meeting online, dan tugas ringan; Memiliki storage yang mendukung workflow lebih cepat"
Lenovo E41-55 ‎82C700FNGE Laptop,Lenovo,Athlon Pro 3045B,4,0,1000,1000,HDD,AMD Radeon Graphics,Windows,15.6,1920 x 1080,21999,25,30,30,70,34.75,34.25,42.5,36.5,34.25,Daily Use,Low Budget,"Cocok untuk penggunaan harian seperti browsing, mengetik, meeting online, dan tugas ringan"
Dell Latitude 3420 Laptop,Dell,11th Gen Core i5,16,512,1000,512,SSD,Intel UHD Graphics,Windows,14.0,1366 x 768,75800,68,25,80,80,52.25,62.05,70.9,62.65,59.3,Daily Use,Mid Budget,"Cocok untuk penggunaan harian seperti browsing, mengetik, meeting online, dan tugas ringan; Memiliki storage yang mendukung workflow lebih cepat"
HP 250 G8 6G9R1PA Notebook,HP,11th Gen Core i3,8,512,0,512,SSD,Intel Integrated Intel® UHD Graphics,DOS,15.6,1366 x 768,35979,51,25,55,80,44.25,49.85,59.55,51.3,48.35,Daily Use,Low Budget,"Cocok untuk penggunaan harian seperti browsing, mengetik, meeting online, dan tugas ringan; Memiliki storage yang mendukung workflow lebih cepat"
Acer TravelMate TMP215-53 Laptop,Acer, Pentium Gold 7505,4,0,1000,1000,HDD,Intel Integrated,Windows,15.6,1366 x 768,26990,38,25,30,70,35.75,37.55,45.9,39.15,37.3,Daily Use,Low Budget,"Cocok untuk penggunaan harian seperti browsing, mengetik, meeting online, dan tugas ringan"
HP 430 G8 366B1PA Business Laptop,HP,11th Gen Core i7,8,512,0,512,SSD,Graphics & Networking: Intel Iris X Graphics,Windows,13.3,,111500,78,42,55,80,58.65,63.55,69.35,63.65,62.9,Daily Use,High Budget,"Cocok untuk penggunaan harian seperti browsing, mengetik, meeting online, dan tugas ringan; Memiliki storage yang mendukung workflow lebih cepat"
MSI Creator M16 A11UC-669IN Laptop,MSI,11th Gen Core i7,16,512,0,512,SSD,4 GB NVIDIA GeForce RTX3050,Windows,16.0,2560 x 1600,115990,78,70,80,80,75.0,76.8,78.4,76.9,76.3,All-Rounder,High Budget,Cocok untuk penggunaan serbaguna karena kuat untuk gaming dan editing sekaligus; Cocok untuk programming dan multitasking; Memiliki storage yang mendukung workflow lebih cepat
Lenovo ThinkPad X1 Yoga 20XYS00R00 Laptop,Lenovo,11th Gen Core i7,16,1000,0,1000,SSD,Intel UHD Graphics,Windows,14.0,1920 x 1080,248890,78,25,80,95,57.0,67.8,79.15,68.65,65.05,Daily Use,High Budget,"Cocok untuk penggunaan harian seperti browsing, mengetik, meeting online, dan tugas ringan; Cocok untuk programming dan multitasking; Memiliki storage yang mendukung workflow lebih cepat"
Lenovo ThinkPad T14 2021 20W0S03F00 Laptop,Lenovo,11th Gen Core i5,8,512,0,512,SSD,512 MB Intel Integrated,Windows,14.0,1920 x 1080,87000,68,25,55,80,48.5,55.8,64.65,56.4,54.3,Daily Use,High Budget,"Cocok untuk penggunaan harian seperti browsing, mengetik, meeting online, dan tugas ringan; Memiliki storage yang mendukung workflow lebih cepat"
Huawei MateBook D14 Laptop,Huawei,10th Gen Core i5,8,512,0,512,SSD,Intel UHD Graphics,Windows,14.0,1920 x 1080,71901,65,25,55,80,47.75,54.75,63.75,55.5,53.25,Daily Use,Mid Budget,"Cocok untuk penggunaan harian seperti browsing, mengetik, meeting online, dan tugas ringan; Memiliki storage yang mendukung workflow lebih cepat"
Lenovo IdeaPad Slim 5 82FG01HAIN Laptop,Lenovo,11th Gen Core i5,16,512,0,512,SSD,Intel Iris Xe Graphics,Windows,15.6,1920 x 1080,59990,68,42,80,80,59.9,66.3,72.6,66.9,64.4,Editing,Mid Budget,"Cocok untuk editing karena memiliki CPU, RAM, dan storage yang mendukung; Memiliki storage yang mendukung workflow lebih cepat"
Asus VivoBook 14 2021 X415KA-BV121WS Laptop,Asus,Intel Silver N6000,8,256,0,256,SSD,Intel Integrated Intel UHD,Windows,14.1,1366 x 768,28990,35,25,55,65,38.0,42.0,49.5,43.5,40.5,Daily Use,Low Budget,"Cocok untuk penggunaan harian seperti browsing, mengetik, meeting online, dan tugas ringan"
Dell Inspiron 3511 Laptop,Dell,11th Gen Core i3,8,512,1000,512,SSD,Intel UHD Graphics,Windows,15.56,1920 x 1080,46499,51,25,55,80,44.25,49.85,59.55,51.3,48.35,Daily Use,Low Budget,"Cocok untuk penggunaan harian seperti browsing, mengetik, meeting online, dan tugas ringan; Memiliki storage yang mendukung workflow lebih cepat"
Lenovo V14 G2-ITL ﻿82KAA05VIH Laptop,Lenovo,11th Gen Core i3,4,256,0,256,SSD,Intel Integrated UHD,Windows,15.0,1920 x 1080,39000,51,25,30,65,38.25,41.35,48.05,42.05,41.1,Daily Use,Low Budget,"Cocok untuk penggunaan harian seperti browsing, mengetik, meeting online, dan tugas ringan"
Huawei MateBook 14 2021‎ WDH9A Laptop,Huawei,11th Gen Core i5,8,512,0,512,SSD,Intel Iris Xe Graphics,Windows,14.0,2160 x 1440,100931,68,42,55,80,56.15,60.05,66.35,60.65,59.4,Daily Use,High Budget,"Cocok untuk penggunaan harian seperti browsing, mengetik, meeting online, dan tugas ringan; Memiliki storage yang mendukung workflow lebih cepat"
Asus ROG Zephyrus G14 GA402RJZ-L4136WS Gaming Laptop,Asus,AMD Ryzen 9 6900HS,16,1000,0,1000,SSD,8 GB AMD Radeon RX 6700S,Windows,14.0,1920 x 1080,155000,88,30,80,95,61.75,72.55,82.65,72.9,70.05,Daily Use,High Budget,"Cocok untuk penggunaan harian seperti browsing, mengetik, meeting online, dan tugas ringan; Cocok untuk programming dan multitasking; Memiliki storage yang mendukung workflow lebih cepat"
HP Envy x360 13-bf0078TU Laptop,HP,12th Gen Core i5,8,512,0,512,SSD,Intel Iris X Graphics,Windows,13.3,1920 x 1080,80990,71,42,55,80,56.9,61.1,67.25,61.55,60.45,Daily Use,Mid Budget,"Cocok untuk penggunaan harian seperti browsing, mengetik, meeting online, dan tugas ringan; Memiliki storage yang mendukung workflow lebih cepat"
Asus ROG Flow X16 2022 GV601RM-M5053WS Gaming Laptop,Asus,Ryzen 7 6800HS,16,1000,0,1000,SSD,6 GB AMD Radeon Radeon 680M,Windows,16.0,2560 x 1600,187990,82,46,80,95,67.45,74.45,82.45,75.1,72.75,Editing,High Budget,"Cocok untuk editing karena memiliki CPU, RAM, dan storage yang mendukung; Cocok untuk programming dan multitasking; Memiliki storage yang mendukung workflow lebih cepat"
Asus ROG Flow X16 2022 GV601RM-M5039WS Gaming Laptop,Asus,Ryzen 9 6900HS,16,1000,0,1000,SSD,6 GB AMD Radeon Radeon 680M,Windows,16.0,2560 x 1600,211990,88,46,80,95,68.95,76.55,84.25,76.9,74.85,Editing,High Budget,"Cocok untuk editing karena memiliki CPU, RAM, dan storage yang mendukung; Cocok untuk programming dan multitasking; Memiliki storage yang mendukung workflow lebih cepat"
Lenovo V14 Gen 2 82KAA002IH Laptop,Lenovo,11th Gen Core i5,8,512,0,512,SSD,Intel Iris Xe Graphics,DOS,14.0,1920 x 1080,47199,68,42,55,80,56.15,60.05,66.35,60.65,59.4,Daily Use,Low Budget,"Cocok untuk penggunaan harian seperti browsing, mengetik, meeting online, dan tugas ringan; Memiliki storage yang mendukung workflow lebih cepat"
Avita Pura E NS14A6 Laptop,Avita,10th Gen Core i3,8,256,0,256,SSD,Intel UHD Graphics 620,Windows,14.0,1920 x 1080,29990,48,25,55,65,41.25,46.55,53.4,47.4,45.05,Daily Use,Low Budget,"Cocok untuk penggunaan harian seperti browsing, mengetik, meeting online, dan tugas ringan"
Lenovo ThinkBook 13s ITL Gen 2 20V9A036IH Laptop,Lenovo,11th Gen Core i7,16,512,0,512,SSD,Intel Integrated Iris Xe,Windows,13.0,2560 x 1600,85999,78,42,80,80,62.4,69.8,75.6,69.9,67.9,Editing,Mid Budget,"Cocok untuk editing karena memiliki CPU, RAM, dan storage yang mendukung; Cocok untuk programming dan multitasking; Memiliki storage yang mendukung workflow lebih cepat"
Lenovo Thinkpad T15P Gen 2 ‎21A7001LUS Laptop,Lenovo,11th Gen Core i7,16,512,0,512,SSD,4 GB NVIDIA GeForce GTX 1650,Windows,14.0,1920 x 1080,219000,78,58,80,80,69.6,73.8,77.2,73.9,72.7,Editing,High Budget,"Cocok untuk editing karena memiliki CPU, RAM, dan storage yang mendukung; Cocok untuk programming dan multitasking; Memiliki storage yang mendukung workflow lebih cepat"
Lenovo Ideapad Flex 5 82R700ASIN Laptop,Lenovo,12th Gen Core i3,8,512,0,512,SSD,Intel Integrated UHD,Windows,14.0,1920 x 1080,59801,54,25,55,80,45.0,50.9,60.45,52.2,49.4,Daily Use,Mid Budget,"Cocok untuk penggunaan harian seperti browsing, mengetik, meeting online, dan tugas ringan; Memiliki storage yang mendukung workflow lebih cepat"
Lenovo Ideapad Slim 3i 82H802EYIN Laptop,Lenovo,11th Gen Core i3,8,256,0,256,SSD,Intel UHD Integrated Graphics,Windows,15.6,1920 x 1080,37000,51,25,55,65,42.0,47.6,54.3,48.3,46.1,Daily Use,Low Budget,"Cocok untuk penggunaan harian seperti browsing, mengetik, meeting online, dan tugas ringan"
Lenovo IdeaPad Flex 5 82R7006HIN Laptop,Lenovo,11th Gen Core i5,16,512,0,512,SSD,Intel Integrated UHD Xe,Windows,14.0,1920 x 1080,74490,68,25,80,80,52.25,62.05,70.9,62.65,59.3,Daily Use,Mid Budget,"Cocok untuk penggunaan harian seperti browsing, mengetik, meeting online, dan tugas ringan; Memiliki storage yang mendukung workflow lebih cepat"
Dell Vostro 3400 Laptop AMD,Dell,Ryzen 5 3450U,8,256,0,256,SSD,AMD Radeon,Windows,14.0,1920 x 1080,36990,56,30,55,65,45.5,50.6,56.3,51.05,49.35,Daily Use,Low Budget,"Cocok untuk penggunaan harian seperti browsing, mengetik, meeting online, dan tugas ringan"
Lenovo Yoga Slim 7 Pro 82NC00FRIN Laptop,Lenovo,11th Gen Core i5,16,512,0,512,SSD,Intel Iris Xe Graphics,Windows,14.0,2880 x 1800,74517,68,42,80,80,59.9,66.3,72.6,66.9,64.4,Editing,Mid Budget,"Cocok untuk editing karena memiliki CPU, RAM, dan storage yang mendukung; Memiliki storage yang mendukung workflow lebih cepat"
MSI Katana GF66 12UC-636IN Gaming Laptop,MSI,12th Gen Core i5,8,512,0,512,SSD,4 GB NVIDIA GeForce RTX 3050,Windows,15.6,1920 x 1080,70990,71,70,55,80,69.5,68.1,70.05,68.55,68.85,Gaming,Mid Budget,Cocok untuk gaming karena memiliki GPU yang cukup kuat; Memiliki storage yang mendukung workflow lebih cepat
MSI Gaming Katana GF76 11UC-848IN Laptop,MSI,11th Gen Core i7,16,512,0,512,SSD,4 GB Nvidia RTX 3050,Windows,17.32,1920 x 1080,76990,78,70,80,80,75.0,76.8,78.4,76.9,76.3,All-Rounder,Mid Budget,Cocok untuk penggunaan serbaguna karena kuat untuk gaming dan editing sekaligus; Cocok untuk programming dan multitasking; Memiliki storage yang mendukung workflow lebih cepat
MSI Gaming Katana GF76 11UD-849IN Laptop,MSI,11th Gen Core i7,16,512,0,512,SSD,4 GB Nvidia RTX 3050 Ti,Windows,17.32,1920 x 1080,82990,78,73,80,80,76.35,77.55,78.7,77.65,77.2,All-Rounder,Mid Budget,Cocok untuk penggunaan serbaguna karena kuat untuk gaming dan editing sekaligus; Cocok untuk programming dan multitasking; Memiliki storage yang mendukung workflow lebih cepat
MSI Katana GF66 12UE-1001IN Gaming Laptop,MSI,12th Gen Core i5,16,512,0,512,SSD,6 GB NVIDIA GeForce RTX 3060,Windows,15.6,1920 x 1080,85990,71,78,80,80,76.85,76.35,77.1,76.8,76.25,Gaming,Mid Budget,Cocok untuk gaming karena memiliki GPU yang cukup kuat; Memiliki storage yang mendukung workflow lebih cepat
MSI Gaming Katana GF66 12UE-1002IN Laptop,MSI,12th Gen Core i7,16,1000,0,1000,SSD,6 GB Nvidia GeForce RTX 3060,Windows,15.6,1920 x 1080,105990,81,78,80,95,81.6,82.1,85.35,82.8,82.0,All-Rounder,High Budget,Cocok untuk penggunaan serbaguna karena kuat untuk gaming dan editing sekaligus; Cocok untuk programming dan multitasking; Cocok untuk AI ringan dan image processing; Memiliki storage yang mendukung workflow lebih cepat
Acer Swift X SFX14-41G Laptop,Acer,Ryzen 5 5600U,16,512,0,512,SSD,4 GB NVIDIA GeForce RTX 3050,Windows,14.0,1920 x 1080,76000,64,70,80,80,71.5,71.9,74.2,72.7,71.4,Gaming,Mid Budget,Cocok untuk gaming karena memiliki GPU yang cukup kuat; Memiliki storage yang mendukung workflow lebih cepat
Lenovo V14-IGL ‎82C2S02K00 Laptop,Lenovo,Celeron N4020,4,256,0,256,SSD,Intel Integrated UHD,Windows,14.0,1920 x 1080,21999,22,25,30,65,31.0,31.2,39.35,33.35,30.95,Daily Use,Low Budget,"Cocok untuk penggunaan harian seperti browsing, mengetik, meeting online, dan tugas ringan"
HP 255 G8 6V2R7PA Laptop,HP,AMD Athlon 3050U,4,0,1000,1000,HDD,AMD Radeon Graphics,DOS,15.6,1366 x 768,24650,25,30,30,70,34.75,34.25,42.5,36.5,34.25,Daily Use,Low Budget,"Cocok untuk penggunaan harian seperti browsing, mengetik, meeting online, dan tugas ringan"
Acer Swift X SFX14-41G Laptop,Acer,AMD Ryzen 5 5600U,16,512,0,512,SSD,4 GB NVIDIA GeForce RTX 3050,Windows,14.0,1920 x 1080,79521,64,70,80,80,71.5,71.9,74.2,72.7,71.4,Gaming,Mid Budget,Cocok untuk gaming karena memiliki GPU yang cukup kuat; Memiliki storage yang mendukung workflow lebih cepat
Asus TUF Gaming F15 FX566HCB-HN231T Gaming Laptop,Asus,11th Gen Core i7,8,1000,0,1000,SSD,4 GB ‎NVIDIA GeForce RTX 3050,Windows,15.6,1920 x 1080,101000,78,70,55,95,73.5,72.8,77.4,73.65,73.55,Gaming,High Budget,Cocok untuk gaming karena memiliki GPU yang cukup kuat; Memiliki storage yang mendukung workflow lebih cepat
Dell Vostro 3400 Laptop,Dell,11th Gen Core i3,8,0,1000,1000,HDD,Intel Integrated Iris Xe,Windows,14.0,1920 x 1080,38499,51,42,55,70,50.4,52.6,57.75,53.55,51.95,Daily Use,Low Budget,"Cocok untuk penggunaan harian seperti browsing, mengetik, meeting online, dan tugas ringan"
Asus ROG Flow X13 GV301RC-LJ073WS Gaming Laptop,Asus,AMD Ryzen 9 6900HS,32,1000,0,1000,SSD,4 GB ‎NVIDIA GeForce RTX 3050,Windows,13.4,1920 x 1200,151990,88,70,95,95,82.0,86.3,90.4,86.65,85.05,All-Rounder,High Budget,Cocok untuk penggunaan serbaguna karena kuat untuk gaming dan editing sekaligus; Cocok untuk programming dan multitasking; Cocok untuk AI ringan dan image processing; Memiliki storage yang mendukung workflow lebih cepat
AGB Octev GA-9009 Gaming Laptop,AGB,11th Gen Core i7,16,1000,0,1000,SSD,2 GB NVIDIA Geforce MX450,Windows,15.6,1920 x 1080,65000,78,44,80,95,65.55,72.55,81.05,73.4,70.75,Editing,Mid Budget,"Cocok untuk editing karena memiliki CPU, RAM, dan storage yang mendukung; Cocok untuk programming dan multitasking; Memiliki storage yang mendukung workflow lebih cepat"
Lenovo Thinkbook 14 Gen 2 20VDA0G9IH Laptop,Lenovo,11th Gen Core i5,8,512,0,512,SSD,Intel Iris Xe Graphics,Windows,14.0,1920 x 1080,83399,68,42,55,80,56.15,60.05,66.35,60.65,59.4,Daily Use,Mid Budget,"Cocok untuk penggunaan harian seperti browsing, mengetik, meeting online, dan tugas ringan; Memiliki storage yang mendukung workflow lebih cepat"
Asus ROG Flow X13 GV301RE-LJ156WS Gaming Laptop,Asus,AMD Ryzen 9 6900HS,32,1000,0,1000,SSD,4 GB ‎NVIDIA GeForce RTX 3050 Ti,Windows,13.4,1920 x 1200,171990,88,73,95,95,83.35,87.05,90.7,87.4,85.95,All-Rounder,High Budget,Cocok untuk penggunaan serbaguna karena kuat untuk gaming dan editing sekaligus; Cocok untuk programming dan multitasking; Cocok untuk AI ringan dan image processing; Memiliki storage yang mendukung workflow lebih cepat
Gigabyte Aorus 5 SE4 Gaming Laptop,Gigabyte,12th Gen Core i7,16,512,0,512,SSD,8 GB NVIDIA GeForce RTX 3070,Windows,15.6,2560 x 1440,144990,81,84,80,80,82.05,81.35,80.7,81.3,81.55,All-Rounder,High Budget,Cocok untuk penggunaan serbaguna karena kuat untuk gaming dan editing sekaligus; Cocok untuk programming dan multitasking; Cocok untuk AI ringan dan image processing; Memiliki storage yang mendukung workflow lebih cepat
HP Victus 15-fb0052AX Gaming Laptop,HP,AMD Ryzen 7 5800H,8,512,0,512,SSD,4 GB NVIDIA GeForce RTX 3050,Windows,15.6,1920 x 1080,78650,78,70,55,80,71.25,70.55,72.15,70.65,71.3,Gaming,Mid Budget,Cocok untuk gaming karena memiliki GPU yang cukup kuat; Memiliki storage yang mendukung workflow lebih cepat
Lenovo Ideapad Flex 5 14IAU7 82R7006EIN Laptop,Lenovo,12th Gen Core i3,8,512,0,512,SSD,Intel Integrated UHD,Windows,14.0,1920 x 1080,60990,54,25,55,80,45.0,50.9,60.45,52.2,49.4,Daily Use,Mid Budget,"Cocok untuk penggunaan harian seperti browsing, mengetik, meeting online, dan tugas ringan; Memiliki storage yang mendukung workflow lebih cepat"
Lenovo Thinkpad L13 Gen 2 20VHS07500 Laptop,Lenovo,11th Gen Core i5,16,512,0,512,SSD,Intel Iris Xe Graphics,Windows,14.0,1920 x 1080,92999,68,42,80,80,59.9,66.3,72.6,66.9,64.4,Editing,High Budget,"Cocok untuk editing karena memiliki CPU, RAM, dan storage yang mendukung; Memiliki storage yang mendukung workflow lebih cepat"
Lenovo 15ACH6 82JW00P5IN Laptop,Lenovo,Ryzen 5 5600H,16,512,0,512,SSD,4 GB NVIDIA GeForce GTX 1650,Windows,15.6,1920 x 1200,69990,72,58,80,80,68.1,71.7,75.4,72.1,70.6,Editing,Mid Budget,"Cocok untuk editing karena memiliki CPU, RAM, dan storage yang mendukung; Memiliki storage yang mendukung workflow lebih cepat"
Lenovo IdeaPad Slim 5 15ITL05 82SE0061IN Laptop,Lenovo,11th Gen Core i5,16,512,0,512,SSD,Intel Iris Xe Graphics,Windows,15.6,1920 x 1080,63990,68,42,80,80,59.9,66.3,72.6,66.9,64.4,Editing,Mid Budget,"Cocok untuk editing karena memiliki CPU, RAM, dan storage yang mendukung; Memiliki storage yang mendukung workflow lebih cepat"
Acer Nitro 5 AN515-45 NH.QCLSI.004 Gaming Laptop,Acer,AMD Ryzen 5 5600H,8,512,0,512,SSD,4 GB NVIDIA GeForce RTX 3050,Windows,15.6,1920 x 1080,67990,72,70,55,80,69.75,68.45,70.35,68.85,69.2,Gaming,Mid Budget,Cocok untuk gaming karena memiliki GPU yang cukup kuat; Memiliki storage yang mendukung workflow lebih cepat
Gigabyte Aero 5 KE4 OLED Laptop,Gigabyte,12th Gen Core i7,16,1000,0,1000,SSD,6 GB NVIDIA GeForce RTX 3060,Windows,15.6,1920 x 1080,143990,81,78,80,95,81.6,82.1,85.35,82.8,82.0,All-Rounder,High Budget,Cocok untuk penggunaan serbaguna karena kuat untuk gaming dan editing sekaligus; Cocok untuk programming dan multitasking; Cocok untuk AI ringan dan image processing; Memiliki storage yang mendukung workflow lebih cepat
Lenovo V14 G2-ITL 82KA00G8IH Laptop,Lenovo,11th Gen Core i3,4,256,0,256,SSD,Intel Integrated UHD,DOS,14.0,1920 x 1080,29500,51,25,30,65,38.25,41.35,48.05,42.05,41.1,Daily Use,Low Budget,"Cocok untuk penggunaan harian seperti browsing, mengetik, meeting online, dan tugas ringan"
Asus ROG Strix G17 2022 G713RW-KH110WS Gaming Laptop,Asus,AMD Ryzen 9 6900HX,16,1000,0,1000,SSD,8 GB NVIDIA GeForce RTX 3070 Ti,Windows,17.3,1920 x 1080,205780,90,86,80,95,87.45,87.25,88.85,87.5,87.55,All-Rounder,High Budget,Cocok untuk penggunaan serbaguna karena kuat untuk gaming dan editing sekaligus; Cocok untuk programming dan multitasking; Cocok untuk AI ringan dan image processing; Memiliki storage yang mendukung workflow lebih cepat
MSI Crosshair 15 B12UGZ-1012IN Gaming Laptop,MSI,12th Gen Core i7,16,1000,0,1000,SSD,8 GB NVIDIA GeForce RTX 3070,Windows,15.6,2560 x 1440,134990,81,84,80,95,84.3,83.6,85.95,84.3,83.8,All-Rounder,High Budget,Cocok untuk penggunaan serbaguna karena kuat untuk gaming dan editing sekaligus; Cocok untuk programming dan multitasking; Cocok untuk AI ringan dan image processing; Memiliki storage yang mendukung workflow lebih cepat
MSI Crosshair 15 B12UEZ-897IN Gaming Laptop,MSI,12th Gen Core i7,16,512,0,512,SSD,6 GB NVIDIA GeForce RTX 3060,Windows,15.6,1920 x 1080,104990,81,78,80,80,79.35,79.85,80.1,79.8,79.75,All-Rounder,High Budget,Cocok untuk penggunaan serbaguna karena kuat untuk gaming dan editing sekaligus; Cocok untuk programming dan multitasking; Cocok untuk AI ringan dan image processing; Memiliki storage yang mendukung workflow lebih cepat
Lenovo V15 Gen 2 Laptop,Lenovo,11th Gen Core i3,8,512,0,512,SSD,Intel Integrated UHD,Windows,15.0,1920 x 1080,40871,51,25,55,80,44.25,49.85,59.55,51.3,48.35,Daily Use,Low Budget,"Cocok untuk penggunaan harian seperti browsing, mengetik, meeting online, dan tugas ringan; Memiliki storage yang mendukung workflow lebih cepat"
Lenovo V15 82KDA01DIH Laptop,Lenovo,AMD Ryzen 3 5300U,8,256,0,256,SSD,AMD Radeon Graphics,Windows,15.6,1920 x 1080,39999,45,30,55,65,42.75,46.75,53.0,47.75,45.5,Daily Use,Low Budget,"Cocok untuk penggunaan harian seperti browsing, mengetik, meeting online, dan tugas ringan"
Acer Spin 3 SP314-55N Laptop,Acer,12th Gen Core i5,16,512,0,512,SSD,Intel Irix Xe Graphics,Windows,14.0,1920 x 1080,84990,71,25,80,80,53.0,63.1,71.8,63.55,60.35,Daily Use,Mid Budget,"Cocok untuk penggunaan harian seperti browsing, mengetik, meeting online, dan tugas ringan; Memiliki storage yang mendukung workflow lebih cepat"
Lenovo Legion 5 82JU00SYIN Laptop,Lenovo,AMD Ryzen 7 5800H,16,1000,0,1000,SSD,6 GB NVIDIA GeForce RTX 3060,Windows,16.0,2560 x 1600,129994,78,78,80,95,80.85,81.05,84.45,81.9,80.95,All-Rounder,High Budget,Cocok untuk penggunaan serbaguna karena kuat untuk gaming dan editing sekaligus; Cocok untuk programming dan multitasking; Memiliki storage yang mendukung workflow lebih cepat
Lenovo ThinkPad T14 20W0S1C800 Laptop,Lenovo,11th Gen Core i7,16,512,0,512,SSD,Intel Iris Xe Graphics,Windows,14.0,1920 x 1080,142000,78,42,80,80,62.4,69.8,75.6,69.9,67.9,Editing,High Budget,"Cocok untuk editing karena memiliki CPU, RAM, dan storage yang mendukung; Cocok untuk programming dan multitasking; Memiliki storage yang mendukung workflow lebih cepat"
MSI Raider GE77HX 12UHS-205IN Gaming Laptop,MSI,12th Gen Core i9,32,2000,0,2000,SSD,16 GB NVIDIA GeForce RTX 3080 Ti,Windows,17.3,3840 x 2160,299990,95,92,95,100,94.4,95.0,96.45,95.25,94.85,All-Rounder,High Budget,Cocok untuk penggunaan serbaguna karena kuat untuk gaming dan editing sekaligus; Cocok untuk programming dan multitasking; Cocok untuk AI ringan dan image processing; Memiliki storage yang mendukung workflow lebih cepat
MSI Vector GP76 12UGSO-868IN Gaming Laptop,MSI,12th Gen Core i7,16,1000,0,1000,SSD,8 GB NVIDIA GeForce RTX 3070 Ti,Windows,17.3,1920 x 1080,170990,81,86,80,95,85.2,84.1,86.15,84.8,84.4,All-Rounder,High Budget,Cocok untuk penggunaan serbaguna karena kuat untuk gaming dan editing sekaligus; Cocok untuk programming dan multitasking; Cocok untuk AI ringan dan image processing; Memiliki storage yang mendukung workflow lebih cepat
MSI Creator M16 A12UD-633IN Laptop,MSI,12th Gen Core i7,16,512,0,512,SSD,4 GB NVIDIA GeForce RTX 3050 Ti,Windows,16.0,2560 x 1660,99990,81,73,80,80,77.1,78.6,79.6,78.55,78.25,All-Rounder,High Budget,Cocok untuk penggunaan serbaguna karena kuat untuk gaming dan editing sekaligus; Cocok untuk programming dan multitasking; Cocok untuk AI ringan dan image processing; Memiliki storage yang mendukung workflow lebih cepat
MSI Alpha 15 B5EEK-235IN Laptop,MSI,Ryzen 7 5800H ,8,512,0,512,SSD,8 GB AMD Radeon RX 6600M,Windows,15.6,1920 x 1080,79990,78,68,55,80,70.35,70.05,71.95,70.15,70.7,Gaming,Mid Budget,Cocok untuk gaming karena memiliki GPU yang cukup kuat; Memiliki storage yang mendukung workflow lebih cepat
MSI Creator Pro M16 A12UIS-634IN Gaming Laptop,MSI,12th Gen Core i7,16,1000,0,1000,SSD,4 GB NVIDIA GeForce RTX A1000,Windows,16.0,2560 x 1660,109990,81,35,80,95,62.25,71.35,81.05,72.05,69.1,Editing,High Budget,"Cocok untuk editing karena memiliki CPU, RAM, dan storage yang mendukung; Cocok untuk programming dan multitasking; Memiliki storage yang mendukung workflow lebih cepat"
MSI Thin GF63 11SC-1046IN Gaming Laptop,MSI,11th Gen Core i5,8,512,0,512,SSD,4 GB NVIDIA GeForce GTX 1650 Max-Q,Windows,15.6,1920 x 1080,54490,68,55,55,80,62.0,63.3,67.65,63.9,63.3,Daily Use,Low Budget,"Cocok untuk penggunaan harian seperti browsing, mengetik, meeting online, dan tugas ringan; Memiliki storage yang mendukung workflow lebih cepat"
Asus ROG Strix Scar 17 SE G733CX-LL012WS Gaming Laptop,Asus,12th Gen Core i9,32,4000,0,4000,SSD,16 GB NVIDIA GeForce RTX 3080Ti,Windows,17.3,2560 x 1440,479990,95,88,95,100,92.6,94.0,96.05,94.25,93.65,All-Rounder,High Budget,Cocok untuk penggunaan serbaguna karena kuat untuk gaming dan editing sekaligus; Cocok untuk programming dan multitasking; Cocok untuk AI ringan dan image processing; Memiliki storage yang mendukung workflow lebih cepat
Asus VivoBook 14 X415JA-EK324WS Laptop,Asus,10th Gen Core i3,8,512,0,512,SSD,Intel UHD Graphics,Windows,14.0,1920 x 1080,32749,48,25,55,80,43.5,48.8,58.65,50.4,47.3,Daily Use,Low Budget,"Cocok untuk penggunaan harian seperti browsing, mengetik, meeting online, dan tugas ringan; Memiliki storage yang mendukung workflow lebih cepat"
Chuwi HeroBook Pro Laptop,Chuwi,Intel Celeron N4020,8,256,0,256,SSD,Intel HD Graphics,Windows,14.1,1366 x 768,23990,22,25,55,65,34.75,37.45,45.6,39.6,35.95,Daily Use,Low Budget,"Cocok untuk penggunaan harian seperti browsing, mengetik, meeting online, dan tugas ringan"
MSI Gaming Katana GF66 12UE-262IN Laptop,MSI,12th Gen Core i7,16,1000,0,1000,SSD,6 GB Nvidia GeForce RTX 3060,Windows,15.6,1920 x 1080,144834,81,78,80,95,81.6,82.1,85.35,82.8,82.0,All-Rounder,High Budget,Cocok untuk penggunaan serbaguna karena kuat untuk gaming dan editing sekaligus; Cocok untuk programming dan multitasking; Cocok untuk AI ringan dan image processing; Memiliki storage yang mendukung workflow lebih cepat
Asus ROG Strix Scar 15 G533ZXZ-LN116WS Gaming Laptop,Asus,12th Gen Core i9,32,1000,0,1000,SSD,16 GB NVIDIA GeForce RTX 3080 Ti,Windows,15.6,2560 x 1440,281990,95,92,95,95,93.65,94.25,94.7,94.25,94.1,All-Rounder,High Budget,Cocok untuk penggunaan serbaguna karena kuat untuk gaming dan editing sekaligus; Cocok untuk programming dan multitasking; Cocok untuk AI ringan dan image processing; Memiliki storage yang mendukung workflow lebih cepat
MSI Katana GF76 11UE-485IN Laptop,MSI,11th Gen Core i7,16,512,0,512,SSD,6 GB Nvidia RTX 3060,Windows,17.32,1920 x 1080,92900,78,78,80,80,78.6,78.8,79.2,78.9,78.7,All-Rounder,High Budget,Cocok untuk penggunaan serbaguna karena kuat untuk gaming dan editing sekaligus; Cocok untuk programming dan multitasking; Memiliki storage yang mendukung workflow lebih cepat
MSI Delta 15 A5EFK-201IN Gaming Laptop,MSI,AMD Ryzen 7 5800H,16,1000,0,1000,SSD,10 GB AMD Radeon RX 6700M,Windows,15.6,1920 x 1080,100990,78,76,80,95,79.95,80.55,84.25,81.4,80.35,All-Rounder,High Budget,Cocok untuk penggunaan serbaguna karena kuat untuk gaming dan editing sekaligus; Cocok untuk programming dan multitasking; Memiliki storage yang mendukung workflow lebih cepat
Asus VivoBook K15 OLED K513EA-L503WS Laptop,Asus,11th Gen Core i5,16,256,1000,256,SSD,Intel Integrated Iris Xe,Windows,15.6,1920 x 1080,67000,68,42,80,65,57.65,64.05,67.35,63.9,62.15,Daily Use,Mid Budget,"Cocok untuk penggunaan harian seperti browsing, mengetik, meeting online, dan tugas ringan"
Asus VivoBook Pro 15 OLED K6500ZC-L502WS Laptop,Asus,12th Gen Core i5,16,512,0,512,SSD,4 GB NVIDIA GeForce RTX 3050,Windows,15.6,1920 x 1080,89990,71,70,80,80,73.25,74.35,76.3,74.8,73.85,Gaming,High Budget,Cocok untuk gaming karena memiliki GPU yang cukup kuat; Memiliki storage yang mendukung workflow lebih cepat
Lenovo IdeaPad Slim 5 82SF004XIN Laptop,Lenovo,12th Gen Core i7,16,512,0,512,SSD,Intel Iris Xe Graphics,Windows,15.6,1920 x 1080,82990,81,42,80,80,63.15,70.85,76.5,70.8,68.95,Editing,Mid Budget,"Cocok untuk editing karena memiliki CPU, RAM, dan storage yang mendukung; Cocok untuk programming dan multitasking; Memiliki storage yang mendukung workflow lebih cepat"
Lenovo V15 G2 82KDA00UIH Laptop,Lenovo,Ryzen 3 5300U,4,512,0,512,SSD,AMD Radeon Graphic,DOS,15.6,1920 x 1080,33250,45,30,30,80,41.25,42.75,52.0,44.5,42.75,Daily Use,Low Budget,"Cocok untuk penggunaan harian seperti browsing, mengetik, meeting online, dan tugas ringan; Memiliki storage yang mendukung workflow lebih cepat"
Lenovo IdeaPad 3 15ITL6 82H802KYIN Laptop,Lenovo,11th Gen Core i5,8,512,0,512,SSD,Intel Integrated Iris Xe,Windows,15.6,1920 x 1080,53490,68,42,55,80,56.15,60.05,66.35,60.65,59.4,Daily Use,Low Budget,"Cocok untuk penggunaan harian seperti browsing, mengetik, meeting online, dan tugas ringan; Memiliki storage yang mendukung workflow lebih cepat"
Lenovo ThinkBook 14 20VDA0THIH Laptop,Lenovo,11th Gen Core i5,8,512,0,512,SSD,Intel Iris Xe Graphics,Windows,14.0,1920 x 1080,77500,68,42,55,80,56.15,60.05,66.35,60.65,59.4,Daily Use,Mid Budget,"Cocok untuk penggunaan harian seperti browsing, mengetik, meeting online, dan tugas ringan; Memiliki storage yang mendukung workflow lebih cepat"
Asus Vivobook S14 Flip 2022 TN3402QA-LZ501WS Laptop,Asus,AMD Ryzen 5-5600H,16,512,0,512,SSD,AMD Radeon Graphics,Windows,14.0,1920 x 1200,68200,72,30,80,80,55.5,64.7,72.6,65.1,62.2,Daily Use,Mid Budget,"Cocok untuk penggunaan harian seperti browsing, mengetik, meeting online, dan tugas ringan; Memiliki storage yang mendukung workflow lebih cepat"
Lenovo Legion 5 15ACH6 82JU018YIN Gaming Laptop,Lenovo,Ryzen 7 5800H,16,512,0,512,SSD,6 GB NVIDIA GeForce RTX 3060,Windows,15.6,1920 x 1080,117900,78,78,80,80,78.6,78.8,79.2,78.9,78.7,All-Rounder,High Budget,Cocok untuk penggunaan serbaguna karena kuat untuk gaming dan editing sekaligus; Cocok untuk programming dan multitasking; Memiliki storage yang mendukung workflow lebih cepat
Asus EeeBook E410KA-BV101WS Laptop,Asus,Pentium N6000,8,256,0,256,SSD,Intel Integrated UHD,Windows,14.1,1366 x 768,28990,27,25,55,65,36.0,39.2,47.1,41.1,37.7,Daily Use,Low Budget,"Cocok untuk penggunaan harian seperti browsing, mengetik, meeting online, dan tugas ringan"
Lenovo V14-IGL Laptop,Lenovo,Celeron N4020,4,0,1000,1000,HDD,Intel Integrated UHD,Windows,14.0,1920 x 1080,22999,22,25,30,70,31.75,31.95,41.1,34.35,31.7,Daily Use,Low Budget,"Cocok untuk penggunaan harian seperti browsing, mengetik, meeting online, dan tugas ringan"
Acer Nitro 5 AN515-45 Gaming Laptop,Acer,AMD Ryzen 5 5600H,8,512,0,512,SSD,4 GB NVIDIA GeForce GTX 1650,Windows,15.6,1920 x 1080,59990,72,58,55,80,64.35,65.45,69.15,65.85,65.6,Gaming,Mid Budget,Cocok untuk gaming karena memiliki GPU yang cukup kuat; Memiliki storage yang mendukung workflow lebih cepat
HP 14s-dy2508TU Laptop,HP,11th Gen Core i3,8,512,0,512,SSD,Intel Integrated UHD,Windows,14.0,1920 x 1080,39990,51,25,55,80,44.25,49.85,59.55,51.3,48.35,Daily Use,Low Budget,"Cocok untuk penggunaan harian seperti browsing, mengetik, meeting online, dan tugas ringan; Memiliki storage yang mendukung workflow lebih cepat"
Asus VivoBook Ultra K14 K413EA-EB523WS Laptop,Asus,11th Gen Core i5,16,512,0,512,SSD,Intel Integrated Iris Xe,Windows,14.0,1920 x 1080,60990,68,42,80,80,59.9,66.3,72.6,66.9,64.4,Editing,Mid Budget,"Cocok untuk editing karena memiliki CPU, RAM, dan storage yang mendukung; Memiliki storage yang mendukung workflow lebih cepat"
Xiaomi Notebook Pro 120G Laptop,Xiaomi,12th Gen Core i5,16,512,0,512,SSD,2 GB Nvidia MX550 Graphics,Windows,14.0,2560 x 1600,76490,71,46,80,80,62.45,68.35,73.9,68.8,66.65,Editing,Mid Budget,"Cocok untuk editing karena memiliki CPU, RAM, dan storage yang mendukung; Memiliki storage yang mendukung workflow lebih cepat"
Asus VivoBook Pro 15 OLED K6500ZE-L501WS Laptop,Asus,12th Gen Core i5,16,512,0,512,SSD,4 GB NVIDIA GeForce RTX 3050Ti,Windows,15.6,1920 x 1080,92772,71,70,80,80,73.25,74.35,76.3,74.8,73.85,Gaming,High Budget,Cocok untuk gaming karena memiliki GPU yang cukup kuat; Memiliki storage yang mendukung workflow lebih cepat
Dell Inspiron 7420 D560828WIN9S Laptop,Dell,12th Gen Core i5,16,512,0,512,SSD,Intel Iris Xe Graphics,Windows,14.0,1920 x 1200,80490,71,42,80,80,60.65,67.35,73.5,67.8,65.45,Editing,Mid Budget,"Cocok untuk editing karena memiliki CPU, RAM, dan storage yang mendukung; Memiliki storage yang mendukung workflow lebih cepat"
HP Spectre x360 13-ef0057TU Laptop,HP,12th Gen Core i5,16,512,0,512,SSD,Intel Iris X Graphics,Windows,13.5,1920 x 1280,108990,71,42,80,80,60.65,67.35,73.5,67.8,65.45,Editing,High Budget,"Cocok untuk editing karena memiliki CPU, RAM, dan storage yang mendukung; Memiliki storage yang mendukung workflow lebih cepat"
Dell G15-5521 SE D560738WIN9B Laptop,Dell,12th Gen Core i7,16,1000,0,1000,SSD,6 GB NVIDIA GeForce RTX 3060,Windows,15.6,2560 x 1440,137490,81,78,80,95,81.6,82.1,85.35,82.8,82.0,All-Rounder,High Budget,Cocok untuk penggunaan serbaguna karena kuat untuk gaming dan editing sekaligus; Cocok untuk programming dan multitasking; Cocok untuk AI ringan dan image processing; Memiliki storage yang mendukung workflow lebih cepat
Gigabyte Aorus 15 XE5 Gaming Laptop,Gigabyte,12th Gen Core i7,16,1000,0,1000,SSD,8 GB NVIDIA GeForce RTX 3070Ti,Windows,15.6,2560 x 1440,184900,81,84,80,95,84.3,83.6,85.95,84.3,83.8,All-Rounder,High Budget,Cocok untuk penggunaan serbaguna karena kuat untuk gaming dan editing sekaligus; Cocok untuk programming dan multitasking; Cocok untuk AI ringan dan image processing; Memiliki storage yang mendukung workflow lebih cepat
HP Spectre x360 16-f1009TX Laptop,HP,12th Gen Core i7,16,1000,0,1000,SSD,4 GB Intel Arc A370M 4GB VRAM Graphics,Windows,16.0,3840 x 2400,176990,81,60,80,95,73.5,77.6,83.55,78.3,76.6,Editing,High Budget,"Cocok untuk editing karena memiliki CPU, RAM, dan storage yang mendukung; Cocok untuk programming dan multitasking; Memiliki storage yang mendukung workflow lebih cepat"
Asus ROG Strix G17 G713RM-KH168W Gaming Laptop,Asus,AMD Ryzen 7 6800H,16,1000,0,1000,SSD,6 GB NVIDIA GeForce RTX 3060,Windows,17.3,1920 x 1080,129990,82,78,80,95,81.85,82.45,85.65,83.1,82.35,All-Rounder,High Budget,Cocok untuk penggunaan serbaguna karena kuat untuk gaming dan editing sekaligus; Cocok untuk programming dan multitasking; Cocok untuk AI ringan dan image processing; Memiliki storage yang mendukung workflow lebih cepat
HP Spectre x360 13-ef0052TU OLED Laptop,HP,12th Gen Core i5,8,512,0,512,SSD,Intel Iris Xe Graphics,Windows,13.5,3000 x 2000,110480,71,42,55,80,56.9,61.1,67.25,61.55,60.45,Daily Use,High Budget,"Cocok untuk penggunaan harian seperti browsing, mengetik, meeting online, dan tugas ringan; Memiliki storage yang mendukung workflow lebih cepat"
Gigabyte Aorus 15 XE4 Gaming Laptop,Gigabyte,12th Gen Core i7,16,1000,0,1000,SSD,8 GB NVIDIA GeForce RTX 3070Ti,Windows,15.6,2560 x 1440,179990,81,84,80,95,84.3,83.6,85.95,84.3,83.8,All-Rounder,High Budget,Cocok untuk penggunaan serbaguna karena kuat untuk gaming dan editing sekaligus; Cocok untuk programming dan multitasking; Cocok untuk AI ringan dan image processing; Memiliki storage yang mendukung workflow lebih cepat
Asus ROG Strix Scar 17 SE G733CX-LL013WS Gaming Laptop,Asus,12th Gen Core i9,32,2000,0,2000,SSD,16 GB NVIDIA GeForce RTX 3080 Ti,Windows,17.3,2560 x 1440,359990,95,92,95,100,94.4,95.0,96.45,95.25,94.85,All-Rounder,High Budget,Cocok untuk penggunaan serbaguna karena kuat untuk gaming dan editing sekaligus; Cocok untuk programming dan multitasking; Cocok untuk AI ringan dan image processing; Memiliki storage yang mendukung workflow lebih cepat
HP 255 G8 R3 Laptop,HP,AMD Ryzen 3,8,0,1000,1000,HDD,Missing,Windows,15.6,1920 x 1080,36600,45,35,55,70,45.75,48.75,55.25,50.0,47.75,Daily Use,Low Budget,"Cocok untuk penggunaan harian seperti browsing, mengetik, meeting online, dan tugas ringan"
HP Victus 15-fb0053AX Gaming Laptop,HP,Ryzen 7-5800H,16,512,0,512,SSD,4 GB NVIDIA GeForce RTX 3050,Windows,16.1,1920 x 1080,83099,78,70,80,80,75.0,76.8,78.4,76.9,76.3,All-Rounder,Mid Budget,Cocok untuk penggunaan serbaguna karena kuat untuk gaming dan editing sekaligus; Cocok untuk programming dan multitasking; Memiliki storage yang mendukung workflow lebih cepat
Acer Nitro AN515-57 Gaming Laptop,Acer,11th Gen Core i7,16,512,0,512,SSD,4 GB NVIDIA GeForce RTX 3050 Ti,Windows,15.6,1920 x 1080,82990,78,73,80,80,76.35,77.55,78.7,77.65,77.2,All-Rounder,Mid Budget,Cocok untuk penggunaan serbaguna karena kuat untuk gaming dan editing sekaligus; Cocok untuk programming dan multitasking; Memiliki storage yang mendukung workflow lebih cepat
Acer Nitro 5 AN515-58 Gaming Laptop,Acer,12th Gen Core i5,16,512,0,512,SSD,4 GB NVIDIA GeForce RTX 3050,Windows,15.6,1920 x 1080,82990,71,70,80,80,73.25,74.35,76.3,74.8,73.85,Gaming,Mid Budget,Cocok untuk gaming karena memiliki GPU yang cukup kuat; Memiliki storage yang mendukung workflow lebih cepat
Acer Nitro AN515-57 UN.QEHSI.003 Gaming Laptop,Acer,Intel Core i5,16,512,0,512,SSD,4 GB NVIDIA GeForce GTX 1650,Windows,15.6,1920 x 1080,62990,62,58,80,80,65.6,68.2,72.4,69.1,67.1,Gaming,Mid Budget,Cocok untuk gaming karena memiliki GPU yang cukup kuat; Memiliki storage yang mendukung workflow lebih cepat
Asus Vivobook 15 2022 X1502ZA-EZ511WS Laptop,Asus,12th Gen Core i5,16,512,0,512,SSD,Intel Iris Xe,Windows,15.6,1920 x 1080,64980,71,42,80,80,60.65,67.35,73.5,67.8,65.45,Editing,Mid Budget,"Cocok untuk editing karena memiliki CPU, RAM, dan storage yang mendukung; Memiliki storage yang mendukung workflow lebih cepat"
Asus ROG Zephyrus G15 2022 GA503RM-HQ030WS Gaming Laptop,Asus,AMD Ryzen 9 6900HS,16,1000,0,1000,SSD,6 GB NVIDIA GeForce RTX 3060,Windows,15.6,2560 x 1440,161990,88,78,80,95,83.35,84.55,87.45,84.9,84.45,All-Rounder,High Budget,Cocok untuk penggunaan serbaguna karena kuat untuk gaming dan editing sekaligus; Cocok untuk programming dan multitasking; Cocok untuk AI ringan dan image processing; Memiliki storage yang mendukung workflow lebih cepat
Asus Zenbook Flip 14 OLED UP5401ZA-KN711WS Laptop,Asus,12th Gen Core i7,16,1000,0,1000,SSD,Intel Integrated Iris Xe,Windows,14.0,2880 x 1800,146490,81,42,80,95,65.4,73.1,81.75,73.8,71.2,Editing,High Budget,"Cocok untuk editing karena memiliki CPU, RAM, dan storage yang mendukung; Cocok untuk programming dan multitasking; Memiliki storage yang mendukung workflow lebih cepat"
Asus ProArt StudioBook Pro 16 H7600ZM-L901WS Laptop,Asus,12th Gen Core i9,16,1000,0,1000,SSD,6 GB NVIDIA GeForce RTX 3060,Windows,16.0,3840 x 2400,217490,95,78,80,95,85.1,87.0,89.55,87.0,86.9,All-Rounder,High Budget,Cocok untuk penggunaan serbaguna karena kuat untuk gaming dan editing sekaligus; Cocok untuk programming dan multitasking; Cocok untuk AI ringan dan image processing; Memiliki storage yang mendukung workflow lebih cepat
Asus ROG Zephyrus G15 GA503RM-LN095WS Gaming Laptop,Asus,AMD Ryzen 9 6900HS,16,1000,0,1000,SSD,6 GB NVIDIA GeForce RTX 3060,Windows,15.6,2560 x 1440,164990,88,78,80,95,83.35,84.55,87.45,84.9,84.45,All-Rounder,High Budget,Cocok untuk penggunaan serbaguna karena kuat untuk gaming dan editing sekaligus; Cocok untuk programming dan multitasking; Cocok untuk AI ringan dan image processing; Memiliki storage yang mendukung workflow lebih cepat
Asus ProArt StudioBook Pro 16 H7600ZW-L711WS Laptop,Asus,12th Gen Core i7,32,1000,0,1000,SSD,8 GB NVIDIA GeForce RTX 3070 Ti,Windows,16.0,3840 x 2400,238121,81,86,95,95,87.45,87.85,89.9,88.55,87.4,All-Rounder,High Budget,Cocok untuk penggunaan serbaguna karena kuat untuk gaming dan editing sekaligus; Cocok untuk programming dan multitasking; Cocok untuk AI ringan dan image processing; Memiliki storage yang mendukung workflow lebih cepat
MSI Stealth GS77 12UGS Gaming Laptop,MSI,12th Gen Core i7,32,2000,0,2000,SSD,8 GB NVIDIA GeForce RTX 3070Ti,Windows,17.3,2560 x 1440,308990,81,84,95,100,87.3,88.1,91.45,89.05,87.55,All-Rounder,High Budget,Cocok untuk penggunaan serbaguna karena kuat untuk gaming dan editing sekaligus; Cocok untuk programming dan multitasking; Cocok untuk AI ringan dan image processing; Memiliki storage yang mendukung workflow lebih cepat
Asus ProArt StudioBook Pro 16 OLED H7600ZW-L911W Laptop,Asus,12th Gen Core i9,32,1000,0,1000,SSD,8 GB NVIDIA GeForce RTX 3070,Windows,16.0,3840 x 2400,249990,95,84,95,95,90.05,92.25,93.9,92.25,91.7,All-Rounder,High Budget,Cocok untuk penggunaan serbaguna karena kuat untuk gaming dan editing sekaligus; Cocok untuk programming dan multitasking; Cocok untuk AI ringan dan image processing; Memiliki storage yang mendukung workflow lebih cepat
Gigabyte Aorus 5 KE4 Gaming Laptop,Gigabyte,12th Gen Core i7,16,1000,0,1000,SSD,6 GB NVIDIA GeForce RTX 3060,Windows,15.6,1920 x 1080,185000,81,78,80,95,81.6,82.1,85.35,82.8,82.0,All-Rounder,High Budget,Cocok untuk penggunaan serbaguna karena kuat untuk gaming dan editing sekaligus; Cocok untuk programming dan multitasking; Cocok untuk AI ringan dan image processing; Memiliki storage yang mendukung workflow lebih cepat
Dell Latitude 3420 Laptop,Dell,11th Gen Core i3,4,256,0,256,SSD,Intel UHD Graphics,Ubuntu,14.0,1366 x 768,34800,51,25,30,65,38.25,41.35,48.05,42.05,41.1,Daily Use,Low Budget,"Cocok untuk penggunaan harian seperti browsing, mengetik, meeting online, dan tugas ringan"
Dell Latitude 3420 Laptop,Dell,11th Gen Core i3,4,256,1000,256,SSD,Intel UHD Graphics,Ubuntu,14.0,1366 x 768,41500,51,25,30,65,38.25,41.35,48.05,42.05,41.1,Daily Use,Low Budget,"Cocok untuk penggunaan harian seperti browsing, mengetik, meeting online, dan tugas ringan"
HP 250 G8 64Q91PA Laptop,HP,11th Gen Core i5,8,0,1000,1000,HDD,Intel Integrated,Windows,15.6,1366 x 768,64000,68,25,55,70,47.0,54.3,61.15,54.4,52.8,Daily Use,Mid Budget,"Cocok untuk penggunaan harian seperti browsing, mengetik, meeting online, dan tugas ringan"
Dell Latitude 3420 Laptop,Dell,11th Gen Core i3,4,512,0,512,SSD,Intel UHD Graphics,Ubuntu,14.0,1366 x 768,42000,51,25,30,80,40.5,43.6,53.3,45.05,43.35,Daily Use,Low Budget,"Cocok untuk penggunaan harian seperti browsing, mengetik, meeting online, dan tugas ringan; Memiliki storage yang mendukung workflow lebih cepat"
Lenovo IdeaPad Gaming 3 15ACH6 82K201Y8IN Laptop,Lenovo,AMD Ryzen 7-5800H,8,512,0,512,SSD,4 GB NVIDIA GeForce RTX 3050,Windows,15.6,1920 x 1080,73590,78,70,55,80,71.25,70.55,72.15,70.65,71.3,Gaming,Mid Budget,Cocok untuk gaming karena memiliki GPU yang cukup kuat; Memiliki storage yang mendukung workflow lebih cepat
Acer Aspire 3 A314-35 UN.K0SSI.033 Laptop,Acer, Pentium Silver N6000,8,256,0,256,SSD,Intel Integrated UHD Graphics,Windows,14.0,1366 x 768,24990,30,25,55,65,36.75,40.25,48.0,42.0,38.75,Daily Use,Low Budget,"Cocok untuk penggunaan harian seperti browsing, mengetik, meeting online, dan tugas ringan"
Asus VivoBook 15 X515JA-EJ552WS Laptop,Asus,10th Gen Core i5,8,512,0,512,SSD,Intel Integrated UHD,Windows,15.6,1920 x 1080,50000,65,25,55,80,47.75,54.75,63.75,55.5,53.25,Daily Use,Low Budget,"Cocok untuk penggunaan harian seperti browsing, mengetik, meeting online, dan tugas ringan; Memiliki storage yang mendukung workflow lebih cepat"
MSI Vector GP66 12UGSO-623IN Gaming Laptop,MSI,12th Gen Core i7,16,1000,0,1000,SSD,8 GB NVIDIA GeForce RTX 3070Ti,Windows,15.6,2560 x 1440,212990,81,84,80,95,84.3,83.6,85.95,84.3,83.8,All-Rounder,High Budget,Cocok untuk penggunaan serbaguna karena kuat untuk gaming dan editing sekaligus; Cocok untuk programming dan multitasking; Cocok untuk AI ringan dan image processing; Memiliki storage yang mendukung workflow lebih cepat
Acer Aspire 3 A314-35 UN.K0SSI.030 Laptop,Acer, Pentium Silver N6000,4,256,0,256,SSD,Intel Integrated UHD Graphics,Windows,14.0,1366 x 768,22990,30,25,30,65,33.0,34.0,41.75,35.75,33.75,Daily Use,Low Budget,"Cocok untuk penggunaan harian seperti browsing, mengetik, meeting online, dan tugas ringan"
MSI Vector GP66 GP76-12UGSO Gaming Laptop,MSI,12th Gen Core i7,16,1000,0,1000,SSD,8 GB NVIDIA GeForce RTX 3070Ti,Windows,17.3,1920 x 1080,205000,81,84,80,95,84.3,83.6,85.95,84.3,83.8,All-Rounder,High Budget,Cocok untuk penggunaan serbaguna karena kuat untuk gaming dan editing sekaligus; Cocok untuk programming dan multitasking; Cocok untuk AI ringan dan image processing; Memiliki storage yang mendukung workflow lebih cepat
Asus ZenBook Pro Duo 14 OLED UX8402ZA-LM711WS Laptop,Asus,12th Gen Core i7,16,1000,0,1000,SSD,Intel Integrated Iris Xe,Windows,14.5,2880 x 1800,149990,81,42,80,95,65.4,73.1,81.75,73.8,71.2,Editing,High Budget,"Cocok untuk editing karena memiliki CPU, RAM, dan storage yang mendukung; Cocok untuk programming dan multitasking; Memiliki storage yang mendukung workflow lebih cepat"
Asus ZenBook Pro Duo 14 OLED UX8402ZE-LM921WS Laptop,Asus,12th Gen Core i9,32,1000,0,1000,SSD,4 GB NVIDIA GeForce RTX 3050 Ti,Windows,14.5,2880 x 1800,179990,95,73,95,95,85.1,89.5,92.8,89.5,88.4,All-Rounder,High Budget,Cocok untuk penggunaan serbaguna karena kuat untuk gaming dan editing sekaligus; Cocok untuk programming dan multitasking; Cocok untuk AI ringan dan image processing; Memiliki storage yang mendukung workflow lebih cepat
Asus ZenBook Pro Duo 14 OLED 2022 UX8402ZA-M501WS Laptop,Asus,12th Gen Core i5,16,512,0,512,SSD,Intel Integrated Iris Xe,Windows,14.5,2880 x 1800,118299,71,42,80,80,60.65,67.35,73.5,67.8,65.45,Editing,High Budget,"Cocok untuk editing karena memiliki CPU, RAM, dan storage yang mendukung; Memiliki storage yang mendukung workflow lebih cepat"
Dell Inspiron 3525 D560831WIN9SE Laptop,Dell,AMD Ryzen 3 3250U,8,256,0,256,SSD,AMD Radeon AMD,Windows,15.6,1920 x 1080,36680,32,30,55,65,39.5,42.2,49.1,43.85,40.95,Daily Use,Low Budget,"Cocok untuk penggunaan harian seperti browsing, mengetik, meeting online, dan tugas ringan"
Asus TUF Gaming A15 2022 FA577RM-HF031WS Gaming Laptop,Asus,AMD Ryzen 7 6800H,16,1000,0,1000,SSD,6 GB NVIDIA GeForce RTX 3060,Windows,15.6,1920 x 1080,115990,82,78,80,95,81.85,82.45,85.65,83.1,82.35,All-Rounder,High Budget,Cocok untuk penggunaan serbaguna karena kuat untuk gaming dan editing sekaligus; Cocok untuk programming dan multitasking; Cocok untuk AI ringan dan image processing; Memiliki storage yang mendukung workflow lebih cepat
Dell Alienware x15 R2 D569941WIN9 Gaming Laptop,Dell,12th Gen Core i7,32,1000,0,1000,SSD,8 GB NVIDIA GEFORCE RTX 3070 Ti,Windows,15.6,1920 x 1080,280490,81,86,95,95,87.45,87.85,89.9,88.55,87.4,All-Rounder,High Budget,Cocok untuk penggunaan serbaguna karena kuat untuk gaming dan editing sekaligus; Cocok untuk programming dan multitasking; Cocok untuk AI ringan dan image processing; Memiliki storage yang mendukung workflow lebih cepat
HP Victus 15-fa0353TX Laptop,HP,12th Gen Core i7,16,512,0,512,SSD,4 GB NVIDIA GeForce RTX 3050,Windows,15.6,1920 x 1080,90990,81,70,80,80,75.75,77.85,79.3,77.8,77.35,All-Rounder,High Budget,Cocok untuk penggunaan serbaguna karena kuat untuk gaming dan editing sekaligus; Cocok untuk programming dan multitasking; Cocok untuk AI ringan dan image processing; Memiliki storage yang mendukung workflow lebih cepat
HP Spectre x360 13-ef0054TU Laptop,HP,12th Gen Core i7,16,1000,0,1000,SSD,Intel Iris Xe Graphics,Windows,13.5,3000 x 2000,150480,81,42,80,95,65.4,73.1,81.75,73.8,71.2,Editing,High Budget,"Cocok untuk editing karena memiliki CPU, RAM, dan storage yang mendukung; Cocok untuk programming dan multitasking; Memiliki storage yang mendukung workflow lebih cepat"
Lenovo IdeaPad Gaming 3 15IAH7 82S900RAIN Laptop,Lenovo,12th Gen Core i5,16,512,0,512,SSD,4 GB NVIDIA GeForce RTX 3050,Windows,15.6,1920 x 1080,89990,71,70,80,80,73.25,74.35,76.3,74.8,73.85,Gaming,High Budget,Cocok untuk gaming karena memiliki GPU yang cukup kuat; Memiliki storage yang mendukung workflow lebih cepat
Lenovo IdeaPad Gaming 3 82K201YCIN Laptop,Lenovo,AMD Ryzen 5-5600H,8,512,0,512,SSD,4 GB NVIDIA GeForce GTX 1650,Windows,15.6,1920 x 1080,66489,72,58,55,80,64.35,65.45,69.15,65.85,65.6,Gaming,Mid Budget,Cocok untuk gaming karena memiliki GPU yang cukup kuat; Memiliki storage yang mendukung workflow lebih cepat
Asus VivoBook 14 X415EA-EK322WS Notebook,Asus,11th Gen Core i3,8,512,0,512,SSD,Intel Integrated Intel UHD,Windows,14.0,1920 x 1080,38490,51,25,55,80,44.25,49.85,59.55,51.3,48.35,Daily Use,Low Budget,"Cocok untuk penggunaan harian seperti browsing, mengetik, meeting online, dan tugas ringan; Memiliki storage yang mendukung workflow lebih cepat"
Acer Aspire 3 A315-23 UN.HVTSI.015 Laptop,Acer,AMD Ryzen 5 3500U,8,512,0,512,SSD,AMD Radeon AMD,Windows,15.6,1920 x 1080,38994,45,30,55,80,45.0,49.0,58.25,50.75,47.75,Daily Use,Low Budget,"Cocok untuk penggunaan harian seperti browsing, mengetik, meeting online, dan tugas ringan; Memiliki storage yang mendukung workflow lebih cepat"
Acer Aspire 3 A315-23 UN.HVTSI.010 Laptop,Acer,AMD Ryzen 3 3250U,8,512,0,512,SSD,AMD Radeon AMD,Windows,15.6,1920 x 1080,34490,32,30,55,80,41.75,44.45,54.35,46.85,43.2,Daily Use,Low Budget,"Cocok untuk penggunaan harian seperti browsing, mengetik, meeting online, dan tugas ringan; Memiliki storage yang mendukung workflow lebih cepat"
Asus ROG Strix G15 2022 G513RW-HQ149WS Gaming Laptop,Asus,AMD Ryzen 9 6900HX,16,1000,0,1000,SSD,8 GB NVIDIA GeForce RTX 3070 Ti,Windows,15.6,2560 x 1440,174990,90,86,80,95,87.45,87.25,88.85,87.5,87.55,All-Rounder,High Budget,Cocok untuk penggunaan serbaguna karena kuat untuk gaming dan editing sekaligus; Cocok untuk programming dan multitasking; Cocok untuk AI ringan dan image processing; Memiliki storage yang mendukung workflow lebih cepat
Asus ROG Strix G15 2022 G513RS-HQ024WS Gaming Laptop,Asus,AMD Ryzen 9 6900HX,16,1000,0,1000,SSD,8 GB NVIDIA GeForce RTX 3080,Windows,15.6,2560 x 1440,186000,90,88,80,95,88.35,87.75,89.05,88.0,88.15,All-Rounder,High Budget,Cocok untuk penggunaan serbaguna karena kuat untuk gaming dan editing sekaligus; Cocok untuk programming dan multitasking; Cocok untuk AI ringan dan image processing; Memiliki storage yang mendukung workflow lebih cepat
Dell Inspiron 5410 ICC-C782512WIN8 Laptop,Dell,11th Gen Core i5,8,512,0,512,SSD,Intel Integrated Iris Xe,Windows,14.0,1920 x 1080,65600,68,42,55,80,56.15,60.05,66.35,60.65,59.4,Daily Use,Mid Budget,"Cocok untuk penggunaan harian seperti browsing, mengetik, meeting online, dan tugas ringan; Memiliki storage yang mendukung workflow lebih cepat"
Lenovo IdeaPad Slim 3 82RK00EDIN Laptop,Lenovo,12th Gen Core i5,8,512,0,512,SSD,‎Intel UHD Graphics,Windows,15.6,1920 x 1080,62390,71,25,55,80,49.25,56.85,65.55,57.3,55.35,Daily Use,Mid Budget,"Cocok untuk penggunaan harian seperti browsing, mengetik, meeting online, dan tugas ringan; Memiliki storage yang mendukung workflow lebih cepat"
Acer Aspire 3 A315-58 Laptop,Acer,11th Gen Core i5,16,512,0,512,SSD,Intel Iris Xe,Windows,15.6,1920 x 1080,53990,68,42,80,80,59.9,66.3,72.6,66.9,64.4,Editing,Low Budget,"Cocok untuk editing karena memiliki CPU, RAM, dan storage yang mendukung; Memiliki storage yang mendukung workflow lebih cepat"
Acer Nitro 5 AN515-58 Laptop,Acer,12th Gen Core i7,16,1000,0,1000,SSD,6 GB NVIDIA GeForce RTX 3060,Windows,15.6,2560 x 1440,124990,81,78,80,95,81.6,82.1,85.35,82.8,82.0,All-Rounder,High Budget,Cocok untuk penggunaan serbaguna karena kuat untuk gaming dan editing sekaligus; Cocok untuk programming dan multitasking; Cocok untuk AI ringan dan image processing; Memiliki storage yang mendukung workflow lebih cepat
LG Gram 14 14Z90Q-G.AJ56A2 Laptop,LG,12th Gen Core i5,8,512,0,512,SSD,Intel Iris Xe Graphics,Windows,14.0,1200 x 1920,91490,71,42,55,80,56.9,61.1,67.25,61.55,60.45,Daily Use,High Budget,"Cocok untuk penggunaan harian seperti browsing, mengetik, meeting online, dan tugas ringan; Memiliki storage yang mendukung workflow lebih cepat"
Dell Alienware X17 R2 D569943WIN9 Gaming Laptop,Dell,12th Gen Core i7,32,1000,0,1000,SSD,8 GB NVIDIA GEFORCE RTX 3070 Ti,Windows,17.3,1920 x 1080,300490,81,86,95,95,87.45,87.85,89.9,88.55,87.4,All-Rounder,High Budget,Cocok untuk penggunaan serbaguna karena kuat untuk gaming dan editing sekaligus; Cocok untuk programming dan multitasking; Cocok untuk AI ringan dan image processing; Memiliki storage yang mendukung workflow lebih cepat
Asus TUF Gaming A17 FA706IHR-HX031W Gaming Laptop,Asus,AMD Ryzen 5 4600H,8,512,0,512,SSD,4 GB NVIDIA GeForce GTX 1650,Windows,17.3,1920 x 1080,70000,65,58,55,80,62.6,63.0,67.05,63.75,63.15,Gaming,Mid Budget,Cocok untuk gaming karena memiliki GPU yang cukup kuat; Memiliki storage yang mendukung workflow lebih cepat
Asus ROG Strix G15 2022 G513RW-HQ137WS Gaming Laptop,Asus,AMD Ryzen 9 6900HX,16,1000,0,1000,SSD,8 GB NVIDIA GeForce RTX 3070 Ti,Windows,15.6,2560 x 1440,174990,90,86,80,95,87.45,87.25,88.85,87.5,87.55,All-Rounder,High Budget,Cocok untuk penggunaan serbaguna karena kuat untuk gaming dan editing sekaligus; Cocok untuk programming dan multitasking; Cocok untuk AI ringan dan image processing; Memiliki storage yang mendukung workflow lebih cepat
Lenovo Thinkbook 14 Gen 2 20VD011CIH Laptop,Lenovo,11th Gen Core i5,8,512,0,512,SSD,Intel Iris Xe Graphics,Windows,14.0,1920 x 1080,70900,68,42,55,80,56.15,60.05,66.35,60.65,59.4,Daily Use,Mid Budget,"Cocok untuk penggunaan harian seperti browsing, mengetik, meeting online, dan tugas ringan; Memiliki storage yang mendukung workflow lebih cepat"
Asus ROG Strix G15 G513RM-HF328WS Gaming Laptop,Asus,Ryzen 7 6800H,16,1000,0,1000,SSD,6 GB NVIDIA GeForce RTX 3060,Windows,15.6,1920 x 1080,137990,82,78,80,95,81.85,82.45,85.65,83.1,82.35,All-Rounder,High Budget,Cocok untuk penggunaan serbaguna karena kuat untuk gaming dan editing sekaligus; Cocok untuk programming dan multitasking; Cocok untuk AI ringan dan image processing; Memiliki storage yang mendukung workflow lebih cepat
HP Victus 15-fa0351TX Laptop,HP,12th Gen Core i7,8,512,0,512,SSD,4 GB NVIDIA GeForce RTX 3050,Windows,15.6,1920 x 1080,88570,81,70,55,80,72.0,71.6,73.05,71.55,72.35,Gaming,High Budget,Cocok untuk gaming karena memiliki GPU yang cukup kuat; Cocok untuk AI ringan dan image processing; Memiliki storage yang mendukung workflow lebih cepat
HP 15s-eq1561AU Laptop,HP,AMD Ryzen 3 3250U,8,256,0,256,SSD,AMD Radeon Radeon,Windows,15.6,1366 x 768,29997,32,30,55,65,39.5,42.2,49.1,43.85,40.95,Daily Use,Low Budget,"Cocok untuk penggunaan harian seperti browsing, mengetik, meeting online, dan tugas ringan"
Asus ROG Zephyrus M16 GU603ZM-K8034WS Laptop,Asus,12th Gen Core i7,16,512,0,512,SSD,6 GB ‎NVIDIA GeForce RTX 3060,Windows,16.0,2560 x 1600,174990,81,78,80,80,79.35,79.85,80.1,79.8,79.75,All-Rounder,High Budget,Cocok untuk penggunaan serbaguna karena kuat untuk gaming dan editing sekaligus; Cocok untuk programming dan multitasking; Cocok untuk AI ringan dan image processing; Memiliki storage yang mendukung workflow lebih cepat
Asus TUF Gaming F15 FX506HC-HN119W Gaming Laptop,Asus,11th Gen Core i5,8,1000,0,1000,SSD,4 GB NVIDIA GeForce RTX 3050,Windows,15.6,1920 x 1080,85990,68,70,55,95,71.0,69.3,74.4,70.65,70.05,Gaming,Mid Budget,Cocok untuk gaming karena memiliki GPU yang cukup kuat; Memiliki storage yang mendukung workflow lebih cepat
Asus ROG Strix G15 G513QR-HF302WS Gaming Laptop,Asus,Ryzen 7 5800H,16,1000,0,1000,SSD,8 GB NVIDIA GeForce RTX 3070,Windows,15.6,1920 x 1080,146990,78,84,80,95,83.55,82.55,85.05,83.4,82.75,All-Rounder,High Budget,Cocok untuk penggunaan serbaguna karena kuat untuk gaming dan editing sekaligus; Cocok untuk programming dan multitasking; Memiliki storage yang mendukung workflow lebih cepat
HP Pavilion x360 14-dy0212TU Laptop,HP,11th Gen Core i3,8,256,0,256,SSD,Intel Integrated Iris Xe Graphics,Windows,14.0,1366 x 768,46999,51,42,55,65,49.65,51.85,56.0,52.55,51.2,Daily Use,Low Budget,"Cocok untuk penggunaan harian seperti browsing, mengetik, meeting online, dan tugas ringan"
Lenovo IdeaPad Slim 3 81X800LAIN Laptop,Lenovo,11th Gen Core i3,8,512,0,512,SSD,Intel Integrated UHD Graphics,Windows,15.6,1920 x 1080,39650,51,25,55,80,44.25,49.85,59.55,51.3,48.35,Daily Use,Low Budget,"Cocok untuk penggunaan harian seperti browsing, mengetik, meeting online, dan tugas ringan; Memiliki storage yang mendukung workflow lebih cepat"
Lenovo Thinkpad P15s 20W7S1H800 Laptop,Lenovo,11th Gen Core i7,32,1000,0,1000,SSD,4 GB  Nvidia Quadro T500,Windows,15.6,1920 x 1080,168500,78,35,95,95,63.75,74.05,83.9,74.9,71.05,Editing,High Budget,"Cocok untuk editing karena memiliki CPU, RAM, dan storage yang mendukung; Cocok untuk programming dan multitasking; Memiliki storage yang mendukung workflow lebih cepat"
HP 14s-dq3037tu Laptop,HP,Intel Celeron N4500,8,256,0,256,SSD,Intel Integrated UHD Graphics,Windows,14.0,1366 x 768,25521,25,25,55,65,35.5,38.5,46.5,40.5,37.0,Daily Use,Low Budget,"Cocok untuk penggunaan harian seperti browsing, mengetik, meeting online, dan tugas ringan"
HP Pavilion x360 14-ek0088TU Laptop,HP,12th Gen Core i7,16,512,0,512,SSD,Intel Iris Xe Graphics,Windows,14.0,1920 x 1080,89990,81,42,80,80,63.15,70.85,76.5,70.8,68.95,Editing,High Budget,"Cocok untuk editing karena memiliki CPU, RAM, dan storage yang mendukung; Cocok untuk programming dan multitasking; Memiliki storage yang mendukung workflow lebih cepat"
Asus Vivobook S14 Flip 2022 TN3402QA-LZ511WS Laptop,Asus,AMD Ryzen 5-5600H,16,512,0,512,SSD,AMD Radeon Graphics,Windows,14.0,1920 x 1200,72990,72,30,80,80,55.5,64.7,72.6,65.1,62.2,Daily Use,Mid Budget,"Cocok untuk penggunaan harian seperti browsing, mengetik, meeting online, dan tugas ringan; Memiliki storage yang mendukung workflow lebih cepat"
Acer Aspire 7 A715-42G UN.QAYSI.006 Gaming Laptop,Acer,AMD Ryzen 5-5500U,16,512,0,512,SSD,4 GB NVIDIA GeForce GTX 1650,Windows,15.6,1920 x 1080,56990,62,58,80,80,65.6,68.2,72.4,69.1,67.1,Gaming,Mid Budget,Cocok untuk gaming karena memiliki GPU yang cukup kuat; Memiliki storage yang mendukung workflow lebih cepat
Acer Aspire 3 A314-22 NX.HVVSI.007 Laptop,Acer,AMD 3020e,4,0,1000,1000,HDD,AMD Radeon AMD,Windows,14.0,1366 x 768,22449,35,30,30,70,37.25,37.75,45.5,39.5,37.75,Daily Use,Low Budget,"Cocok untuk penggunaan harian seperti browsing, mengetik, meeting online, dan tugas ringan"
Dell Inspiron 3525 Laptop,Dell,AMD Ryzen 3 3250U,8,256,1000,256,SSD,AMD Radeon Radeon Graphics,Windows,15.6,1920 x 1080,47990,32,30,55,65,39.5,42.2,49.1,43.85,40.95,Daily Use,Low Budget,"Cocok untuk penggunaan harian seperti browsing, mengetik, meeting online, dan tugas ringan"
Lenovo ThinkPad T14  20W0S1HW00 Laptop,Lenovo,11th Gen Core i7,16,512,0,512,SSD,2 GB NVIDIA MX450,Windows,14.0,1920 x 1080,153970,78,44,80,80,63.3,70.3,75.8,70.4,68.5,Editing,High Budget,"Cocok untuk editing karena memiliki CPU, RAM, dan storage yang mendukung; Cocok untuk programming dan multitasking; Memiliki storage yang mendukung workflow lebih cepat"
Lenovo Ideapad Gaming 3 82K201UMIN Laptop,Lenovo,Ryzen 7 5800H,16,512,0,512,SSD,4 GB NVIDIA GeForce RTX 3050,Windows,15.6,1920 x 1080,79990,78,70,80,80,75.0,76.8,78.4,76.9,76.3,All-Rounder,Mid Budget,Cocok untuk penggunaan serbaguna karena kuat untuk gaming dan editing sekaligus; Cocok untuk programming dan multitasking; Memiliki storage yang mendukung workflow lebih cepat
Dell Vostro 5625 laptop,Dell,AMD Ryzen 7-5825U,16,512,0,512,SSD,AMD Radeon,Windows,16.0,1920 x 1200,70990,72,30,80,80,55.5,64.7,72.6,65.1,62.2,Daily Use,Mid Budget,"Cocok untuk penggunaan harian seperti browsing, mengetik, meeting online, dan tugas ringan; Memiliki storage yang mendukung workflow lebih cepat"
Asus Vivobook Pro 15 M3500QC-L901WS Gaming Laptop,Asus,Ryzen 9 5900HX,16,1000,0,1000,SSD,4 GB NVIDIA GeForce RTX RTX 3050,Windows,15.6,1920 x 1080,90990,84,70,80,95,78.75,81.15,85.45,81.7,80.65,All-Rounder,High Budget,Cocok untuk penggunaan serbaguna karena kuat untuk gaming dan editing sekaligus; Cocok untuk programming dan multitasking; Cocok untuk AI ringan dan image processing; Memiliki storage yang mendukung workflow lebih cepat
Lenovo IdeaPad 3 82RK0064IN Laptop,Lenovo,12th Gen Core i5,8,512,0,512,SSD,Intel UHD Graphics,Windows,15.6,1920 x 1080,58099,71,25,55,80,49.25,56.85,65.55,57.3,55.35,Daily Use,Mid Budget,"Cocok untuk penggunaan harian seperti browsing, mengetik, meeting online, dan tugas ringan; Memiliki storage yang mendukung workflow lebih cepat"
Lenovo IdeaPad Gaming 3 82K101A4IN Laptop,Lenovo,11th Gen Core i5,8,512,0,512,SSD,4 GB NVIDIA GeForce GTX 1650,Windows,15.6,1920 x 1080,63990,68,58,55,80,63.35,64.05,67.95,64.65,64.2,Gaming,Mid Budget,Cocok untuk gaming karena memiliki GPU yang cukup kuat; Memiliki storage yang mendukung workflow lebih cepat
Fujitsu UH-X FPC01319LK Laptop,Fujitsu,11th Gen Core i5,16,512,0,512,SSD,Intel Iris Xe Graphics,Windows,13.3,1920 x 1080,82994,68,42,80,80,59.9,66.3,72.6,66.9,64.4,Editing,Mid Budget,"Cocok untuk editing karena memiliki CPU, RAM, dan storage yang mendukung; Memiliki storage yang mendukung workflow lebih cepat"
Fujitsu UH-X FPC02568LK Laptop,Fujitsu,11th Gen Core i5,16,512,0,512,SSD,Intel Iris Xe Graphics,Windows,13.3,1920 x 1080,73494,68,42,80,80,59.9,66.3,72.6,66.9,64.4,Editing,Mid Budget,"Cocok untuk editing karena memiliki CPU, RAM, dan storage yang mendukung; Memiliki storage yang mendukung workflow lebih cepat"
Fujitsu CH FPC02548LK Laptop,Fujitsu,11th Gen Core i5,16,512,0,512,SSD,Intel Iris Xe Graphics,Windows,13.3,1920 x 1080,54490,68,42,80,80,59.9,66.3,72.6,66.9,64.4,Editing,Low Budget,"Cocok untuk editing karena memiliki CPU, RAM, dan storage yang mendukung; Memiliki storage yang mendukung workflow lebih cepat"
Fujitsu UH-X FPC02569LK Laptop,Fujitsu,11th Gen Core i7,16,512,0,512,SSD,Intel Iris Xe Graphics,Windows,13.3,1920 x 1080,82994,78,42,80,80,62.4,69.8,75.6,69.9,67.9,Editing,Mid Budget,"Cocok untuk editing karena memiliki CPU, RAM, dan storage yang mendukung; Cocok untuk programming dan multitasking; Memiliki storage yang mendukung workflow lebih cepat"
Dell Alienware M15 ICC-C780002WIN8 Laptop,Dell, AMD Ryzen 7-5800H,16,512,0,512,SSD,4 GB NVIDIA GeForce RTX 3050Ti,Windows,15.6,1920 x 1080,131699,78,70,80,80,75.0,76.8,78.4,76.9,76.3,All-Rounder,High Budget,Cocok untuk penggunaan serbaguna karena kuat untuk gaming dan editing sekaligus; Cocok untuk programming dan multitasking; Memiliki storage yang mendukung workflow lebih cepat
Lenovo IdeaPad Gaming 3 82K1019AIN Laptop,Lenovo,11th Gen Core i5,8,256,1000,256,SSD,4 GB NVIDIA GeForce RTX 3050,Windows,15.6,1920 x 1080,64990,68,70,55,65,66.5,64.8,63.9,64.65,65.55,Gaming,Mid Budget,Cocok untuk gaming karena memiliki GPU yang cukup kuat
HP Spectre X360 16-f1003TU Laptop,HP,12th Gen Core i7,16,512,0,512,SSD,Intel Iris X Graphics,Windows,16.0,3072 x 1920,138999,81,42,80,80,63.15,70.85,76.5,70.8,68.95,Editing,High Budget,"Cocok untuk editing karena memiliki CPU, RAM, dan storage yang mendukung; Cocok untuk programming dan multitasking; Memiliki storage yang mendukung workflow lebih cepat"
HP Pavilion 14-eh0021TU Laptop,HP,12th Gen Core i5,16,512,0,512,SSD,Intel Iris Xe Graphics,Windows,14.0,2240 x 1400,74990,71,42,80,80,60.65,67.35,73.5,67.8,65.45,Editing,Mid Budget,"Cocok untuk editing karena memiliki CPU, RAM, dan storage yang mendukung; Memiliki storage yang mendukung workflow lebih cepat"
HP Victus 15-fa0073TX Laptop,HP,12th Gen Core i7,8,512,0,512,SSD,4 GB NVIDIA GeForce RTX 3050,Windows,15.6,1920 x 1080,85990,81,70,55,80,72.0,71.6,73.05,71.55,72.35,Gaming,Mid Budget,Cocok untuk gaming karena memiliki GPU yang cukup kuat; Cocok untuk AI ringan dan image processing; Memiliki storage yang mendukung workflow lebih cepat
HP Pavilion 14-eh0025TU Laptop,HP,12th Gen Core i5,16,512,0,512,SSD,Intel Iris Xe Graphics,Windows,14.0,2240 x 1400,73500,71,42,80,80,60.65,67.35,73.5,67.8,65.45,Editing,Mid Budget,"Cocok untuk editing karena memiliki CPU, RAM, dan storage yang mendukung; Memiliki storage yang mendukung workflow lebih cepat"
Lenovo Yoga 7 Flip 82QE009SIN Laptop,Lenovo,12th Gen Core i7,16,512,0,512,SSD,Intel Iris Xe Graphics,Windows,14.0,2880 x 1800,112990,81,42,80,80,63.15,70.85,76.5,70.8,68.95,Editing,High Budget,"Cocok untuk editing karena memiliki CPU, RAM, dan storage yang mendukung; Cocok untuk programming dan multitasking; Memiliki storage yang mendukung workflow lebih cepat"
Lenovo IdeaPad Gaming 3 15ACH6 82K201UXIN Laptop,Lenovo,Ryzen 7 5800H,16,512,0,512,SSD,6 GB NVIDIA GeForce RTX 3060,Windows,15.6,1920 x 1080,109990,78,78,80,80,78.6,78.8,79.2,78.9,78.7,All-Rounder,High Budget,Cocok untuk penggunaan serbaguna karena kuat untuk gaming dan editing sekaligus; Cocok untuk programming dan multitasking; Memiliki storage yang mendukung workflow lebih cepat
Acer Aspire 5 NX.K6SSI.002 Laptop,Acer,12th Gen Core i3,8,512,0,512,SSD,Intel UHD,Windows,15.6,1920 x 1080,40990,54,25,55,80,45.0,50.9,60.45,52.2,49.4,Daily Use,Low Budget,"Cocok untuk penggunaan harian seperti browsing, mengetik, meeting online, dan tugas ringan; Memiliki storage yang mendukung workflow lebih cepat"
Asus TUF Gaming F15 FX506HC-HN362WS Gaming Laptop,Asus,11th Gen Core i5,16,512,0,512,SSD,4 GB NVIDIA GeForce RTX 3050,Windows,15.6,1920 x 1080,76990,68,70,80,80,72.5,73.3,75.4,73.9,72.8,Gaming,Mid Budget,Cocok untuk gaming karena memiliki GPU yang cukup kuat; Memiliki storage yang mendukung workflow lebih cepat
Acer Aspire 7 A715-5G UN.QGBSI.002 Gaming Laptop,Acer,12th Gen Core i5,16,512,0,512,SSD,4 GB NVIDIA GeForce GTX 1650,Windows,15.6,1920 x 1080,61990,71,58,80,80,67.85,71.35,75.1,71.8,70.25,Editing,Mid Budget,"Cocok untuk editing karena memiliki CPU, RAM, dan storage yang mendukung; Memiliki storage yang mendukung workflow lebih cepat"
Dell Vostro 3525 Laptop,Dell,AMD Ryzen7 5825U,8,512,0,512,SSD,AMD Radeon Radeon Graphics,Windows,15.6,1920 x 1080,57990,35,30,55,80,42.5,45.5,55.25,47.75,44.25,Daily Use,Mid Budget,"Cocok untuk penggunaan harian seperti browsing, mengetik, meeting online, dan tugas ringan; Memiliki storage yang mendukung workflow lebih cepat"
LG Gram 16Z90Q-G.AJ54A2 Laptop,LG,12th Gen Core i5,8,512,0,512,SSD,Intel Iris Xe Graphics,Windows,16.0,1600 x 2560,96490,71,42,55,80,56.9,61.1,67.25,61.55,60.45,Daily Use,High Budget,"Cocok untuk penggunaan harian seperti browsing, mengetik, meeting online, dan tugas ringan; Memiliki storage yang mendukung workflow lebih cepat"
Dell Vostro 3425 Laptop,Dell,AMD Ryzen 5 5625U,8,512,0,512,SSD,AMD Radeon Graphics,Windows,14.0,1920 x 1080,52499,66,30,55,80,50.25,56.35,64.55,57.05,55.1,Daily Use,Low Budget,"Cocok untuk penggunaan harian seperti browsing, mengetik, meeting online, dan tugas ringan; Memiliki storage yang mendukung workflow lebih cepat"
Asus TUF Gaming F15 FX506LHB-HN357W Gaming Laptop,Asus,10th Gen Core i5,8,1000,0,1000,SSD,4 GB NVIDIA GeForce GTX GTX-1650,Windows,15.6,1920 x 1080,67461,65,58,55,95,64.85,65.25,72.3,66.75,65.4,Gaming,Mid Budget,Cocok untuk gaming karena memiliki GPU yang cukup kuat; Memiliki storage yang mendukung workflow lebih cepat
Asus ROG Flow X13 GV301RC-LJ022WS Gaming Laptop,Asus,AMD Ryzen 7 6800HS ,16,1000,0,1000,SSD,AMD Radeon AMD,Windows,13.4,1920 x 1200,144990,82,30,80,95,60.25,70.45,80.85,71.1,67.95,Daily Use,High Budget,"Cocok untuk penggunaan harian seperti browsing, mengetik, meeting online, dan tugas ringan; Cocok untuk programming dan multitasking; Memiliki storage yang mendukung workflow lebih cepat"
Asus ROG Zephyrus G14 2022 GA402RK-L8148WS Gaming Laptop,Asus,AMD Ryzen 9 6900HS,32,1000,0,1000,SSD,8 GB AMD Radeon RX 6800S,Windows,14.0,2560 x 1600,199990,88,30,95,95,64.0,76.3,86.4,76.65,73.05,Daily Use,High Budget,"Cocok untuk penggunaan harian seperti browsing, mengetik, meeting online, dan tugas ringan; Cocok untuk programming dan multitasking; Memiliki storage yang mendukung workflow lebih cepat"
Asus ROG Flow X13 GV301RE-LJ199WS Gaming Laptop,Asus,AMD Ryzen 7 6800HS ,32,1000,0,1000,SSD,4 GB NVIDIA GeForce RTX 3050 Ti,Windows,13.4,1920 x 1200,164104,82,73,95,95,81.85,84.95,88.9,85.6,83.85,All-Rounder,High Budget,Cocok untuk penggunaan serbaguna karena kuat untuk gaming dan editing sekaligus; Cocok untuk programming dan multitasking; Cocok untuk AI ringan dan image processing; Memiliki storage yang mendukung workflow lebih cepat
Asus ROG Flow X13 GV301RE-LI201WS Gaming Laptop,Asus,AMD Ryzen 7 6800HS ,32,1000,0,1000,SSD,4 GB NVIDIA GeForce RTX 3050 Ti,Windows,13.4,3840 x 2400,175990,82,73,95,95,81.85,84.95,88.9,85.6,83.85,All-Rounder,High Budget,Cocok untuk penggunaan serbaguna karena kuat untuk gaming dan editing sekaligus; Cocok untuk programming dan multitasking; Cocok untuk AI ringan dan image processing; Memiliki storage yang mendukung workflow lebih cepat
Asus ROG Zephyrus G15 2022 GA503RM-LN143WS Gaming Laptop,Asus,AMD Ryzen 7 6800HS,16,1000,0,1000,SSD,6 GB NVIDIA GeForce RTX 3060,Windows,15.6,2560 x 1440,144990,82,78,80,95,81.85,82.45,85.65,83.1,82.35,All-Rounder,High Budget,Cocok untuk penggunaan serbaguna karena kuat untuk gaming dan editing sekaligus; Cocok untuk programming dan multitasking; Cocok untuk AI ringan dan image processing; Memiliki storage yang mendukung workflow lebih cepat
Asus ROG Zephyrus G15 2022 GA503RM-HQ142WS Gaming Laptop,Asus,AMD Ryzen 7 6800HS,16,1000,0,1000,SSD,6 GB NVIDIA GeForce RTX 3060,Windows,15.6,2560 x 1440,156990,82,78,80,95,81.85,82.45,85.65,83.1,82.35,All-Rounder,High Budget,Cocok untuk penggunaan serbaguna karena kuat untuk gaming dan editing sekaligus; Cocok untuk programming dan multitasking; Cocok untuk AI ringan dan image processing; Memiliki storage yang mendukung workflow lebih cepat
Asus ROG Zephyrus Duo 16 2022 GX650RXZ-LB226WS Gaming Laptop,Asus, AMD 9 6900HX,32,2000,0,2000,SSD,16 GB NVIDIA GeForce RTX 3080 Ti,Windows,16.0,3840 x 2400,396990,43,92,95,100,81.4,76.8,80.85,79.65,76.65,Gaming,High Budget,Cocok untuk gaming karena memiliki GPU yang cukup kuat; Memiliki storage yang mendukung workflow lebih cepat
Asus ROG Zephyrus G15 2022 GA503RS-HQ027WS Gaming Laptop,Asus,AMD Ryzen 9 6900HS,16,1000,0,1000,SSD,8 GB NVIDIA GeForce RTX 3080,Windows,15.6,2560 x 1440,199086,88,88,80,95,87.85,87.05,88.45,87.4,87.45,All-Rounder,High Budget,Cocok untuk penggunaan serbaguna karena kuat untuk gaming dan editing sekaligus; Cocok untuk programming dan multitasking; Cocok untuk AI ringan dan image processing; Memiliki storage yang mendukung workflow lebih cepat
Asus ROG Zephyrus Duo 16 2022 GX650RXZ-LS228WS Gaming Laptop,Asus, AMD 9 6900HX,32,2000,0,2000,SSD,16 GB NVIDIA GeForce RTX 3080 Ti,Windows,16.0,1920 x 1200,361990,43,92,95,100,81.4,76.8,80.85,79.65,76.65,Gaming,High Budget,Cocok untuk gaming karena memiliki GPU yang cukup kuat; Memiliki storage yang mendukung workflow lebih cepat
Asus ROG Zephyrus G14 GA402RJ-L8182WS Gaming Laptop,Asus,AMD Ryzen 7 6800HS,16,1000,0,1000,SSD,8 GB AMD Radeon RX 6700S,Windows,14.0,2560 x 1600,159399,82,30,80,95,60.25,70.45,80.85,71.1,67.95,Daily Use,High Budget,"Cocok untuk penggunaan harian seperti browsing, mengetik, meeting online, dan tugas ringan; Cocok untuk programming dan multitasking; Memiliki storage yang mendukung workflow lebih cepat"
Asus ROG Zephyrus G15 2022 GA503RM-HQ111WS Gaming Laptop,Asus,AMD Ryzen 7 6800HS,16,1000,0,1000,SSD,6 GB NVIDIA GeForce RTX 3060,Windows,15.6,2560 x 1440,148990,82,78,80,95,81.85,82.45,85.65,83.1,82.35,All-Rounder,High Budget,Cocok untuk penggunaan serbaguna karena kuat untuk gaming dan editing sekaligus; Cocok untuk programming dan multitasking; Cocok untuk AI ringan dan image processing; Memiliki storage yang mendukung workflow lebih cepat
Asus ROG Flow X16 2022 GV601RE-M6012WS Gaming Laptop,Asus,Ryzen 7 6800HS,16,1000,0,1000,SSD,4 GB NVIDIA GeForce RTX 3050 Ti,Windows,16.0,2560 x 1600,151990,82,73,80,95,79.6,81.2,85.15,81.85,80.85,All-Rounder,High Budget,Cocok untuk penggunaan serbaguna karena kuat untuk gaming dan editing sekaligus; Cocok untuk programming dan multitasking; Cocok untuk AI ringan dan image processing; Memiliki storage yang mendukung workflow lebih cepat
Asus ROG Zephyrus Duo 16 GX650RMZ-LS019WS Gaming Laptop,Asus, AMD Ryzen 7 6800H,32,2000,0,2000,SSD,6 GB NVIDIA GeForce RTX 3060,Windows,16.0,1920 x 1200,224990,82,78,95,100,84.85,86.95,91.15,87.85,86.1,All-Rounder,High Budget,Cocok untuk penggunaan serbaguna karena kuat untuk gaming dan editing sekaligus; Cocok untuk programming dan multitasking; Cocok untuk AI ringan dan image processing; Memiliki storage yang mendukung workflow lebih cepat
Asus ROG Zephyrus G15 2022 GA503RW-LN067WS Gaming Laptop,Asus,AMD Ryzen 9 6900HS,16,1000,0,1000,SSD,8 GB NVIDIA GeForce RTX 3070,Windows,15.6,2560 x 1440,189990,88,84,80,95,86.05,86.05,88.05,86.4,86.25,All-Rounder,High Budget,Cocok untuk penggunaan serbaguna karena kuat untuk gaming dan editing sekaligus; Cocok untuk programming dan multitasking; Cocok untuk AI ringan dan image processing; Memiliki storage yang mendukung workflow lebih cepat
Asus ROG Flow X16 2022 GV601RM-M6054WS Gaming Laptop,Asus,Ryzen 7 6800HS,16,1000,0,1000,SSD,6 GB NVIDIA GeForce RTX 3060,Windows,16.0,2560 x 1600,171990,82,78,80,95,81.85,82.45,85.65,83.1,82.35,All-Rounder,High Budget,Cocok untuk penggunaan serbaguna karena kuat untuk gaming dan editing sekaligus; Cocok untuk programming dan multitasking; Cocok untuk AI ringan dan image processing; Memiliki storage yang mendukung workflow lebih cepat
Asus ROG Zephyrus Duo 16 2022 GX650RXZ-LO227WS Gaming Laptop,Asus, AMD 9 6900HX,32,2000,0,2000,SSD,16 GB NVIDIA GeForce RTX 3080 Ti,Windows,16.0,2560 x 1600,391990,43,92,95,100,81.4,76.8,80.85,79.65,76.65,Gaming,High Budget,Cocok untuk gaming karena memiliki GPU yang cukup kuat; Memiliki storage yang mendukung workflow lebih cepat
Asus ROG Flow X13 GV301RA-LJ031WS Gaming Laptop,Asus,AMD Ryzen 7 6800HS ,16,1000,0,1000,SSD,AMD Radeon AMD,Windows,13.4,1920 x 1200,111399,82,30,80,95,60.25,70.45,80.85,71.1,67.95,Daily Use,High Budget,"Cocok untuk penggunaan harian seperti browsing, mengetik, meeting online, dan tugas ringan; Cocok untuk programming dan multitasking; Memiliki storage yang mendukung workflow lebih cepat"
Asus ROG Zephyrus G15 GA503RW-LN066WS Gaming Laptop,Asus,AMD Ryzen 9 6900HS,16,1000,0,1000,SSD,8 GB NVIDIA GeForce RTX 3070Ti,Windows,15.6,2560 x 1440,188000,88,84,80,95,86.05,86.05,88.05,86.4,86.25,All-Rounder,High Budget,Cocok untuk penggunaan serbaguna karena kuat untuk gaming dan editing sekaligus; Cocok untuk programming dan multitasking; Cocok untuk AI ringan dan image processing; Memiliki storage yang mendukung workflow lebih cepat
HP Pavilion x360 14-ek0092TU Laptop,HP,12th Gen Core i7,16,512,0,512,SSD,Intel Iris Xe Graphics,Windows,14.0,1920 x 1080,89990,81,42,80,80,63.15,70.85,76.5,70.8,68.95,Editing,High Budget,"Cocok untuk editing karena memiliki CPU, RAM, dan storage yang mendukung; Cocok untuk programming dan multitasking; Memiliki storage yang mendukung workflow lebih cepat"
Dell Inspiron 7620 Laptop,Dell,12th Gen Core i5,8,512,0,512,SSD,Intel Iris Xe Graphics,Windows,16.0,1920 x 1200,87500,71,42,55,80,56.9,61.1,67.25,61.55,60.45,Daily Use,High Budget,"Cocok untuk penggunaan harian seperti browsing, mengetik, meeting online, dan tugas ringan; Memiliki storage yang mendukung workflow lebih cepat"
HP Pavilion x360 14-ek0078TU Laptop,HP,12th Gen Core i5,16,512,0,512,SSD,Intel Iris Xe Graphics,Windows,14.0,1920 x 1080,71990,71,42,80,80,60.65,67.35,73.5,67.8,65.45,Editing,Mid Budget,"Cocok untuk editing karena memiliki CPU, RAM, dan storage yang mendukung; Memiliki storage yang mendukung workflow lebih cepat"
Asus Zenbook Flip 14 OLED UP5401ZA-KN701WS Laptop,Asus,12th Gen Core i7,16,512,0,512,SSD,Intel Integrated Iris Xe,Windows,14.0,2880 x 1800,134990,81,42,80,80,63.15,70.85,76.5,70.8,68.95,Editing,High Budget,"Cocok untuk editing karena memiliki CPU, RAM, dan storage yang mendukung; Cocok untuk programming dan multitasking; Memiliki storage yang mendukung workflow lebih cepat"
Asus Vivobook Flip 14 TP3402ZA-LZ511WS Laptop,Asus,12th Gen Core i5,16,512,0,512,SSD,Intel Integrated Iris Xe Graphics,Windows,14.0,1920 x 1200,76990,71,42,80,80,60.65,67.35,73.5,67.8,65.45,Editing,Mid Budget,"Cocok untuk editing karena memiliki CPU, RAM, dan storage yang mendukung; Memiliki storage yang mendukung workflow lebih cepat"
HP 15s-fq2672TU Laptop,HP,11th Gen Core i3,8,512,0,512,SSD,Intel Integrated UHD,Windows,15.6,1920 x 1080,43500,51,25,55,80,44.25,49.85,59.55,51.3,48.35,Daily Use,Low Budget,"Cocok untuk penggunaan harian seperti browsing, mengetik, meeting online, dan tugas ringan; Memiliki storage yang mendukung workflow lebih cepat"
Asus Vivobook Flip 14 TP3402ZA-LZ501WS Laptop,Asus,12th Gen Core i5,8,512,0,512,SSD,Intel Integrated Iris Xe,Windows,14.0,1920 x 1200,94500,71,42,55,80,56.9,61.1,67.25,61.55,60.45,Daily Use,High Budget,"Cocok untuk penggunaan harian seperti browsing, mengetik, meeting online, dan tugas ringan; Memiliki storage yang mendukung workflow lebih cepat"
HP 15s-fq2674TU Laptop,HP,11th Gen Core i3,8,512,0,512,SSD,Intel Integrated UHD,Windows,15.6,1920 x 1080,43990,51,25,55,80,44.25,49.85,59.55,51.3,48.35,Daily Use,Low Budget,"Cocok untuk penggunaan harian seperti browsing, mengetik, meeting online, dan tugas ringan; Memiliki storage yang mendukung workflow lebih cepat"
Asus TUF Gaming A17 FA706IC-HX036W Laptop,Asus,Ryzen 7 4800H,8,512,0,512,SSD,4 GB NVIDIA GeForce RTX RTX 3050,Windows,17.3,1920 x 1080,67990,72,70,55,80,69.75,68.45,70.35,68.85,69.2,Gaming,Mid Budget,Cocok untuk gaming karena memiliki GPU yang cukup kuat; Memiliki storage yang mendukung workflow lebih cepat
Lenovo Legion 5 Pro 82JD005LIN Gaming Laptop,Lenovo,11th Gen Core i7,32,1000,0,1000,SSD,8 GB NVIDIA GeForce RTX 3070,Windows,16.0,2560 x 1440,179790,78,84,95,95,85.8,86.3,88.8,87.15,85.75,All-Rounder,High Budget,Cocok untuk penggunaan serbaguna karena kuat untuk gaming dan editing sekaligus; Cocok untuk programming dan multitasking; Memiliki storage yang mendukung workflow lebih cepat
Asus VivoBook Ultra 14,Asus,2022) X413EA-EB322WS Laptop ,8,512,0,512,SSD,Intel Integrated UHD,Windows,14.0,1920 x 1080,41790,35,25,55,80,40.25,44.25,54.75,46.5,42.75,Daily Use,Low Budget,"Cocok untuk penggunaan harian seperti browsing, mengetik, meeting online, dan tugas ringan; Memiliki storage yang mendukung workflow lebih cepat"
MSI GF75 Thin 10SC-611IN Laptop,MSI,10th Gen Core i5,8,256,1000,256,SSD,4 GB Nvidia GTX1650 MaxQ,Windows,15.6,1920 x 1080,58900,65,55,55,65,59.0,60.0,61.5,60.0,60.0,Daily Use,Mid Budget,"Cocok untuk penggunaan harian seperti browsing, mengetik, meeting online, dan tugas ringan"
Dell Inspiron 3511 D560803WIN9B Laptop,Dell,11th Gen Core i5,8,256,1000,256,SSD,Intel Integrated UHD,Windows,15.6,1920 x 1080,62500,68,25,55,65,46.25,53.55,59.4,53.4,52.05,Daily Use,Mid Budget,"Cocok untuk penggunaan harian seperti browsing, mengetik, meeting online, dan tugas ringan"
Asus VivoBook 14 X415JA-EB521WS Laptop,Asus,10th Gen Core i5,8,512,0,512,SSD,Intel UHD Graphics,Windows,14.0,1920 x 1080,42990,65,25,55,80,47.75,54.75,63.75,55.5,53.25,Daily Use,Low Budget,"Cocok untuk penggunaan harian seperti browsing, mengetik, meeting online, dan tugas ringan; Memiliki storage yang mendukung workflow lebih cepat"
Lenovo IdeaPad Gaming 3 82K101EEIN Laptop,Lenovo,11th Gen Core i5,8,512,0,512,SSD,4 GB NVIDIA GeForce RTX 3050,Windows,15.6,1920 x 1080,64990,68,70,55,80,68.75,67.05,69.15,67.65,67.8,Gaming,Mid Budget,Cocok untuk gaming karena memiliki GPU yang cukup kuat; Memiliki storage yang mendukung workflow lebih cepat
Lenovo ThinkBook 15 20VEA0YNIH Laptop,Lenovo,11th Gen Core i5,8,512,0,512,SSD,Intel Integrated Iris Xe,Windows,15.6,1920 x 1080,55990,68,42,55,80,56.15,60.05,66.35,60.65,59.4,Daily Use,Mid Budget,"Cocok untuk penggunaan harian seperti browsing, mengetik, meeting online, dan tugas ringan; Memiliki storage yang mendukung workflow lebih cepat"
Dell Latitude 5420 Business Laptop,Dell,11th Gen Core i3,8,512,0,512,SSD,Intel UHD Graphics,Windows,14.0,1920 x 1080,68500,51,25,55,80,44.25,49.85,59.55,51.3,48.35,Daily Use,Mid Budget,"Cocok untuk penggunaan harian seperti browsing, mengetik, meeting online, dan tugas ringan; Memiliki storage yang mendukung workflow lebih cepat"
Lenovo Thinkbook 14 20VDA0KNIH Laptop,Lenovo,11th Gen Core i5,8,512,0,512,SSD,Intel Integrated Graphics,Windows,14.0,1920 x 1080,71999,68,25,55,80,48.5,55.8,64.65,56.4,54.3,Daily Use,Mid Budget,"Cocok untuk penggunaan harian seperti browsing, mengetik, meeting online, dan tugas ringan; Memiliki storage yang mendukung workflow lebih cepat"
MSI Alpha 15 B5EEK-029IN Laptop,MSI,Ryzen 5 5600H ,16,512,0,512,SSD,8 GB AMD Radeon RX6600M,Windows,15.6,1920 x 1080,85290,72,30,80,80,55.5,64.7,72.6,65.1,62.2,Daily Use,Mid Budget,"Cocok untuk penggunaan harian seperti browsing, mengetik, meeting online, dan tugas ringan; Memiliki storage yang mendukung workflow lebih cepat"
HP Victus 15-fb0051AX Gaming Laptop,HP,Ryzen 5-5600H,8,512,0,512,SSD,4 GB NVIDIA GeForce RTX 3050 Ti,Windows,15.6,1920 x 1080,74990,72,73,55,80,71.1,69.2,70.65,69.6,70.1,Gaming,Mid Budget,Cocok untuk gaming karena memiliki GPU yang cukup kuat; Memiliki storage yang mendukung workflow lebih cepat
HP Pavilion 14s- fy1003AU Laptop,HP,Ryzen 5 5500U,16,512,0,512,SSD,AMD Radeon Graphics,Windows,14.0,1920 x 1080,50499,62,30,80,80,53.0,61.2,69.6,62.1,58.7,Daily Use,Low Budget,"Cocok untuk penggunaan harian seperti browsing, mengetik, meeting online, dan tugas ringan; Memiliki storage yang mendukung workflow lebih cepat"
Asus VivoBook Ultra X415JA-EB531WS Laptop,Asus,10th Gen Core i5,16,512,0,512,SSD,Intel Integrated Intel UHD,Windows,14.0,1920 x 1080,47990,65,25,80,80,51.5,61.0,70.0,61.75,58.25,Daily Use,Low Budget,"Cocok untuk penggunaan harian seperti browsing, mengetik, meeting online, dan tugas ringan; Memiliki storage yang mendukung workflow lebih cepat"
Dell Vostro 3420 D552299WIN9BE Laptop,Dell,11th Gen Core i3,8,256,0,256,SSD,Intel UHD Graphics,Windows,14.0,1366 x 768,42300,51,25,55,65,42.0,47.6,54.3,48.3,46.1,Daily Use,Low Budget,"Cocok untuk penggunaan harian seperti browsing, mengetik, meeting online, dan tugas ringan"
Dell XPS 15 9520 Laptop,Dell,12th Gen Core i7 ,16,512,0,512,SSD,4 GB NVIDIA Geforce RTX 3050 Ti,Windows,15.6,3840 x 2160,255000,81,73,80,80,77.1,78.6,79.6,78.55,78.25,All-Rounder,High Budget,Cocok untuk penggunaan serbaguna karena kuat untuk gaming dan editing sekaligus; Cocok untuk programming dan multitasking; Cocok untuk AI ringan dan image processing; Memiliki storage yang mendukung workflow lebih cepat
HP Pavilion 14s-fy1005AU Laptop,HP,Ryzen 7 5700U,16,512,0,512,SSD,AMD Radeon Graphics,Windows,14.0,1920 x 1080,57990,68,30,80,80,54.5,63.3,71.4,63.9,60.8,Daily Use,Mid Budget,"Cocok untuk penggunaan harian seperti browsing, mengetik, meeting online, dan tugas ringan; Memiliki storage yang mendukung workflow lebih cepat"
Asus TUF Gaming A17 FA706IC-HX055W Laptop,Asus,Ryzen 7 4800H,8,1000,0,1000,SSD,4 GB NVIDIA GeForce RTX 3050,Windows,17.3,1920 x 1080,86990,72,70,55,95,72.0,70.7,75.6,71.85,71.45,Gaming,High Budget,Cocok untuk gaming karena memiliki GPU yang cukup kuat; Memiliki storage yang mendukung workflow lebih cepat
Dell Vostro 5620 Laptop,Dell,12th Gen Core i5,16,512,0,512,SSD,Intel Iris Xe,Windows,16.0,1920 x 1080,76990,71,42,80,80,60.65,67.35,73.5,67.8,65.45,Editing,Mid Budget,"Cocok untuk editing karena memiliki CPU, RAM, dan storage yang mendukung; Memiliki storage yang mendukung workflow lebih cepat"
Lenovo Yoga 6 82UD0088IN 2-in-1 Laptop,Lenovo,Ryzen 7 5700U,16,512,0,512,SSD,AMD Radeon,Windows,13.3,1920 x 1080,84500,68,30,80,80,54.5,63.3,71.4,63.9,60.8,Daily Use,Mid Budget,"Cocok untuk penggunaan harian seperti browsing, mengetik, meeting online, dan tugas ringan; Memiliki storage yang mendukung workflow lebih cepat"
Dell Vostro 5620 Laptop,Dell,12th Gen Core i5,8,512,0,512,SSD,Intel Iris Xe,Windows,16.0,1920 x 1080,69800,71,42,55,80,56.9,61.1,67.25,61.55,60.45,Daily Use,Mid Budget,"Cocok untuk penggunaan harian seperti browsing, mengetik, meeting online, dan tugas ringan; Memiliki storage yang mendukung workflow lebih cepat"
Asus EeeBook 14 E410KA-BV121WS Laptop,Asus,Pentium Silver N6000,4,256,0,256,SSD,Intel HD Graphics,Windows,14.0,1366 x 768,25490,30,25,30,65,33.0,34.0,41.75,35.75,33.75,Daily Use,Low Budget,"Cocok untuk penggunaan harian seperti browsing, mengetik, meeting online, dan tugas ringan"
Dell Vostro 3420 D552276WIN9BE Laptop,Dell,11th Gen Core i3,8,512,0,512,SSD,Intel UHD Graphics,Windows,14.0,1366 x 768,43490,51,25,55,80,44.25,49.85,59.55,51.3,48.35,Daily Use,Low Budget,"Cocok untuk penggunaan harian seperti browsing, mengetik, meeting online, dan tugas ringan; Memiliki storage yang mendukung workflow lebih cepat"
Dell XPS 13 9320 Laptop,Dell,12th Gen Core i5,16,512,0,512,SSD,Intel Iris Xe Graphics,Windows,13.4,3840 x 2400,140900,71,42,80,80,60.65,67.35,73.5,67.8,65.45,Editing,High Budget,"Cocok untuk editing karena memiliki CPU, RAM, dan storage yang mendukung; Memiliki storage yang mendukung workflow lebih cepat"
HP Victus 16-E0301Ax Gaming Laptop,HP,Ryzen 5 5600H,8,512,0,512,SSD,4 GB NVIDIA GeForce GTX 1650,Windows,16.1,1920 x 1080,66490,72,58,55,80,64.35,65.45,69.15,65.85,65.6,Gaming,Mid Budget,Cocok untuk gaming karena memiliki GPU yang cukup kuat; Memiliki storage yang mendukung workflow lebih cepat
HP 15s-fq2673TU Laptop,HP,11th Gen Core i3,8,512,0,512,SSD,Intel Integrated UHD,Windows,15.6,1920 x 1080,44490,51,25,55,80,44.25,49.85,59.55,51.3,48.35,Daily Use,Low Budget,"Cocok untuk penggunaan harian seperti browsing, mengetik, meeting online, dan tugas ringan; Memiliki storage yang mendukung workflow lebih cepat"
LG Gram 17Z90Q-G.AH75A2 Laptop,LG,12th Gen Core i7,16,512,0,512,SSD,Intel Iris Xe Graphics,Windows,17.0,1600 x 2560,102990,81,42,80,80,63.15,70.85,76.5,70.8,68.95,Editing,High Budget,"Cocok untuk editing karena memiliki CPU, RAM, dan storage yang mendukung; Cocok untuk programming dan multitasking; Memiliki storage yang mendukung workflow lebih cepat"
LG Gram 17 17Z90Q-G.AJ55A2 Laptop,LG,12th Gen Core i5,8,512,0,512,SSD,Intel Iris Xe Graphics,Windows,17.0,1600 x 2560,87990,71,42,55,80,56.9,61.1,67.25,61.55,60.45,Daily Use,High Budget,"Cocok untuk penggunaan harian seperti browsing, mengetik, meeting online, dan tugas ringan; Memiliki storage yang mendukung workflow lebih cepat"
Asus TUF Gaming F15 FX506HC-HN089WS Gaming Laptop,Asus,11th Gen Core i5,8,512,0,512,SSD,4 GB NVIDIA GeForce RTX 3050,Windows,15.6,1920 x 1080,78990,68,70,55,80,68.75,67.05,69.15,67.65,67.8,Gaming,Mid Budget,Cocok untuk gaming karena memiliki GPU yang cukup kuat; Memiliki storage yang mendukung workflow lebih cepat
MSI Stealth 15M B12UE Gaming Laptop,MSI,12th Gen Core i7,16,1000,0,1000,SSD,6 GB NVIDIA GeForce RTX 3060,Windows,15.6,1920 x 1080,139990,81,78,80,95,81.6,82.1,85.35,82.8,82.0,All-Rounder,High Budget,Cocok untuk penggunaan serbaguna karena kuat untuk gaming dan editing sekaligus; Cocok untuk programming dan multitasking; Cocok untuk AI ringan dan image processing; Memiliki storage yang mendukung workflow lebih cepat
HP Pavilion x360 14-ek0086TU Laptop,HP,12th Gen Core i5,8,512,0,512,SSD,Intel Iris Xe Graphics,Windows,14.0,1920 x 1080,69950,71,42,55,80,56.9,61.1,67.25,61.55,60.45,Daily Use,Mid Budget,"Cocok untuk penggunaan harian seperti browsing, mengetik, meeting online, dan tugas ringan; Memiliki storage yang mendukung workflow lebih cepat"
HP Envy x360 13-ay1062AU Laptop,HP,Ryzen 5 5600U,8,512,0,512,SSD,AMD Raedon Graphics,Windows,13.3,1920 x 1080,79990,64,35,55,80,52.0,56.9,64.45,57.7,55.9,Daily Use,Mid Budget,"Cocok untuk penggunaan harian seperti browsing, mengetik, meeting online, dan tugas ringan; Memiliki storage yang mendukung workflow lebih cepat"
LG Gram 14 14Z90Q-G.AH75A2 Laptop,LG,12th Gen Core i7,16,512,0,512,SSD,Intel Iris Xe Graphics,Windows,14.0,1200 x 1920,93490,81,42,80,80,63.15,70.85,76.5,70.8,68.95,Editing,High Budget,"Cocok untuk editing karena memiliki CPU, RAM, dan storage yang mendukung; Cocok untuk programming dan multitasking; Memiliki storage yang mendukung workflow lebih cepat"
Asus ROG Strix G17 2022 G713RW-LL133WS Gaming Laptop,Asus,AMD Ryzen 9 6900HX,16,1000,0,1000,SSD,4 GB NVIDIA GeForce RTX 3050,Windows,17.3,2560 x 1440,181589,90,70,80,95,80.25,83.25,87.25,83.5,82.75,All-Rounder,High Budget,Cocok untuk penggunaan serbaguna karena kuat untuk gaming dan editing sekaligus; Cocok untuk programming dan multitasking; Cocok untuk AI ringan dan image processing; Memiliki storage yang mendukung workflow lebih cepat
LG Gram 16Z90Q-G.AH75A2 Laptop,LG,12th Gen Core i7,16,512,0,512,SSD,Intel Iris Xe Graphics,Windows,16.0,1600 x 2560,104590,81,42,80,80,63.15,70.85,76.5,70.8,68.95,Editing,High Budget,"Cocok untuk editing karena memiliki CPU, RAM, dan storage yang mendukung; Cocok untuk programming dan multitasking; Memiliki storage yang mendukung workflow lebih cepat"
Asus TUF Gaming A15 FA506ICB-HN075W Laptop,Asus,Ryzen 7 4800H,16,512,0,512,SSD,4 GB NVIDIA GeForce RTX3050,Windows,15.6,1080 x 1920,78500,72,70,80,80,73.5,74.7,76.6,75.1,74.2,Gaming,Mid Budget,Cocok untuk gaming karena memiliki GPU yang cukup kuat; Memiliki storage yang mendukung workflow lebih cepat
LG Gram 17Z90Q-G.AH78A2 Laptop,LG,12th Gen Core i7,16,1000,0,1000,SSD,Intel Iris Xe Graphics,Windows,17.0,1600 x 2560,119990,81,42,80,95,65.4,73.1,81.75,73.8,71.2,Editing,High Budget,"Cocok untuk editing karena memiliki CPU, RAM, dan storage yang mendukung; Cocok untuk programming dan multitasking; Memiliki storage yang mendukung workflow lebih cepat"
Dell G15-5525 Gaming Laptop,Dell,Ryzen 7 6800H,16,512,0,512,SSD,6 GB NVIDIA GeForce RTX 3060,Windows,15.6,1920 x 1080,124990,82,78,80,80,79.6,80.2,80.4,80.1,80.1,All-Rounder,High Budget,Cocok untuk penggunaan serbaguna karena kuat untuk gaming dan editing sekaligus; Cocok untuk programming dan multitasking; Cocok untuk AI ringan dan image processing; Memiliki storage yang mendukung workflow lebih cepat
Dell G15-5525 Gaming Laptop,Dell,Ryzen 5 6600H,8,512,0,512,SSD,4 GB NVIDIA GeForce RTX 3050,Windows,15.6,1920 x 1080,81990,74,70,55,80,70.25,69.15,70.95,69.45,69.9,Gaming,Mid Budget,Cocok untuk gaming karena memiliki GPU yang cukup kuat; Memiliki storage yang mendukung workflow lebih cepat
Lenovo IdeaPad Slim 3 82RK0085IN Laptop,Lenovo,12th Gen Core i5,16,512,0,512,SSD,‎Intel Iris Xe Graphics,Windows,15.6,1920 x 1080,61490,71,42,80,80,60.65,67.35,73.5,67.8,65.45,Editing,Mid Budget,"Cocok untuk editing karena memiliki CPU, RAM, dan storage yang mendukung; Memiliki storage yang mendukung workflow lebih cepat"
MSI Crosshair 15 B12UEZ-037IN Gaming Laptop,MSI,12th Gen Core i7,16,1000,0,1000,SSD,6 GB NVIDIA GeForce RTX 3060,Windows,15.6,2560 x 1440,122000,81,78,80,95,81.6,82.1,85.35,82.8,82.0,All-Rounder,High Budget,Cocok untuk penggunaan serbaguna karena kuat untuk gaming dan editing sekaligus; Cocok untuk programming dan multitasking; Cocok untuk AI ringan dan image processing; Memiliki storage yang mendukung workflow lebih cepat
MSI Gaming Raider GE66 12UHS-218IN Gaming Laptop,MSI,12th Gen Core i7,32,2000,0,2000,SSD,16 GB NVIDIA GeForce RTX RTX 3080 Ti,Windows,17.3,3840 x 2160,409066,81,92,95,100,90.9,90.1,92.25,91.05,89.95,All-Rounder,High Budget,Cocok untuk penggunaan serbaguna karena kuat untuk gaming dan editing sekaligus; Cocok untuk programming dan multitasking; Cocok untuk AI ringan dan image processing; Memiliki storage yang mendukung workflow lebih cepat
Dell  G15-5525 Laptop,Dell,Ryzen 7 6800H,16,512,0,512,SSD,4 GB NVIDIA GeForce RTX 3050 Ti,Windows,15.6,1920 x 1080,105990,82,73,80,80,77.35,78.95,79.9,78.85,78.6,All-Rounder,High Budget,Cocok untuk penggunaan serbaguna karena kuat untuk gaming dan editing sekaligus; Cocok untuk programming dan multitasking; Cocok untuk AI ringan dan image processing; Memiliki storage yang mendukung workflow lebih cepat
Dell G15-5525 Gaming Laptop,Dell,Ryzen 5 6600H,16,512,0,512,SSD,4 GB NVIDIA GeForce RTX 3050,Windows,15.6,1920 x 1080,74990,74,70,80,80,74.0,75.4,77.2,75.7,74.9,Gaming,Mid Budget,Cocok untuk gaming karena memiliki GPU yang cukup kuat; Memiliki storage yang mendukung workflow lebih cepat
Dell G15-5525 Gaming Laptop,Dell,Ryzen 7 6800H,16,512,0,512,SSD,4 GB NVIDIA GeForce RTX 3050,Windows,15.6,1920 x 1080,98900,82,70,80,80,76.0,78.2,79.6,78.1,77.7,All-Rounder,High Budget,Cocok untuk penggunaan serbaguna karena kuat untuk gaming dan editing sekaligus; Cocok untuk programming dan multitasking; Cocok untuk AI ringan dan image processing; Memiliki storage yang mendukung workflow lebih cepat
Lenovo ThinkPad P14s 20VXS0G800 Laptop,Lenovo,11th Gen Core i7,16,512,0,512,SSD,Intel Integrated Graphics,Windows,14.0,1920 x 1080,103990,78,25,80,80,54.75,65.55,73.9,65.65,62.8,Daily Use,High Budget,"Cocok untuk penggunaan harian seperti browsing, mengetik, meeting online, dan tugas ringan; Cocok untuk programming dan multitasking; Memiliki storage yang mendukung workflow lebih cepat"
MSI GP66 Leopard 11UG-693IN Gaming Laptop,MSI,11th Gen Core i7,16,1000,0,1000,SSD,8 GB NVIDIA GeForce RTX 3070,Windows,15.6,2560 x 1440,129990,78,84,80,95,83.55,82.55,85.05,83.4,82.75,All-Rounder,High Budget,Cocok untuk penggunaan serbaguna karena kuat untuk gaming dan editing sekaligus; Cocok untuk programming dan multitasking; Memiliki storage yang mendukung workflow lebih cepat
HP Spectre x360 13-ef0053TU Laptop,HP,12th Gen Core i7,16,512,0,512,SSD,Intel Iris X Graphics,Windows,13.5,3000 x 2000,124999,81,42,80,80,63.15,70.85,76.5,70.8,68.95,Editing,High Budget,"Cocok untuk editing karena memiliki CPU, RAM, dan storage yang mendukung; Cocok untuk programming dan multitasking; Memiliki storage yang mendukung workflow lebih cepat"
MSI Sword 15 A12UD-471IN  Gaming Laptop,MSI,12th Gen Core i5,16,512,0,512,SSD,4 GB NVIDIA GeForce RTX 3050 Ti,Windows,15.6,1920 x 1080,85990,71,73,80,80,74.6,75.1,76.6,75.55,74.75,Gaming,Mid Budget,Cocok untuk gaming karena memiliki GPU yang cukup kuat; Memiliki storage yang mendukung workflow lebih cepat
MSI Katana GF66 12UD-472IN Gaming Laptop,MSI,12th Gen Core i5,16,512,0,512,SSD,4 GB NVIDIA GeForce RTX 3050 Ti,Windows,15.6,1920 x 1080,76990,71,73,80,80,74.6,75.1,76.6,75.55,74.75,Gaming,Mid Budget,Cocok untuk gaming karena memiliki GPU yang cukup kuat; Memiliki storage yang mendukung workflow lebih cepat
Lenovo Thinkpad P15v 21AAS0R500 Laptop,Lenovo,11th Gen Core i9,32,1000,0,1000,SSD,4 GB Nvidia RTX A2000,Windows,15.6,1920 x 1080,259500,92,35,95,95,67.25,78.95,88.1,79.1,75.95,Editing,High Budget,"Cocok untuk editing karena memiliki CPU, RAM, dan storage yang mendukung; Cocok untuk programming dan multitasking; Memiliki storage yang mendukung workflow lebih cepat"
Asus ROG Strix G17 2022 G713RW-LL111WS Gaming Laptop,Asus,AMD Ryzen 9 6900HX,16,1000,0,1000,SSD,8 GB NVIDIA GeForce RTX 3070 Ti,Windows,17.3,2560 x 1440,188990,90,86,80,95,87.45,87.25,88.85,87.5,87.55,All-Rounder,High Budget,Cocok untuk penggunaan serbaguna karena kuat untuk gaming dan editing sekaligus; Cocok untuk programming dan multitasking; Cocok untuk AI ringan dan image processing; Memiliki storage yang mendukung workflow lebih cepat
Microsoft Surface GO 2 8QF-00046 Laptop,Microsoft,11th Gen Core i5,8,256,0,256,SSD,Intel Iris Xe Graphics,Windows,12.4,1536 x 1024,77324,68,42,55,65,53.9,57.8,61.1,57.65,57.15,Daily Use,Mid Budget,"Cocok untuk penggunaan harian seperti browsing, mengetik, meeting online, dan tugas ringan"
Dell Inspiron 7420 2-in-1 Touch Laptop,Dell,12th Gen Core i3,8,512,0,512,SSD,Intel Iris Xe Graphics,Windows,14.0,1920 x 1200,62490,54,42,55,80,52.65,55.15,62.15,56.45,54.5,Daily Use,Mid Budget,"Cocok untuk penggunaan harian seperti browsing, mengetik, meeting online, dan tugas ringan; Memiliki storage yang mendukung workflow lebih cepat"
Lenovo V14  82KAA01SIH Laptop,Lenovo,11th Gen Core i3,4,256,0,256,SSD,Intel Integrated UHD,Windows,15.0,1920 x 1080,31999,51,25,30,65,38.25,41.35,48.05,42.05,41.1,Daily Use,Low Budget,"Cocok untuk penggunaan harian seperti browsing, mengetik, meeting online, dan tugas ringan"
HP Victus 16-e1062AX Gaming Laptop,HP,AMD Ryzen 5 6600H,8,512,0,512,SSD,4 GB NVIDIA GeForce RTX 3050,Windows,16.1,1920 x 1080,84190,74,70,55,80,70.25,69.15,70.95,69.45,69.9,Gaming,Mid Budget,Cocok untuk gaming karena memiliki GPU yang cukup kuat; Memiliki storage yang mendukung workflow lebih cepat
HP Victus 16-e1060AX Gaming Laptop,HP,AMD Ryzen 7 6800H,16,512,0,512,SSD,4 GB NVIDIA GeForce RTX 3050 Ti,Windows,16.1,1920 x 1080,111500,82,73,80,80,77.35,78.95,79.9,78.85,78.6,All-Rounder,High Budget,Cocok untuk penggunaan serbaguna karena kuat untuk gaming dan editing sekaligus; Cocok untuk programming dan multitasking; Cocok untuk AI ringan dan image processing; Memiliki storage yang mendukung workflow lebih cepat
HP Victus 16-e0305ax Gaming Laptop,HP,AMD Ryzen 7 5800H,8,512,0,512,SSD,4 GB NVIDIA GeForce RTX 3050,Windows,16.1,1920 x 1080,78950,78,70,55,80,71.25,70.55,72.15,70.65,71.3,Gaming,Mid Budget,Cocok untuk gaming karena memiliki GPU yang cukup kuat; Memiliki storage yang mendukung workflow lebih cepat
Microsoft Surface GO 2 8QC-00021 Laptop,Microsoft,11th Gen Core i5,8,128,0,128,SSD,Intel Iris Xe Graphics,Windows,12.4,1536 x 1024,71990,68,42,55,50,51.65,55.55,55.85,54.65,54.9,Daily Use,Mid Budget,"Cocok untuk penggunaan harian seperti browsing, mengetik, meeting online, dan tugas ringan"
Acer TravelMate TMP214-53 Laptop,Acer,11th Gen Core i3,8,256,0,256,SSD,Intel Integrated Iris Xe,Windows,14.0,1920 x 1080,41490,51,42,55,65,49.65,51.85,56.0,52.55,51.2,Daily Use,Low Budget,"Cocok untuk penggunaan harian seperti browsing, mengetik, meeting online, dan tugas ringan"
Acer TravelMate TMP214-53 Laptop,Acer,11th Gen Core i5,8,512,0,512,SSD,Intel Integrated Iris Xe,Windows,14.0,1920 x 1080,51990,68,42,55,80,56.15,60.05,66.35,60.65,59.4,Daily Use,Low Budget,"Cocok untuk penggunaan harian seperti browsing, mengetik, meeting online, dan tugas ringan; Memiliki storage yang mendukung workflow lebih cepat"
Acer TravelMate TMP214-53 Laptop,Acer,11th Gen Core i3,8,512,0,512,SSD,Intel Integrated Iris Xe,Windows,14.0,1920 x 1080,45990,51,42,55,80,51.9,54.1,61.25,55.55,53.45,Daily Use,Low Budget,"Cocok untuk penggunaan harian seperti browsing, mengetik, meeting online, dan tugas ringan; Memiliki storage yang mendukung workflow lebih cepat"
Acer Aspire 3 A315-58 Laptop,Acer,11th Gen Core i3,8,256,0,256,SSD,Intel Integrated UHD,Windows,15.6,1920 x 1080,32800,51,25,55,65,42.0,47.6,54.3,48.3,46.1,Daily Use,Low Budget,"Cocok untuk penggunaan harian seperti browsing, mengetik, meeting online, dan tugas ringan"
Acer Nitro 5 AN515-57 UN.QEHSI.004 Laptop,Acer,11th Gen Core i5,8,256,1000,256,SSD,4 GB NVIDIA GeForce GTX 1650,Windows,15.6,1920 x 1080,62999,68,58,55,65,61.1,61.8,62.7,61.65,61.95,Gaming,Mid Budget,Cocok untuk gaming karena memiliki GPU yang cukup kuat
Acer TravelMate TMP214-53 Business Laptop,Acer,11th Gen Core i5,16,512,0,512,SSD,Intel Integrated Iris Xe,Windows,14.0,1920 x 1080,57990,68,42,80,80,59.9,66.3,72.6,66.9,64.4,Editing,Mid Budget,"Cocok untuk editing karena memiliki CPU, RAM, dan storage yang mendukung; Memiliki storage yang mendukung workflow lebih cepat"
Lenovo Legion 5 82JK00BEIN Laptop,Lenovo,11th Gen Core i7,16,512,0,512,SSD,4 GB NVIDIA GeForce RTX 3050,Windows,15.6,1920 x 1080,119990,78,70,80,80,75.0,76.8,78.4,76.9,76.3,All-Rounder,High Budget,Cocok untuk penggunaan serbaguna karena kuat untuk gaming dan editing sekaligus; Cocok untuk programming dan multitasking; Memiliki storage yang mendukung workflow lebih cepat
Lenovo IdeaPad Slim 3 81X800LGIN Laptop,Lenovo,11th Gen Core i3,8,512,0,512,SSD,Intel UHD Graphics,Windows,15.6,1920 x 1080,36999,51,25,55,80,44.25,49.85,59.55,51.3,48.35,Daily Use,Low Budget,"Cocok untuk penggunaan harian seperti browsing, mengetik, meeting online, dan tugas ringan; Memiliki storage yang mendukung workflow lebih cepat"
Acer Aspire 3 A315-59 Laptop,Acer,12th Gen Core i5,8,512,0,512,SSD,Intel Iris Xe Graphics,Windows,15.6,1920 x 1080,56699,71,42,55,80,56.9,61.1,67.25,61.55,60.45,Daily Use,Mid Budget,"Cocok untuk penggunaan harian seperti browsing, mengetik, meeting online, dan tugas ringan; Memiliki storage yang mendukung workflow lebih cepat"
Dell Inspiron 3525 Laptop,Dell,AMD Ryzen7 5825U,8,512,0,512,SSD,AMD Radeon Radeon Graphics,Windows,15.6,1920 x 1080,58750,35,30,55,80,42.5,45.5,55.25,47.75,44.25,Daily Use,Mid Budget,"Cocok untuk penggunaan harian seperti browsing, mengetik, meeting online, dan tugas ringan; Memiliki storage yang mendukung workflow lebih cepat"
Asus TUF Gaming F17 FX777ZE-HX052WS Laptop,Asus,12th Gen Core i7,16,1000,0,1000,SSD,4 GB NVIDIA GeForce RTX 3050,Windows,17.3,1920 x 1080,114990,81,70,80,95,78.0,80.1,84.55,80.8,79.6,All-Rounder,High Budget,Cocok untuk penggunaan serbaguna karena kuat untuk gaming dan editing sekaligus; Cocok untuk programming dan multitasking; Cocok untuk AI ringan dan image processing; Memiliki storage yang mendukung workflow lebih cepat
Acer Nitro 5 AN515-45 NH.QBCSI.00F Gaming Laptop,Acer,AMD Ryzen 5 5600H,16,512,1000,512,SSD,6 GB NVIDIA GeForce RTX 3060,Windows,15.6,2560 x 1440,129999,72,78,80,80,77.1,76.7,77.4,77.1,76.6,Gaming,High Budget,Cocok untuk gaming karena memiliki GPU yang cukup kuat; Memiliki storage yang mendukung workflow lebih cepat
Dell Inspiron 7420 Laptop,Dell,12th Gen Core i5,8,512,0,512,SSD,2 GB NVIDIA GeForce MX550,Windows,14.0,1920 x 1200,86990,71,46,55,80,58.7,62.1,67.65,62.55,61.65,Daily Use,High Budget,"Cocok untuk penggunaan harian seperti browsing, mengetik, meeting online, dan tugas ringan; Memiliki storage yang mendukung workflow lebih cepat"
Asus Vivobook S15 OLED S3502ZA-L702WS Laptop,Asus,12th Gen Core i7,16,512,0,512,SSD,Intel Iris XE Graphics,Windows,15.6,1920 x 1080,84900,81,42,80,80,63.15,70.85,76.5,70.8,68.95,Editing,Mid Budget,"Cocok untuk editing karena memiliki CPU, RAM, dan storage yang mendukung; Cocok untuk programming dan multitasking; Memiliki storage yang mendukung workflow lebih cepat"
Lenovo Thinkpad E14 Gen 2 20TAS14C00 Laptop,Lenovo,11th Gen Core i3,8,512,0,512,SSD,Intel UHD,DOS,14.0,1920 x 1080,48000,51,25,55,80,44.25,49.85,59.55,51.3,48.35,Daily Use,Low Budget,"Cocok untuk penggunaan harian seperti browsing, mengetik, meeting online, dan tugas ringan; Memiliki storage yang mendukung workflow lebih cepat"
Asus ZenBook S13 UM5302TA-LX701WS Laptop,Asus,AMD Ryzen 7 6800U,16,1000,0,1000,SSD,AMD Radeon AMD,Windows,13.3,2880 x 1800,119990,70,30,80,95,57.25,66.25,77.25,67.5,63.75,Daily Use,High Budget,"Cocok untuk penggunaan harian seperti browsing, mengetik, meeting online, dan tugas ringan; Memiliki storage yang mendukung workflow lebih cepat"
Asus ZenBook S13 UM5302TA-LX501WS Laptop,Asus,AMD Ryzen 5 6600U,16,512,0,512,SSD,AMD Radeon AMD,Windows,13.3,2880 x 1800,99800,64,30,80,80,53.5,61.9,70.2,62.7,59.4,Daily Use,High Budget,"Cocok untuk penggunaan harian seperti browsing, mengetik, meeting online, dan tugas ringan; Memiliki storage yang mendukung workflow lebih cepat"
Asus TUF Dash F15 2022 FX517ZE-HN036WS Gaming Laptop,Asus,12th Gen Core i7,16,512,0,512,SSD,4 GB NVIDIA GeForce RTX 3050-Ti,Windows,15.6,1920 x 1080,98990,81,73,80,80,77.1,78.6,79.6,78.55,78.25,All-Rounder,High Budget,Cocok untuk penggunaan serbaguna karena kuat untuk gaming dan editing sekaligus; Cocok untuk programming dan multitasking; Cocok untuk AI ringan dan image processing; Memiliki storage yang mendukung workflow lebih cepat
Lenovo IdeaPad Gaming 3 81Y401BHIN Gaming Laptop,Lenovo,10th Gen Core i7,8,512,0,512,SSD,4 GB NVIDIA GeForce GTX 1650,Windows,15.6,1920 x 1080,74829,75,58,55,80,65.1,66.5,70.05,66.75,66.65,Gaming,Mid Budget,Cocok untuk gaming karena memiliki GPU yang cukup kuat; Memiliki storage yang mendukung workflow lebih cepat
Lenovo ThinkBook 15 21A4A09SIH Laptop,Lenovo,AMD Ryzen 3 5300U,8,256,0,256,SSD,AMD Radeon,Windows,15.6,1920 x 1080,39500,45,30,55,65,42.75,46.75,53.0,47.75,45.5,Daily Use,Low Budget,"Cocok untuk penggunaan harian seperti browsing, mengetik, meeting online, dan tugas ringan"
Asus VivoBook 14 2022 X1402ZA-EB512WS Laptop,Asus,12th Gen Core i5,16,512,0,512,SSD,Intel Integrated Iris Xe,Windows,14.0,1920 x 1080,62990,71,42,80,80,60.65,67.35,73.5,67.8,65.45,Editing,Mid Budget,"Cocok untuk editing karena memiliki CPU, RAM, dan storage yang mendukung; Memiliki storage yang mendukung workflow lebih cepat"
Asus VivoBook 14 2022 X1402ZA-EB311WS Laptop,Asus,12th Gen Core i3,8,512,0,512,SSD,Intel Integrated Iris Xe,Windows,14.0,1920 x 1080,47990,54,42,55,80,52.65,55.15,62.15,56.45,54.5,Daily Use,Low Budget,"Cocok untuk penggunaan harian seperti browsing, mengetik, meeting online, dan tugas ringan; Memiliki storage yang mendukung workflow lebih cepat"
Asus ROG Flow Z13 2022 GZ301ZE-LC193WS Gaming Laptop,Asus,12th Gen Core i9,16,1000,0,1000,SSD,4 GB NVIDIA GeForce RTX 3050 Ti,Windows,13.4,3840 x 2400,304980,95,73,80,95,82.85,85.75,89.05,85.75,85.4,All-Rounder,High Budget,Cocok untuk penggunaan serbaguna karena kuat untuk gaming dan editing sekaligus; Cocok untuk programming dan multitasking; Cocok untuk AI ringan dan image processing; Memiliki storage yang mendukung workflow lebih cepat
Asus ROG Flow Z13 2022 GZ301ZE-LD064WS Gaming Laptop,Asus,12th Gen Core i9,16,1000,0,1000,SSD,4 GB NVIDIA GeForce RTX 3050 Ti,Windows,13.4,1920 x 1200,181990,95,73,80,95,82.85,85.75,89.05,85.75,85.4,All-Rounder,High Budget,Cocok untuk penggunaan serbaguna karena kuat untuk gaming dan editing sekaligus; Cocok untuk programming dan multitasking; Cocok untuk AI ringan dan image processing; Memiliki storage yang mendukung workflow lebih cepat
Asus ROG Flow Z13 2022 GZ301ZC-LD123WS Gaming Laptop,Asus,12th Gen Core i7,16,512,0,512,SSD,4 GB NVIDIA GeForce RTX 3050,Windows,13.4,1920 x 1200,150790,81,70,80,80,75.75,77.85,79.3,77.8,77.35,All-Rounder,High Budget,Cocok untuk penggunaan serbaguna karena kuat untuk gaming dan editing sekaligus; Cocok untuk programming dan multitasking; Cocok untuk AI ringan dan image processing; Memiliki storage yang mendukung workflow lebih cepat
Asus ROG Flow Z13 2022 GZ301ZA-LD049WS Gaming Laptop,Asus,12th Gen Core i5,16,512,0,512,SSD,Intel Iris X Graphics,Windows,13.4,1920 x 1200,115390,71,42,80,80,60.65,67.35,73.5,67.8,65.45,Editing,High Budget,"Cocok untuk editing karena memiliki CPU, RAM, dan storage yang mendukung; Memiliki storage yang mendukung workflow lebih cepat"
Asus TUF Dash F15 2022 FX517ZR-HQ030WS Gaming Laptop,Asus,12th Gen Core i7,16,1000,0,1000,SSD,8 GB NVIDIA GeForce RTX 3070,Windows,15.6,2560 x 1440,149990,81,84,80,95,84.3,83.6,85.95,84.3,83.8,All-Rounder,High Budget,Cocok untuk penggunaan serbaguna karena kuat untuk gaming dan editing sekaligus; Cocok untuk programming dan multitasking; Cocok untuk AI ringan dan image processing; Memiliki storage yang mendukung workflow lebih cepat
Asus ROG Flow Z13 2022 GZ301ZE-LC192WS Gaming Laptop,Asus,12th Gen Core i9,16,1000,0,1000,SSD,4 GB NVIDIA GeForce RTX 3050 Ti,Windows,13.4,3840 x 2400,191990,95,73,80,95,82.85,85.75,89.05,85.75,85.4,All-Rounder,High Budget,Cocok untuk penggunaan serbaguna karena kuat untuk gaming dan editing sekaligus; Cocok untuk programming dan multitasking; Cocok untuk AI ringan dan image processing; Memiliki storage yang mendukung workflow lebih cepat
Asus TUF Dash F15 2022 FX517ZC-HN107WS Gaming Laptop,Asus,12th Gen Core i7,16,512,0,512,SSD,4 GB NVIDIA GeForce RTX 3050,Windows,15.6,1920 x 1080,87990,81,70,80,80,75.75,77.85,79.3,77.8,77.35,All-Rounder,High Budget,Cocok untuk penggunaan serbaguna karena kuat untuk gaming dan editing sekaligus; Cocok untuk programming dan multitasking; Cocok untuk AI ringan dan image processing; Memiliki storage yang mendukung workflow lebih cepat
Acer Aspire 5 A515-56 UN.A1ESI.022,Acer,11th Gen Core i5,8,512,0,512,SSD,Intel Integrated,Windows,15.6,1920 x 1080,49994,68,25,55,80,48.5,55.8,64.65,56.4,54.3,Daily Use,Low Budget,"Cocok untuk penggunaan harian seperti browsing, mengetik, meeting online, dan tugas ringan; Memiliki storage yang mendukung workflow lebih cepat"
MSI GS76 Stealth 11UE-631IN 9S7-17M111-631 Gaming Laptop,MSI,11th Gen Core i7,16,1000,0,1000,SSD,6 GB Nvidia GeForce RTX 3060,Windows,15.6,1920 x 1080,162000,78,78,80,95,80.85,81.05,84.45,81.9,80.95,All-Rounder,High Budget,Cocok untuk penggunaan serbaguna karena kuat untuk gaming dan editing sekaligus; Cocok untuk programming dan multitasking; Memiliki storage yang mendukung workflow lebih cepat
Infinix INBook X1 Slim XL21 Laptop,Infinix,10th Gen Core i5,8,512,0,512,SSD,Intel Integrated UHD Graphics,Windows,14.0,1920 x 1080,42990,65,25,55,80,47.75,54.75,63.75,55.5,53.25,Daily Use,Low Budget,"Cocok untuk penggunaan harian seperti browsing, mengetik, meeting online, dan tugas ringan; Memiliki storage yang mendukung workflow lebih cepat"
Acer Predator Helios 300 PH315-55 NH.QGPS.003 Gaming Laptop,Acer,12th Gen Core i7,16,1000,0,1000,SSD,6 GB NVIDIA GeForce RTX 3060,Windows,15.6,2560 x 1440,155490,81,78,80,95,81.6,82.1,85.35,82.8,82.0,All-Rounder,High Budget,Cocok untuk penggunaan serbaguna karena kuat untuk gaming dan editing sekaligus; Cocok untuk programming dan multitasking; Cocok untuk AI ringan dan image processing; Memiliki storage yang mendukung workflow lebih cepat
Lenovo ThinkBook 15 21A4A09UIH Laptop,Lenovo,AMD Ryzen 5 5500U,8,512,0,512,SSD,AMD Radeon,Windows,15.6,1920 x 1080,49990,62,30,55,80,49.25,54.95,63.35,55.85,53.7,Daily Use,Low Budget,"Cocok untuk penggunaan harian seperti browsing, mengetik, meeting online, dan tugas ringan; Memiliki storage yang mendukung workflow lebih cepat"
Lenovo ThinkPad E14 20TAS16F00 Laptop,Lenovo,11th Gen Core i3,4,256,0,256,SSD,Intel UHD,DOS,14.0,1920 x 1080,42300,51,25,30,65,38.25,41.35,48.05,42.05,41.1,Daily Use,Low Budget,"Cocok untuk penggunaan harian seperti browsing, mengetik, meeting online, dan tugas ringan"
Lenovo Legion 5 15IMH6 82NL00APIN Gaming Laptop,Lenovo,10th Gen Core i5,8,512,0,512,SSD,4 GB NVIDIA GeForce RTX 3050,Windows,15.6,1920 x 1080,73847,65,70,55,80,68.0,66.0,68.25,66.75,66.75,Gaming,Mid Budget,Cocok untuk gaming karena memiliki GPU yang cukup kuat; Memiliki storage yang mendukung workflow lebih cepat
Asus ROG Strix G15 Advantage Edition G513QY-HQ032WS Gaming Laptop,Asus,Ryzen 9 5900HX,16,1000,0,1000,SSD,12 GB AMD Radeon RX 6800M,Windows,15.6,2560 x 1440,139990,84,82,80,95,84.15,84.15,86.65,84.7,84.25,All-Rounder,High Budget,Cocok untuk penggunaan serbaguna karena kuat untuk gaming dan editing sekaligus; Cocok untuk programming dan multitasking; Cocok untuk AI ringan dan image processing; Memiliki storage yang mendukung workflow lebih cepat
Asus TUF Gaming F15 FX507ZM-HF068WS Laptop,Asus,12th Gen Core i7,16,1000,0,1000,SSD,6 GB NVIDIA GeForce RTX 3060,Windows,15.6,1920 x 1080,118990,81,78,80,95,81.6,82.1,85.35,82.8,82.0,All-Rounder,High Budget,Cocok untuk penggunaan serbaguna karena kuat untuk gaming dan editing sekaligus; Cocok untuk programming dan multitasking; Cocok untuk AI ringan dan image processing; Memiliki storage yang mendukung workflow lebih cepat
Infinix INBook X1 Slim Series XL21 Laptop,Infinix,10th Gen Core i3,8,256,0,256,SSD,Intel Integrated UHD Graphics,Windows,14.0,1920 x 1080,32990,48,25,55,65,41.25,46.55,53.4,47.4,45.05,Daily Use,Low Budget,"Cocok untuk penggunaan harian seperti browsing, mengetik, meeting online, dan tugas ringan"
Infinix INBook X1 Slim Series XL21 Laptop,Infinix,10th Gen Core i7,16,512,0,512,SSD,Intel Integrated UHD,Windows,14.0,1920 x 1080,51990,75,25,80,80,54.0,64.5,73.0,64.75,61.75,Daily Use,Low Budget,"Cocok untuk penggunaan harian seperti browsing, mengetik, meeting online, dan tugas ringan; Cocok untuk programming dan multitasking; Memiliki storage yang mendukung workflow lebih cepat"
Asus ZenBook Pro Duo 15 OLED 2021 UX582HM-H701WS Laptop,Asus,11th Gen Core i7,16,1000,0,1000,SSD,6 GB NVIDIA GeForce RTX 3060,Windows,15.6,3840 x 2160,200000,78,78,80,95,80.85,81.05,84.45,81.9,80.95,All-Rounder,High Budget,Cocok untuk penggunaan serbaguna karena kuat untuk gaming dan editing sekaligus; Cocok untuk programming dan multitasking; Memiliki storage yang mendukung workflow lebih cepat
Dell XPS 15 9520 Laptop,Dell,12th Gen Core i7 ,32,1000,0,1000,SSD,4 GB NVIDIA Geforce RTX 3050 Ti,Windows,15.6,3840 x 2160,245000,81,73,95,95,81.6,84.6,88.6,85.3,83.5,All-Rounder,High Budget,Cocok untuk penggunaan serbaguna karena kuat untuk gaming dan editing sekaligus; Cocok untuk programming dan multitasking; Cocok untuk AI ringan dan image processing; Memiliki storage yang mendukung workflow lebih cepat
Dell Vostro 3515 Laptop,Dell,Athlon 3050U,8,256,0,256,SSD,AMD Radeon Graphics,Windows,15.6,1366 x 768,35300,25,30,55,65,37.75,39.75,47.0,41.75,38.5,Daily Use,Low Budget,"Cocok untuk penggunaan harian seperti browsing, mengetik, meeting online, dan tugas ringan"
Lenovo ThinkBook 15 20VEA0YQIH Laptop,Lenovo,11th Gen Core i3,8,256,0,256,SSD,Intel UHD Graphics,Windows,15.6,1920 x 1080,37990,51,25,55,65,42.0,47.6,54.3,48.3,46.1,Daily Use,Low Budget,"Cocok untuk penggunaan harian seperti browsing, mengetik, meeting online, dan tugas ringan"
HP Omen 16-B1371TX Gaming Laptop,HP,12th Gen Core i7,16,1000,0,1000,SSD,8 GB NVIDIA GeForce RTX 3070Ti,Windows,16.1,2560 x 1440,176490,81,84,80,95,84.3,83.6,85.95,84.3,83.8,All-Rounder,High Budget,Cocok untuk penggunaan serbaguna karena kuat untuk gaming dan editing sekaligus; Cocok untuk programming dan multitasking; Cocok untuk AI ringan dan image processing; Memiliki storage yang mendukung workflow lebih cepat
Asus VivoBook 15 X512DA-BQ303WS Laptop,Asus,Ryzen 3 3250U,8,256,0,256,SSD,AMD Radeon AMD Radeon,Windows,15.6,1920 x 1080,33990,32,30,55,65,39.5,42.2,49.1,43.85,40.95,Daily Use,Low Budget,"Cocok untuk penggunaan harian seperti browsing, mengetik, meeting online, dan tugas ringan"
Dell Vostro 3515 Laptop,Dell,Ryzen 3 3250U,8,256,0,256,SSD,AMD Radeon Graphics,Windows,15.6,1920 x 1080,38890,32,30,55,65,39.5,42.2,49.1,43.85,40.95,Daily Use,Low Budget,"Cocok untuk penggunaan harian seperti browsing, mengetik, meeting online, dan tugas ringan"
Asus Strix G15 G513RM-HF274WS Gaming Laptop,Asus,Ryzen 7 6800H,16,1000,0,1000,SSD,6 GB NVIDIA GeForce RTX 3060,Windows,15.6,1920 x 1080,135960,82,78,80,95,81.85,82.45,85.65,83.1,82.35,All-Rounder,High Budget,Cocok untuk penggunaan serbaguna karena kuat untuk gaming dan editing sekaligus; Cocok untuk programming dan multitasking; Cocok untuk AI ringan dan image processing; Memiliki storage yang mendukung workflow lebih cepat
HP Omen 16-b1350TX Laptop,HP,12th Gen Core i7,16,1000,0,1000,SSD,4 GB NVIDIA GeForce RTX 3050,Windows,16.1,1920 x 1080,128999,81,70,80,95,78.0,80.1,84.55,80.8,79.6,All-Rounder,High Budget,Cocok untuk penggunaan serbaguna karena kuat untuk gaming dan editing sekaligus; Cocok untuk programming dan multitasking; Cocok untuk AI ringan dan image processing; Memiliki storage yang mendukung workflow lebih cepat
Asus TUF Gaming A17 FA777RC-HX027WS Laptop,Asus,Ryzen 7 6800H,16,512,0,512,SSD,4 GB NVIDIA GeForce RTX 3050,Windows,17.3,1920 x 1080,88990,82,70,80,80,76.0,78.2,79.6,78.1,77.7,All-Rounder,High Budget,Cocok untuk penggunaan serbaguna karena kuat untuk gaming dan editing sekaligus; Cocok untuk programming dan multitasking; Cocok untuk AI ringan dan image processing; Memiliki storage yang mendukung workflow lebih cepat
Lenovo ThinkBook 14 G2 20VDA0QMIH Laptop,Lenovo,11th Gen Core i3,8,512,0,512,SSD,Intel UHD Graphics,DOS,14.0,1920 x 1080,44799,51,25,55,80,44.25,49.85,59.55,51.3,48.35,Daily Use,Low Budget,"Cocok untuk penggunaan harian seperti browsing, mengetik, meeting online, dan tugas ringan; Memiliki storage yang mendukung workflow lebih cepat"
Asus Vivobook 15 Touch X515EA-EZ311WS Laptop,Asus,11th Gen Core i3,8,512,0,512,SSD,Intel Integrated UHD Graphics,Windows,15.6,1920 x 1080,39990,51,25,55,80,44.25,49.85,59.55,51.3,48.35,Daily Use,Low Budget,"Cocok untuk penggunaan harian seperti browsing, mengetik, meeting online, dan tugas ringan; Memiliki storage yang mendukung workflow lebih cepat"
Asus Vivobook 15 Touch X515EA-EZ501WS Laptop,Asus,11th Gen Core i5,8,512,0,512,SSD,Intel Integrated Iris Xe,Windows,15.6,1920 x 1080,51990,68,42,55,80,56.15,60.05,66.35,60.65,59.4,Daily Use,Low Budget,"Cocok untuk penggunaan harian seperti browsing, mengetik, meeting online, dan tugas ringan; Memiliki storage yang mendukung workflow lebih cepat"
Asus TUF Gaming F17 FX777ZC-HX069W Gaming Laptop,Asus,12th Gen Core i5,16,512,0,512,SSD,4 GB NVIDIA GeForce RTX 3050,Windows,17.3,1920 x 1080,94990,71,70,80,80,73.25,74.35,76.3,74.8,73.85,Gaming,High Budget,Cocok untuk gaming karena memiliki GPU yang cukup kuat; Memiliki storage yang mendukung workflow lebih cepat
Lenovo ThinkBook 15 21A4A09RIH Laptop,Lenovo,AMD Ryzen 5 5500U,16,512,0,512,SSD,AMD Radeon,Windows,15.6,1920 x 1080,48790,62,30,80,80,53.0,61.2,69.6,62.1,58.7,Daily Use,Low Budget,"Cocok untuk penggunaan harian seperti browsing, mengetik, meeting online, dan tugas ringan; Memiliki storage yang mendukung workflow lebih cepat"
Asus TUF A17 FA766IC-HX005W Gaming Laptop,Asus,Ryzen 7 4800H,16,512,0,512,SSD,4 GB NVIDIA GeForce RTX 3050,Windows,17.3,1920 x 1080,84990,72,70,80,80,73.5,74.7,76.6,75.1,74.2,Gaming,Mid Budget,Cocok untuk gaming karena memiliki GPU yang cukup kuat; Memiliki storage yang mendukung workflow lebih cepat
MSI Thin GF63 11UC-850IN Gaming Laptop,MSI,11th Gen Core i7,8,512,0,512,SSD,4 GB NVIDIA Geforce RTX 3050,Windows,15.6,1920 x 1080,72985,78,70,55,80,71.25,70.55,72.15,70.65,71.3,Gaming,Mid Budget,Cocok untuk gaming karena memiliki GPU yang cukup kuat; Memiliki storage yang mendukung workflow lebih cepat
MSI Sword 15 A12UC-467IN Gaming Laptop,MSI,12th Gen Core i5,16,1000,0,1000,SSD,4 GB NVIDIA GeForce RTX RTX3050,Windows,15.6,1920 x 1080,89544,71,70,80,95,75.5,76.6,81.55,77.8,76.1,Gaming,High Budget,Cocok untuk gaming karena memiliki GPU yang cukup kuat; Memiliki storage yang mendukung workflow lebih cepat
MSI Thin GF63 11UC-851IN Gaming Laptop,MSI,11th Gen Core i5,8,512,0,512,SSD,4 GB NVIDIA Geforce RTX 3050,Windows,15.6,1920 x 1080,63800,68,70,55,80,68.75,67.05,69.15,67.65,67.8,Gaming,Mid Budget,Cocok untuk gaming karena memiliki GPU yang cukup kuat; Memiliki storage yang mendukung workflow lebih cepat
Apple MacBook Pro 2022 Laptop,Apple,Apple M2,8,256,0,256,SSD,10 Core GPU,Mac,13.3,2560 x 1600,121990,85,35,55,65,55.0,62.0,65.5,61.0,61.0,Daily Use,High Budget,"Cocok untuk penggunaan harian seperti browsing, mengetik, meeting online, dan tugas ringan"
HP Pavilion 15s-fy5001TU Laptop,HP,12th Gen Core i5,8,512,0,512,SSD,Intel Integrated Iris Xe Graphics,Windows,15.6,1920 x 1080,61000,71,42,55,80,56.9,61.1,67.25,61.55,60.45,Daily Use,Mid Budget,"Cocok untuk penggunaan harian seperti browsing, mengetik, meeting online, dan tugas ringan; Memiliki storage yang mendukung workflow lebih cepat"
Lenovo IdeaPad Gaming 3 15IHU6 82K101A3IN Laptop,Lenovo,11th Gen Core i5,16,512,0,512,SSD,4 GB NVIDIA GeForce RTX 3050 Graphics,Windows,15.6,1920 x 1080,68990,68,70,80,80,72.5,73.3,75.4,73.9,72.8,Gaming,Mid Budget,Cocok untuk gaming karena memiliki GPU yang cukup kuat; Memiliki storage yang mendukung workflow lebih cepat
HP Victus 16-d0354TX Laptop,HP,11th Gen Core i5,8,512,0,512,SSD,4 GB NVIDIA GeForce RTX 3050,Windows,16.1,1920 x 1080,67990,68,70,55,80,68.75,67.05,69.15,67.65,67.8,Gaming,Mid Budget,Cocok untuk gaming karena memiliki GPU yang cukup kuat; Memiliki storage yang mendukung workflow lebih cepat
Asus TUF Gaming A15 FA506IC-HN100W Laptop,Asus,Ryzen 7 4800H,8,1000,0,1000,SSD,4 GB NVIDIA GeForce RTX3050,Windows,15.6,1080 x 1920,85990,72,70,55,95,72.0,70.7,75.6,71.85,71.45,Gaming,Mid Budget,Cocok untuk gaming karena memiliki GPU yang cukup kuat; Memiliki storage yang mendukung workflow lebih cepat
Lenovo ThinkBook 15 20VEA0YPIH Laptop,Lenovo,11th Gen Core i3,8,512,0,512,SSD,Intel Integrated Graphics,Windows,15.6,1920 x 1080,41999,51,25,55,80,44.25,49.85,59.55,51.3,48.35,Daily Use,Low Budget,"Cocok untuk penggunaan harian seperti browsing, mengetik, meeting online, dan tugas ringan; Memiliki storage yang mendukung workflow lebih cepat"
Asus TUF Gaming F15 FX577ZE-HN072WS Laptop,Asus,12th Gen Core i7,16,1000,0,1000,SSD,4 GB ‎NVIDIA GeForce RTX 3050 Ti,Windows,15.6,1920 x 1080,107498,81,73,80,95,79.35,80.85,84.85,81.55,80.5,All-Rounder,High Budget,Cocok untuk penggunaan serbaguna karena kuat untuk gaming dan editing sekaligus; Cocok untuk programming dan multitasking; Cocok untuk AI ringan dan image processing; Memiliki storage yang mendukung workflow lebih cepat
HP Victus 16-d0361TX Laptop,HP,11th Gen Core i7,16,512,0,512,SSD,6 GB NVIDIA GeForce RTX RTX 3060,Windows,16.1,1920 x 1080,104000,78,78,80,80,78.6,78.8,79.2,78.9,78.7,All-Rounder,High Budget,Cocok untuk penggunaan serbaguna karena kuat untuk gaming dan editing sekaligus; Cocok untuk programming dan multitasking; Memiliki storage yang mendukung workflow lebih cepat
Dell Inspiron 7425 Laptop,Dell,AMD Ryzen 5 5625U,8,512,0,512,SSD,AMD Radeon,Windows,14.0,1920 x 1200,78203,66,30,55,80,50.25,56.35,64.55,57.05,55.1,Daily Use,Mid Budget,"Cocok untuk penggunaan harian seperti browsing, mengetik, meeting online, dan tugas ringan; Memiliki storage yang mendukung workflow lebih cepat"
Acer Predator Helios 300 NH.QC2SI.00B Laptop,Acer,11th Gen Core i9,16,1000,0,1000,SSD,6 GB NVIDIA GeForce RTX 3060,Windows,15.6,2560 x 1440,119990,92,78,80,95,84.35,85.95,88.65,86.1,85.85,All-Rounder,High Budget,Cocok untuk penggunaan serbaguna karena kuat untuk gaming dan editing sekaligus; Cocok untuk programming dan multitasking; Cocok untuk AI ringan dan image processing; Memiliki storage yang mendukung workflow lebih cepat
Dell Inspiron 7425 Laptop,Dell,AMD Ryzen 7 5825U,16,512,0,512,SSD,AMD Radeon,Windows,14.0,1920 x 1200,89990,72,30,80,80,55.5,64.7,72.6,65.1,62.2,Daily Use,High Budget,"Cocok untuk penggunaan harian seperti browsing, mengetik, meeting online, dan tugas ringan; Memiliki storage yang mendukung workflow lebih cepat"
Asus ROG Strix G17 G713RM-LL167WS Gaming Laptop,Asus,AMD Ryzen 7 6800H,16,1000,0,1000,SSD,6 GB NVIDIA GeForce RTX 3060,Windows,17.3,2560 x 1440,134990,82,78,80,95,81.85,82.45,85.65,83.1,82.35,All-Rounder,High Budget,Cocok untuk penggunaan serbaguna karena kuat untuk gaming dan editing sekaligus; Cocok untuk programming dan multitasking; Cocok untuk AI ringan dan image processing; Memiliki storage yang mendukung workflow lebih cepat
Samsung Galaxy Book2 15 Laptop,Samsung,12th Gen Core i5,8,256,0,256,SSD,Intel Iris Xe Graphics,Windows,15.6,1920 x 1080,59990,71,42,55,65,54.65,58.85,62.0,58.55,58.2,Daily Use,Mid Budget,"Cocok untuk penggunaan harian seperti browsing, mengetik, meeting online, dan tugas ringan"
HP Pavilion 14-dv2016TU Laptop,HP,12th Gen Core i5,16,512,0,512,SSD,Intel Iris Xᵉ Graphics,Windows,14.0,1920 x 1080,69900,71,42,80,80,60.65,67.35,73.5,67.8,65.45,Editing,Mid Budget,"Cocok untuk editing karena memiliki CPU, RAM, dan storage yang mendukung; Memiliki storage yang mendukung workflow lebih cepat"
HP Envy x360 13-ay1059AU Laptop,HP,Ryzen 5 5600U,8,512,0,512,SSD,AMD Raedon Graphics,Windows,13.3,1920 x 1080,77990,64,35,55,80,52.0,56.9,64.45,57.7,55.9,Daily Use,Mid Budget,"Cocok untuk penggunaan harian seperti browsing, mengetik, meeting online, dan tugas ringan; Memiliki storage yang mendukung workflow lebih cepat"
HP Pavilion Gaming 15-DK1520TX Laptop,HP,10th Gen Core i5,8,512,0,512,SSD,4 GB NVIDIA GeForce GTX 1650,Windows,15.6,1920 x 1080,60990,65,58,55,80,62.6,63.0,67.05,63.75,63.15,Gaming,Mid Budget,Cocok untuk gaming karena memiliki GPU yang cukup kuat; Memiliki storage yang mendukung workflow lebih cepat
Lenovo IdeaPad Gaming 3 82K10199IN Laptop,Lenovo,11th Gen Core i5,8,512,0,512,SSD,4 GB NVIDIA GeForce RTX 3050,Windows,15.6,1920 x 1080,67000,68,70,55,80,68.75,67.05,69.15,67.65,67.8,Gaming,Mid Budget,Cocok untuk gaming karena memiliki GPU yang cukup kuat; Memiliki storage yang mendukung workflow lebih cepat
HP Pavilion 14-dv2019TU Laptop,HP,12th Gen Core i5,8,512,0,512,SSD,Intel Integrated Intel Iris Xe Graphics,Windows,14.0,1920 x 1080,62999,71,42,55,80,56.9,61.1,67.25,61.55,60.45,Daily Use,Mid Budget,"Cocok untuk penggunaan harian seperti browsing, mengetik, meeting online, dan tugas ringan; Memiliki storage yang mendukung workflow lebih cepat"
Asus VivoBook 15 M515DA-BQ332WS Laptop,Asus,Ryzen 3 3250U,8,512,0,512,SSD,AMD Radeon AMD Radeon,Windows,15.6,1920 x 1080,34990,32,30,55,80,41.75,44.45,54.35,46.85,43.2,Daily Use,Low Budget,"Cocok untuk penggunaan harian seperti browsing, mengetik, meeting online, dan tugas ringan; Memiliki storage yang mendukung workflow lebih cepat"
Dell Inspiron 15 3511 Laptop,Dell,11th Gen Core i5,8,512,0,512,SSD,Intel Integrated UHD Graphics,Windows,15.6,1920 x 1080,52890,68,25,55,80,48.5,55.8,64.65,56.4,54.3,Daily Use,Low Budget,"Cocok untuk penggunaan harian seperti browsing, mengetik, meeting online, dan tugas ringan; Memiliki storage yang mendukung workflow lebih cepat"
Samsung Galaxy Book2 15 Laptop,Samsung,12th Gen Core i5,16,512,0,512,SSD,Intel Integrated Iris Xe,Windows,15.6,1920 x 1080,69990,71,42,80,80,60.65,67.35,73.5,67.8,65.45,Editing,Mid Budget,"Cocok untuk editing karena memiliki CPU, RAM, dan storage yang mendukung; Memiliki storage yang mendukung workflow lebih cepat"
Asus Strix G15 G513RM-HF272WS Gaming Laptop,Asus,Ryzen 7 6800H,16,1000,0,1000,SSD,6 GB NVIDIA GeForce RTX 3060,Windows,15.6,1920 x 1080,129990,82,78,80,95,81.85,82.45,85.65,83.1,82.35,All-Rounder,High Budget,Cocok untuk penggunaan serbaguna karena kuat untuk gaming dan editing sekaligus; Cocok untuk programming dan multitasking; Cocok untuk AI ringan dan image processing; Memiliki storage yang mendukung workflow lebih cepat
Asus X515EA-BQ522WS Laptop,Asus,11th Gen Core i5,8,512,0,512,SSD,Intel Integrated Iris Xe,Windows,15.6,1920 x 1080,53500,68,42,55,80,56.15,60.05,66.35,60.65,59.4,Daily Use,Low Budget,"Cocok untuk penggunaan harian seperti browsing, mengetik, meeting online, dan tugas ringan; Memiliki storage yang mendukung workflow lebih cepat"
Dell G15-5520 D560737WIN9B Laptop,Dell,12th Gen Core i7,16,512,0,512,SSD,6 GB NVIDIA GeForce RTX 3060,Windows,15.6,1920 x 1080,125990,81,78,80,80,79.35,79.85,80.1,79.8,79.75,All-Rounder,High Budget,Cocok untuk penggunaan serbaguna karena kuat untuk gaming dan editing sekaligus; Cocok untuk programming dan multitasking; Cocok untuk AI ringan dan image processing; Memiliki storage yang mendukung workflow lebih cepat
Lenovo IdeaPad Gaming 3 81Y401ARIN Gaming Laptop,Lenovo,10th Gen Core i5,8,512,0,512,SSD,4 GB NVIDIA GeForce GTX 1650,Windows,15.6,1920 x 1080,63990,65,58,55,80,62.6,63.0,67.05,63.75,63.15,Gaming,Mid Budget,Cocok untuk gaming karena memiliki GPU yang cukup kuat; Memiliki storage yang mendukung workflow lebih cepat
Lenovo IdeaPad Flex 5 82HU00PPIN Laptop,Lenovo,Ryzen 5 5500U,8,512,0,512,SSD,AMD Radeon,Windows,14.0,1920 x 1080,57990,62,30,55,80,49.25,54.95,63.35,55.85,53.7,Daily Use,Mid Budget,"Cocok untuk penggunaan harian seperti browsing, mengetik, meeting online, dan tugas ringan; Memiliki storage yang mendukung workflow lebih cepat"
Dell Inspiron G15 D560826WIN9G Laptop,Dell,11th Gen Core i5,16,512,0,512,SSD,4 GB NVIDIA GeForce RTX 3050,Windows,15.6,1920 x 1080,101639,68,70,80,80,72.5,73.3,75.4,73.9,72.8,Gaming,High Budget,Cocok untuk gaming karena memiliki GPU yang cukup kuat; Memiliki storage yang mendukung workflow lebih cepat
Dell Vostro 3405 Laptop,Dell,Ryzen 3-3250U,8,512,0,512,SSD,AMD Radeon,Windows,14.0,1920 x 1080,38990,32,30,55,80,41.75,44.45,54.35,46.85,43.2,Daily Use,Low Budget,"Cocok untuk penggunaan harian seperti browsing, mengetik, meeting online, dan tugas ringan; Memiliki storage yang mendukung workflow lebih cepat"
Dell Inspiron 5518 Laptop,Dell,11th Gen Core i5,8,512,0,512,SSD,2 GB NVIDIA GeForce MX450,Windows,15.6,1920 x 1080,65490,68,44,55,80,57.05,60.55,66.55,61.15,60.0,Daily Use,Mid Budget,"Cocok untuk penggunaan harian seperti browsing, mengetik, meeting online, dan tugas ringan; Memiliki storage yang mendukung workflow lebih cepat"
Lenovo IdeaPad 5 Pro 14ITL6 82L300CAIN Laptop,Lenovo,11th Gen Core i7,16,512,0,512,SSD,Intel Integrated,Windows,14.0,2304 x 1400,77490,78,25,80,80,54.75,65.55,73.9,65.65,62.8,Daily Use,Mid Budget,"Cocok untuk penggunaan harian seperti browsing, mengetik, meeting online, dan tugas ringan; Cocok untuk programming dan multitasking; Memiliki storage yang mendukung workflow lebih cepat"
Dell Inspiron G15 D560827WIN9G Laptop,Dell,11th Gen Core i5,8,512,0,512,SSD,4 GB NVIDIA GeForce RTX 3050,Windows,15.6,1920 x 1080,66599,68,70,55,80,68.75,67.05,69.15,67.65,67.8,Gaming,Mid Budget,Cocok untuk gaming karena memiliki GPU yang cukup kuat; Memiliki storage yang mendukung workflow lebih cepat
Asus Vivobook S15 OLED K3502ZA-L701WS Laptop,Asus,12th Gen Core i7,16,512,0,512,SSD,Intel Iris XE Graphics,Windows,15.6,1920 x 1080,84700,81,42,80,80,63.15,70.85,76.5,70.8,68.95,Editing,Mid Budget,"Cocok untuk editing karena memiliki CPU, RAM, dan storage yang mendukung; Cocok untuk programming dan multitasking; Memiliki storage yang mendukung workflow lebih cepat"
Lenovo IdeaPad 3 15IML05 81WB01EBIN Laptop,Lenovo,10th Gen Core i3,8,512,0,512,SSD,Intel Integrated,Windows,15.6,1920 x 1080,37990,48,25,55,80,43.5,48.8,58.65,50.4,47.3,Daily Use,Low Budget,"Cocok untuk penggunaan harian seperti browsing, mengetik, meeting online, dan tugas ringan; Memiliki storage yang mendukung workflow lebih cepat"
Acer Aspire 3 A314-35 UN.K0SSI.011 Laptop,Acer,Celeron N4500,4,256,0,256,SSD,Intel UHD,Windows,14.0,1366 x 768,26600,25,25,30,65,31.75,32.25,40.25,34.25,32.0,Daily Use,Low Budget,"Cocok untuk penggunaan harian seperti browsing, mengetik, meeting online, dan tugas ringan"
Lenovo IdeaPad 3 15IGL05 81WQ00MQIN Laptop,Lenovo,Celeron N4020,8,256,0,256,SSD,Intel Integrated UHD 600,Windows,15.6,1366 x 768,27000,22,25,55,65,34.75,37.45,45.6,39.6,35.95,Daily Use,Low Budget,"Cocok untuk penggunaan harian seperti browsing, mengetik, meeting online, dan tugas ringan"
Lenovo IdeaPad 3 15ITL05 81X800K9IN Laptop,Lenovo,11th Gen Core i5,8,512,0,512,SSD,Intel Iris Xe Graphics,Windows,15.6,1920 x 1080,60494,68,42,55,80,56.15,60.05,66.35,60.65,59.4,Daily Use,Mid Budget,"Cocok untuk penggunaan harian seperti browsing, mengetik, meeting online, dan tugas ringan; Memiliki storage yang mendukung workflow lebih cepat"
Lenovo IdeaPad 3 15ITL6 82H802L0IN Laptop,Lenovo,11th Gen Core i3,8,512,0,512,SSD,Intel Integrated UHD,Windows,15.6,1920 x 1080,39994,51,25,55,80,44.25,49.85,59.55,51.3,48.35,Daily Use,Low Budget,"Cocok untuk penggunaan harian seperti browsing, mengetik, meeting online, dan tugas ringan; Memiliki storage yang mendukung workflow lebih cepat"
Dell Inspiron 5310 Laptop,Dell,11th Gen Core i5,16,512,0,512,SSD,2 GB NVIDIA GeForce MX450,Windows,13.3,2560 x 1600,72620,68,44,80,80,60.8,66.8,72.8,67.4,65.0,Editing,Mid Budget,"Cocok untuk editing karena memiliki CPU, RAM, dan storage yang mendukung; Memiliki storage yang mendukung workflow lebih cepat"
Asus Vivobook S14 OLED S3402ZA-KM701WS Laptop,Asus,12th Gen Core i7,16,512,0,512,SSD,Intel Iris Xe Graphics,Windows,14.0,2880 x 1800,81990,81,42,80,80,63.15,70.85,76.5,70.8,68.95,Editing,Mid Budget,"Cocok untuk editing karena memiliki CPU, RAM, dan storage yang mendukung; Cocok untuk programming dan multitasking; Memiliki storage yang mendukung workflow lebih cepat"
Asus Zenbook 14X OLED Space Edition UX5401ZAS-KN711WS Laptop,Asus,12th Gen Core i7,16,1000,0,1000,SSD,Intel Iris Xe,Windows,14.0,2880 x 1800,116990,81,42,80,95,65.4,73.1,81.75,73.8,71.2,Editing,High Budget,"Cocok untuk editing karena memiliki CPU, RAM, dan storage yang mendukung; Cocok untuk programming dan multitasking; Memiliki storage yang mendukung workflow lebih cepat"
Asus Vivobook 14 OLED UX3402ZA-KM531WS Laptop,Asus,12th Gen Core i5,16,512,0,512,SSD,Intel Iris Xe,Windows,14.0,2880 x 1800,85990,71,42,80,80,60.65,67.35,73.5,67.8,65.45,Editing,Mid Budget,"Cocok untuk editing karena memiliki CPU, RAM, dan storage yang mendukung; Memiliki storage yang mendukung workflow lebih cepat"
Lenovo IdeaPad Slim 3 81X800J1IN Laptop,Lenovo,11th Gen Core i5,8,512,0,512,SSD,Intel Integrated,Windows,15.6,1920 x 1080,53100,68,25,55,80,48.5,55.8,64.65,56.4,54.3,Daily Use,Low Budget,"Cocok untuk penggunaan harian seperti browsing, mengetik, meeting online, dan tugas ringan; Memiliki storage yang mendukung workflow lebih cepat"
Asus Zenbook Space Edition UX5401ZAS-KN521WS Laptop,Asus,12th Gen Core i5,16,512,0,512,SSD,Intel Integrated Iris Xe,Windows,14.0,2880 x 1800,104390,71,42,80,80,60.65,67.35,73.5,67.8,65.45,Editing,High Budget,"Cocok untuk editing karena memiliki CPU, RAM, dan storage yang mendukung; Memiliki storage yang mendukung workflow lebih cepat"
Asus Zenbook 14X OLED Space Edition UX5401ZAS-KN901WS Laptop,Asus,12th Gen Core i9,32,1000,0,1000,SSD,Intel Iris X Graphics,Windows,14.0,2880 x 1800,159990,95,42,95,95,71.15,81.75,89.7,81.75,79.1,Editing,High Budget,"Cocok untuk editing karena memiliki CPU, RAM, dan storage yang mendukung; Cocok untuk programming dan multitasking; Memiliki storage yang mendukung workflow lebih cepat"
Lenovo ThinkBook 14 20VDA0TLIH Laptop,Lenovo,11th Gen Core i5,16,512,0,512,SSD,Intel Iris Xe Graphics,Windows,14.0,1920 x 1080,69490,68,42,80,80,59.9,66.3,72.6,66.9,64.4,Editing,Mid Budget,"Cocok untuk editing karena memiliki CPU, RAM, dan storage yang mendukung; Memiliki storage yang mendukung workflow lebih cepat"
Acer Aspire 3 A315-58 Laptop,Acer,11th Gen Core i5,8,0,1000,1000,HDD,Intel Integrated UHD,Windows,15.6,1920 x 1080,62999,68,25,55,70,47.0,54.3,61.15,54.4,52.8,Daily Use,Mid Budget,"Cocok untuk penggunaan harian seperti browsing, mengetik, meeting online, dan tugas ringan"
Asus TUF Gaming A15 FA506IC-HN075W Laptop,Asus,Ryzen 7 4800H,16,512,0,512,SSD,4 GB NVIDIA GeForce RTX3050,Windows,15.6,1080 x 1920,80990,72,70,80,80,73.5,74.7,76.6,75.1,74.2,Gaming,Mid Budget,Cocok untuk gaming karena memiliki GPU yang cukup kuat; Memiliki storage yang mendukung workflow lebih cepat
Acer Extensa EX215-31 Laptop,Acer,Intel Pentium N5030,4,256,0,256,SSD,Intel Integrated UHD 605,Windows,15.6,1366 x 768,23899,27,20,30,65,30.0,31.7,40.35,33.6,31.2,Daily Use,Low Budget,"Cocok untuk penggunaan harian seperti browsing, mengetik, meeting online, dan tugas ringan"
Fujitsu CH 4ZR1H03553 Laptop,Fujitsu,11th Gen Core i5,16,512,0,512,SSD,Intel Iris Xe Graphics,Windows,13.3,1920 x 1080,54990,68,42,80,80,59.9,66.3,72.6,66.9,64.4,Editing,Low Budget,"Cocok untuk editing karena memiliki CPU, RAM, dan storage yang mendukung; Memiliki storage yang mendukung workflow lebih cepat"
Lenovo V15 82KB0003GE Laptop,Lenovo,11th Gen Core i3,8,256,0,256,SSD,Missing,Windows,,,32499,51,35,55,65,46.5,50.1,55.3,50.8,49.1,Daily Use,Low Budget,"Cocok untuk penggunaan harian seperti browsing, mengetik, meeting online, dan tugas ringan"
Lenovo Thinkpad P15v 21AAS0R100 Laptop,Lenovo,11th Gen Core i7,16,1000,0,1000,SSD,4 GB Nvidia Quadro T600,Windows,15.6,1920 x 1080,146500,78,35,80,95,61.5,70.3,80.15,71.15,68.05,Editing,High Budget,"Cocok untuk editing karena memiliki CPU, RAM, dan storage yang mendukung; Cocok untuk programming dan multitasking; Memiliki storage yang mendukung workflow lebih cepat"
Asus VivoBook 15 X515JA-BQ521WS Laptop,Asus,10th Gen Core i5,8,512,0,512,SSD,Intel Integrated UHD,Windows,15.6,1920 x 1080,42990,65,25,55,80,47.75,54.75,63.75,55.5,53.25,Daily Use,Low Budget,"Cocok untuk penggunaan harian seperti browsing, mengetik, meeting online, dan tugas ringan; Memiliki storage yang mendukung workflow lebih cepat"
Fujitsu UH-X 4ZR1F38027 Laptop,Fujitsu,11th Gen Core i7,16,1000,0,1000,SSD,Intel Iris Xe Graphics,Windows,13.3,1920 x 1080,99990,78,42,80,95,64.65,72.05,80.85,72.9,70.15,Editing,High Budget,"Cocok untuk editing karena memiliki CPU, RAM, dan storage yang mendukung; Cocok untuk programming dan multitasking; Memiliki storage yang mendukung workflow lebih cepat"
Lenovo IdeaPad Slim 3 81WE01QLIN Laptop,Lenovo,10th Gen Core i3,8,512,0,512,SSD,Intel UHD Graphics,Windows,14.0,1920 x 1080,37490,48,25,55,80,43.5,48.8,58.65,50.4,47.3,Daily Use,Low Budget,"Cocok untuk penggunaan harian seperti browsing, mengetik, meeting online, dan tugas ringan; Memiliki storage yang mendukung workflow lebih cepat"
Asus K413EA-EB522WS Laptop,Asus,11th Gen Core i5,16,512,0,512,SSD,Intel Integrated Iris Xe,Windows,14.0,1920 x 1080,56990,68,42,80,80,59.9,66.3,72.6,66.9,64.4,Editing,Mid Budget,"Cocok untuk editing karena memiliki CPU, RAM, dan storage yang mendukung; Memiliki storage yang mendukung workflow lebih cepat"
HP Victus 16-e0361ax Gaming Laptop,HP,Ryzen 7 5800H,16,512,0,512,SSD,6 GB NVIDIA GeForce RTX 3060,Windows,16.1,1920 x 1080,104490,78,78,80,80,78.6,78.8,79.2,78.9,78.7,All-Rounder,High Budget,Cocok untuk penggunaan serbaguna karena kuat untuk gaming dan editing sekaligus; Cocok untuk programming dan multitasking; Memiliki storage yang mendukung workflow lebih cepat
Asus Vivobook Pro 14 OLED 2021 M3401QC-KM045WS Laptop,Asus,Ryzen 7-5800H,16,512,0,512,SSD,4 GB NVIDIA GeForce RTX RTX 3050,Windows,14.0,2880 x 1800,87500,78,70,80,80,75.0,76.8,78.4,76.9,76.3,All-Rounder,High Budget,Cocok untuk penggunaan serbaguna karena kuat untuk gaming dan editing sekaligus; Cocok untuk programming dan multitasking; Memiliki storage yang mendukung workflow lebih cepat
HP Pavilion 14-EC1019AU Laptop,HP,Ryzen 5 5625U,16,512,0,512,SSD,AMD Radeon AMD,Windows,14.0,1920 x 1080,61990,66,30,80,80,54.0,62.6,70.8,63.3,60.1,Daily Use,Mid Budget,"Cocok untuk penggunaan harian seperti browsing, mengetik, meeting online, dan tugas ringan; Memiliki storage yang mendukung workflow lebih cepat"
Asus TUF A15 OLED FA507RM-HF030WS Laptop,Asus,Ryzen 7 6800H,16,1000,0,1000,SSD,6 GB NVIDIA GeForce RTX 3060,Windows,15.6,1920 x 1080,114600,82,78,80,95,81.85,82.45,85.65,83.1,82.35,All-Rounder,High Budget,Cocok untuk penggunaan serbaguna karena kuat untuk gaming dan editing sekaligus; Cocok untuk programming dan multitasking; Cocok untuk AI ringan dan image processing; Memiliki storage yang mendukung workflow lebih cepat
Asus VivoBook 14 X415JA-EB501WS Laptop,Asus,10th Gen Core i5,8,0,1000,1000,HDD,Intel UHD Graphics,Windows,14.0,1920 x 1080,41990,65,25,55,70,46.25,53.25,60.25,53.5,51.75,Daily Use,Low Budget,"Cocok untuk penggunaan harian seperti browsing, mengetik, meeting online, dan tugas ringan"
Asus VivoBook 14 2021 X415MA-BV011W Laptop,Asus,Celeron N4020,4,256,0,256,SSD,Missing,Windows,14.0,1366 x 768,23990,22,35,30,65,35.5,33.7,40.35,35.85,33.95,Daily Use,Low Budget,"Cocok untuk penggunaan harian seperti browsing, mengetik, meeting online, dan tugas ringan"
HP Pavilion 14-EC1008AU Laptop,HP,Ryzen 7 5825U,16,512,0,512,SSD,AMD Radeon AMD,Windows,14.0,1920 x 1080,78889,72,30,80,80,55.5,64.7,72.6,65.1,62.2,Daily Use,Mid Budget,"Cocok untuk penggunaan harian seperti browsing, mengetik, meeting online, dan tugas ringan; Memiliki storage yang mendukung workflow lebih cepat"
HP 15s-du3519TX Laptop,HP,11th Gen Core i5,8,512,0,512,SSD,2 GB NVIDIA GeForce MX450,Windows,15.6,1920 x 1080,58990,68,44,55,80,57.05,60.55,66.55,61.15,60.0,Daily Use,Mid Budget,"Cocok untuk penggunaan harian seperti browsing, mengetik, meeting online, dan tugas ringan; Memiliki storage yang mendukung workflow lebih cepat"
Asus Strix G15 G513RM-HQ273WS Gaming Laptop,Asus,Ryzen 7 6800H,16,1000,0,1000,SSD,6 GB NVIDIA GeForce RTX 3060,Windows,15.6,1920 x 1080,134490,82,78,80,95,81.85,82.45,85.65,83.1,82.35,All-Rounder,High Budget,Cocok untuk penggunaan serbaguna karena kuat untuk gaming dan editing sekaligus; Cocok untuk programming dan multitasking; Cocok untuk AI ringan dan image processing; Memiliki storage yang mendukung workflow lebih cepat
Asus BR1100CKA-GJ0722W Notebook,Asus,Celeron N4500,4,128,0,128,SSD,Missing,Windows,11.6,1366 x 768,22990,25,35,30,50,34.0,32.5,36.0,33.75,32.75,Daily Use,Low Budget,"Cocok untuk penggunaan harian seperti browsing, mengetik, meeting online, dan tugas ringan"
Fujitsu UH-X 4ZR1F38024 Laptop,Fujitsu,11th Gen Core i7,16,512,0,512,SSD,Intel Iris Xe Graphics,Windows,13.3,1920 x 1080,84990,78,42,80,80,62.4,69.8,75.6,69.9,67.9,Editing,Mid Budget,"Cocok untuk editing karena memiliki CPU, RAM, dan storage yang mendukung; Cocok untuk programming dan multitasking; Memiliki storage yang mendukung workflow lebih cepat"
Asus BR1100CKA-GJ0722W Laptop,Asus,Celeron N4500,4,128,0,128,SSD,Intel UHD Graphics,Windows,11.6,1366 x 768,22990,25,25,30,50,29.5,30.0,35.0,31.25,29.75,Daily Use,Low Budget,"Cocok untuk penggunaan harian seperti browsing, mengetik, meeting online, dan tugas ringan"
Lenovo Yoga 6 13ALC6 82ND00DPIN Laptop,Lenovo,Ryzen 7 5700U,16,1000,0,1000,SSD,AMD Radeon AMD,Windows,13.3,1920 x 1080,92999,68,30,80,95,56.75,65.55,76.65,66.9,63.05,Daily Use,High Budget,"Cocok untuk penggunaan harian seperti browsing, mengetik, meeting online, dan tugas ringan; Memiliki storage yang mendukung workflow lebih cepat"
Asus BR1100FKA-BP1104W Laptop,Asus,Celeron N4500,4,128,0,128,SSD,Intel Integrated UHD Graphics,Windows,11.6,1366 x 768,29990,25,25,30,50,29.5,30.0,35.0,31.25,29.75,Daily Use,Low Budget,"Cocok untuk penggunaan harian seperti browsing, mengetik, meeting online, dan tugas ringan"
Asus ROG Strix Scar 17 G733ZW-LL139WS Gaming Laptop,Asus,12th Gen Core i9,32,1000,0,1000,SSD,8 GB NVIDIA GeForce RTX 3070 Ti,Windows,17.3,2560 x 1440,249990,95,86,95,95,90.95,92.75,94.1,92.75,92.3,All-Rounder,High Budget,Cocok untuk penggunaan serbaguna karena kuat untuk gaming dan editing sekaligus; Cocok untuk programming dan multitasking; Cocok untuk AI ringan dan image processing; Memiliki storage yang mendukung workflow lebih cepat
